,race,season,driver,team,lap_time,sector_1_time,sector_2_time,sector_3_time,tyre_compound,tyre_age,mean_speed,max_speed,speed_std,mean_rpm,max_rpm,rpm_std,mean_throttle,mean_gear,speed_curvature_corr,mean_curvature,max_curvature,rpm_speed_corr,throttle_speed_corr,fastest_lap,air_temp_mean,air_temp_max,air_temp_min,track_temp_mean,track_temp_max,track_temp_min,session,top10
0,FORMULA 1 QATAR AIRWAYS AUSTRALIAN GRAND PRIX 2026,2026,1,McLaren,2475.818,29.862,18.361,36.168,MEDIUM,6.0,223.28396937374578,304.0,59.236610576445706,11083.112126620572,12577.0,640.6527874601135,66.82585293333815,5.685624012638231,-0.3854206730987883,0.0008419009962506416,0.019062455394555634,0.25318186630653833,0.5851594588369688,4472.18,20.763414634146336,21.3,20.1,35.30731707317073,38.0,32.4,FP1,1.0
1,FORMULA 1 QATAR AIRWAYS AUSTRALIAN GRAND PRIX 2026,2026,3,Red Bull Racing,3379.982,28.362,17.673000000000002,34.754,SOFT,5.0,231.43670701627553,325.0,62.86801010800229,10964.716882631225,12245.0,687.3313536944806,71.70717400766694,5.734860883797054,0.019476196234544583,0.0028171476103063787,1.20966360689056,0.30045677580847363,0.6018697324406901,4472.18,20.763414634146336,21.3,20.1,35.30731707317073,38.0,32.4,FP1,1.0
2,FORMULA 1 QATAR AIRWAYS AUSTRALIAN GRAND PRIX 2026,2026,5,Audi,3622.15,28.432,17.955,35.309,SOFT,4.0,0.0,0.0,0.0,0.0,0.0,0.0,0.0,0.0,,0.01804565936199153,10.060257065580176,,,4472.18,20.763414634146336,21.3,20.1,35.30731707317073,38.0,32.4,FP1,1.0
3,FORMULA 1 QATAR AIRWAYS AUSTRALIAN GRAND PRIX 2026,2026,6,Red Bull Racing,3096.704,28.621,17.62,34.846,SOFT,2.0,232.84964601769613,327.0,63.3783927261577,10882.672702528014,12207.0,720.4723148685788,72.06091477280945,5.833605220228385,-0.3648842999279898,0.0008904166211353972,0.03688876003507045,0.4105950401502462,0.5948473740125151,4472.18,20.763414634146336,21.3,20.1,35.30731707317073,38.0,32.4,FP1,0.0
4,FORMULA 1 QATAR AIRWAYS AUSTRALIAN GRAND PRIX 2026,2026,10,Alpine,4392.601,28.982,18.597,36.456,SOFT,13.0,226.38528716787056,321.0,61.76189906664004,10990.119990388728,12865.0,775.2553236891313,75.01807652336882,5.23338485316847,-0.315201007094039,0.0009112993500249245,0.045984931016821905,0.4137823006098169,0.575122171611787,4472.18,20.763414634146336,21.3,20.1,35.30731707317073,38.0,32.4,FP1,1.0
5,FORMULA 1 QATAR AIRWAYS AUSTRALIAN GRAND PRIX 2026,2026,11,Cadillac,3704.788,29.655,18.329,36.636,SOFT,2.0,221.97322492703782,308.0,61.220502790200726,10519.25549996096,12241.0,991.5629045242104,70.69309534613706,5.60091743119266,-0.4842434003230881,0.0008081254905878077,0.012987795433018692,0.6247442617250978,0.6213741770696999,4472.18,20.763414634146336,21.3,20.1,35.30731707317073,38.0,32.4,FP1,0.0
6,FORMULA 1 QATAR AIRWAYS AUSTRALIAN GRAND PRIX 2026,2026,12,Mercedes,3259.745,28.49,17.976,34.91,SOFT,3.0,232.3883704007859,313.0,60.01507548095956,10882.5587097788,12327.0,708.3121683939216,74.05849834577258,5.4868852459016395,-0.08794104030498574,0.0031921701059923085,0.8221882436424167,0.2828375818301575,0.6510126783276102,4472.18,20.763414634146336,21.3,20.1,35.30731707317073,38.0,32.4,FP1,1.0
7,FORMULA 1 QATAR AIRWAYS AUSTRALIAN GRAND PRIX 2026,2026,16,Ferrari,4472.18,28.205,17.472,34.59,SOFT,14.0,235.19933380238527,327.0,61.584082484268926,10930.132600849029,12084.0,600.507639294541,74.92810060396862,5.728,-0.3373401832823671,0.0008025544374369167,0.04774250875895209,0.4648374124414605,0.5167935493236394,4472.18,20.763414634146336,21.3,20.1,35.30731707317073,38.0,32.4,FP1,1.0
8,FORMULA 1 QATAR AIRWAYS AUSTRALIAN GRAND PRIX 2026,2026,18,Aston Martin,1242.057,41.721,22.777,45.836,HARD,2.0,172.24249909216257,280.0,58.1757819128671,9523.829494383195,12049.0,1291.619412708127,42.793112268256195,4.085261875761267,-0.05491431817499601,0.0023736840153002854,1.2660765057281747,0.7823329136677725,0.5673165463508834,4472.18,20.763414634146336,21.3,20.1,35.30731707317073,38.0,32.4,FP1,0.0
9,FORMULA 1 QATAR AIRWAYS AUSTRALIAN GRAND PRIX 2026,2026,23,Williams,3365.753,29.116,18.373,35.641,SOFT,2.0,226.9628088337258,313.0,60.484636542537864,10678.25084888613,11799.0,654.3447589357543,74.17777869984855,5.477564102564102,-0.35676239313921465,0.0008280749002797644,0.024634282377406322,0.471137772219922,0.5875677706815086,4472.18,20.763414634146336,21.3,20.1,35.30731707317073,38.0,32.4,FP1,0.0
10,FORMULA 1 QATAR AIRWAYS AUSTRALIAN GRAND PRIX 2026,2026,27,Audi,3387.659,28.902,17.972,35.095,SOFT,4.0,230.58005370893127,313.0,60.78958503530564,10777.60723406489,12270.0,696.5583295071597,75.48501938621851,5.359550561797753,-0.1780231147566107,0.000946947276708506,0.13329902049547082,0.35229744126695345,0.581553236822134,4472.18,20.763414634146336,21.3,20.1,35.30731707317073,38.0,32.4,FP1,0.0
11,FORMULA 1 QATAR AIRWAYS AUSTRALIAN GRAND PRIX 2026,2026,30,Racing Bulls,2184.23,29.136,18.008,35.469,MEDIUM,12.0,228.11389319525668,322.0,62.72463517513264,10929.783845454,12620.0,820.8477402026963,75.48130548521289,5.632721202003339,-0.31668985870106203,0.0009428414324351015,0.042041189985129734,0.35281763516361797,0.5840227654637065,4472.18,20.763414634146336,21.3,20.1,35.30731707317073,38.0,32.4,FP1,0.0
12,FORMULA 1 QATAR AIRWAYS AUSTRALIAN GRAND PRIX 2026,2026,31,Haas F1 Team,4580.793,29.123,17.704,35.334,SOFT,5.0,229.96131397291137,325.0,64.49543243598816,10858.092245143083,11893.0,663.6004119639725,74.79687692331623,5.606451612903226,-0.38394740727072146,0.0008249523406228238,0.02392384026580284,0.6042994445623208,0.597511174997143,4472.18,20.763414634146336,21.3,20.1,35.30731707317073,38.0,32.4,FP1,0.0
13,FORMULA 1 QATAR AIRWAYS AUSTRALIAN GRAND PRIX 2026,2026,41,Racing Bulls,4411.625,28.681,17.444,35.188,SOFT,,229.25419448367958,331.0,65.21750990590367,10829.016442601027,12405.0,822.5995066364426,75.47455445763747,5.803174603174603,-0.4247721137287156,0.0008008585040875145,0.024548846349050787,0.3985199826690166,0.5688419480893624,4472.18,20.763414634146336,21.3,20.1,35.30731707317073,38.0,32.4,FP1,1.0
14,FORMULA 1 QATAR AIRWAYS AUSTRALIAN GRAND PRIX 2026,2026,43,Alpine,3375.347,29.105,18.16,36.06,SOFT,5.0,223.43223616510124,312.0,61.15622071170804,10807.637076695895,12508.0,800.433097939597,72.99093823020041,5.248407643312102,-0.2585175566520622,0.0009586604960929124,0.05056864456762157,0.3863419421764297,0.5826115962151261,4472.18,20.763414634146336,21.3,20.1,35.30731707317073,38.0,32.4,FP1,0.0
15,FORMULA 1 QATAR AIRWAYS AUSTRALIAN GRAND PRIX 2026,2026,44,Ferrari,3764.186,28.448,17.607,34.681,SOFT,7.0,233.76807814484292,325.0,61.36276185578715,10858.005246464867,12306.0,696.2846551041954,75.82784628884814,5.736666666666666,-0.366613553759582,0.0009146641427091787,0.03990696785386389,0.3350777917350422,0.5580359042555059,4472.18,20.763414634146336,21.3,20.1,35.30731707317073,38.0,32.4,FP1,1.0
16,FORMULA 1 QATAR AIRWAYS AUSTRALIAN GRAND PRIX 2026,2026,55,Williams,3708.723,28.868,18.091,35.364,SOFT,5.0,229.40390085400065,318.0,62.48251302893706,10786.341691170763,12203.0,714.3835496952839,74.52560564089184,5.471698113207547,-0.26517116380108624,0.000979082624608968,0.06975786660691546,0.5449017089443792,0.6121076047151062,4472.18,20.763414634146336,21.3,20.1,35.30731707317073,38.0,32.4,FP1,0.0
17,FORMULA 1 QATAR AIRWAYS AUSTRALIAN GRAND PRIX 2026,2026,63,Mercedes,3104.633,28.517,17.87,34.984,SOFT,5.0,230.78813095796266,313.0,60.444832838268084,10657.173081789822,11917.0,691.9991005217711,71.568157982636,5.62540192926045,-0.38235297451647443,0.0009251730744045364,0.027479820861030402,0.44352649161485763,0.6427848595753642,4472.18,20.763414634146336,21.3,20.1,35.30731707317073,38.0,32.4,FP1,1.0
18,FORMULA 1 QATAR AIRWAYS AUSTRALIAN GRAND PRIX 2026,2026,77,Cadillac,4508.234,29.486,18.053,36.483,SOFT,13.0,222.23995923845956,319.0,65.08199521334885,10545.180055320352,11955.0,854.8092694667778,72.79349013369632,5.606758832565284,-0.42314037695353607,0.0007952087107704866,0.02093880018915186,0.5701085891394251,0.6297238745844101,4472.18,20.763414634146336,21.3,20.1,35.30731707317073,38.0,32.4,FP1,0.0
19,FORMULA 1 QATAR AIRWAYS AUSTRALIAN GRAND PRIX 2026,2026,81,McLaren,4490.834,28.166,18.287,34.889,SOFT,5.0,231.8191961655388,309.0,59.7630530554404,10888.339603500503,12265.0,608.8393380245276,72.15539933588978,6.121794871794871,-0.4025022161726498,0.0008065149871464899,0.028126795715307584,0.15005636929320243,0.6027620640295983,4472.18,20.763414634146336,21.3,20.1,35.30731707317073,38.0,32.4,FP1,0.0
20,FORMULA 1 QATAR AIRWAYS AUSTRALIAN GRAND PRIX 2026,2026,87,Haas F1 Team,4253.811,29.112,17.976,35.594,SOFT,2.0,228.6577745747665,313.0,61.10326918050759,10767.808913797713,12168.0,736.5306918542159,77.54527556510531,5.685990338164252,-0.3750426420912236,0.0009167955121190467,0.0396186779867298,0.3565727086895686,0.5788030671574779,4472.18,20.763414634146336,21.3,20.1,35.30731707317073,38.0,32.4,FP1,1.0
21,FORMULA 1 QATAR AIRWAYS AUSTRALIAN GRAND PRIX 2026,2026,1,McLaren,3331.158,28.196,17.913,34.685,SOFT,2.0,234.0024434546991,312.0,59.77838070447008,11130.098393545199,12744.0,620.5037074758662,72.5458624114107,5.973288814691152,-0.31464006140043005,0.0009728419164693891,0.03173458279110664,0.25438192425129974,0.59512717109101,2904.074,22.45063291139241,22.9,21.8,33.284810126582286,36.3,31.2,FP2,1.0
22,FORMULA 1 QATAR AIRWAYS AUSTRALIAN GRAND PRIX 2026,2026,3,Red Bull Racing,3000.076,28.149,17.57,34.647,SOFT,2.0,234.9769631464301,326.0,61.51153884691685,10895.350243967432,12222.0,678.3170926221144,74.07034678203343,5.892976588628763,-0.25534082800316393,0.0010390752679321224,0.06078078946903635,0.3580956367926302,0.5794828091972765,2904.074,22.45063291139241,22.9,21.8,33.284810126582286,36.3,31.2,FP2,1.0
23,FORMULA 1 QATAR AIRWAYS AUSTRALIAN GRAND PRIX 2026,2026,5,Audi,2497.417,28.427,17.76,35.481,SOFT,3.0,230.73904505971345,318.0,62.531484355374644,10810.889652382133,12032.0,600.5014956841883,77.45519878572028,5.356677524429967,-0.1137973931163002,0.001290006138356993,0.139227165369171,0.3656331437445749,0.576061091120681,2904.074,22.45063291139241,22.9,21.8,33.284810126582286,36.3,31.2,FP2,1.0
24,FORMULA 1 QATAR AIRWAYS AUSTRALIAN GRAND PRIX 2026,2026,6,Red Bull Racing,2560.664,28.26,18.02,34.661,SOFT,2.0,232.5575086852109,312.0,62.22962773190593,10717.609300208918,12004.0,787.2677553798169,72.82552848205759,5.923714759535655,-0.29722126116075825,0.00095289676393789,0.07329811881005653,0.43821917868432747,0.5996834395541771,2904.074,22.45063291139241,22.9,21.8,33.284810126582286,36.3,31.2,FP2,0.0
25,FORMULA 1 QATAR AIRWAYS AUSTRALIAN GRAND PRIX 2026,2026,10,Alpine,3180.355,28.92,17.826999999999998,35.42,SOFT,4.0,230.3822959232128,321.0,62.386237616708726,10899.792426923254,12740.0,859.3667127690468,75.49346315542175,5.4120443740095086,-0.49537913385837745,0.0007741949106592031,0.014241913894631999,0.4070160707833484,0.6079594953477195,2904.074,22.45063291139241,22.9,21.8,33.284810126582286,36.3,31.2,FP2,1.0
26,FORMULA 1 QATAR AIRWAYS AUSTRALIAN GRAND PRIX 2026,2026,12,Mercedes,2291.068,28.067,17.531,34.345,SOFT,5.0,234.35595615727385,325.0,62.52275935714617,10962.603395077314,12345.0,669.0984319502622,75.10865570646888,5.5239669421487605,-0.26785964792428596,0.0009363342340033017,0.06523144234364701,0.4331341827452497,0.6662323815046297,2904.074,22.45063291139241,22.9,21.8,33.284810126582286,36.3,31.2,FP2,1.0
27,FORMULA 1 QATAR AIRWAYS AUSTRALIAN GRAND PRIX 2026,2026,14,Aston Martin,4332.744,29.493,18.528,36.641,SOFT,6.0,222.70377668285104,304.0,59.31445543924183,10297.814119356333,11488.0,777.1446953231837,72.39647001891342,5.4421875,-0.4341534651939553,0.0008123622609869038,0.014191848103775575,0.521281740644484,0.6417237515044785,2904.074,22.45063291139241,22.9,21.8,33.284810126582286,36.3,31.2,FP2,0.0
28,FORMULA 1 QATAR AIRWAYS AUSTRALIAN GRAND PRIX 2026,2026,16,Ferrari,2940.026,28.182,17.462,34.647,SOFT,7.0,234.98857801458718,327.0,62.40892851408351,10931.405353799128,12113.0,619.9089980390112,74.74576410848108,5.7550675675675675,-0.352244376289469,0.000945386637794653,0.03366102845444968,0.44816279569360623,0.538525151276396,2904.074,22.45063291139241,22.9,21.8,33.284810126582286,36.3,31.2,FP2,1.0
29,FORMULA 1 QATAR AIRWAYS AUSTRALIAN GRAND PRIX 2026,2026,18,Aston Martin,2351.393,30.004,18.851,36.961,SOFT,6.0,220.51434733250423,300.0,57.40388983799244,10316.162061576106,11671.0,693.7119352128855,72.1425828507868,5.386259541984733,-0.44607114218663857,0.0007557259636331368,0.016613274526715936,0.43835600172524003,0.6181498309490125,2904.074,22.45063291139241,22.9,21.8,33.284810126582286,36.3,31.2,FP2,0.0
30,FORMULA 1 QATAR AIRWAYS AUSTRALIAN GRAND PRIX 2026,2026,23,Williams,2387.809,28.668,17.918,35.261,SOFT,2.0,229.67376448882317,318.0,63.9818436441411,10768.6196902735,11905.0,653.7906775846634,74.66937694047014,5.484751203852327,-0.38990267086793134,0.0008730205322366489,0.03337930097877345,0.3994343981709082,0.6225285319657216,2904.074,22.45063291139241,22.9,21.8,33.284810126582286,36.3,31.2,FP2,0.0
31,FORMULA 1 QATAR AIRWAYS AUSTRALIAN GRAND PRIX 2026,2026,27,Audi,2882.736,28.664,17.591,35.096,SOFT,8.0,230.85369114508265,322.0,61.55648543994587,10715.63760285865,12513.0,707.0766193996736,77.29198195228616,5.470394736842105,-0.46839673735031223,0.0008065271814653037,0.013298532853867819,0.12109659841860648,0.5613482954447557,2904.074,22.45063291139241,22.9,21.8,33.284810126582286,36.3,31.2,FP2,0.0
32,FORMULA 1 QATAR AIRWAYS AUSTRALIAN GRAND PRIX 2026,2026,30,Racing Bulls,2279.88,28.719,17.64,34.999,SOFT,2.0,232.0662059101463,328.0,65.60605371295456,11011.903899803034,12507.0,790.1846158218491,74.79927757597233,5.729903536977492,-0.22108869939828624,0.0009957634990729507,0.11905056228187248,0.48160371932105334,0.5523769636069692,2904.074,22.45063291139241,22.9,21.8,33.284810126582286,36.3,31.2,FP2,0.0
33,FORMULA 1 QATAR AIRWAYS AUSTRALIAN GRAND PRIX 2026,2026,31,Haas F1 Team,2355.876,28.749,17.553,34.877,SOFT,2.0,233.5406011235181,327.0,62.90900138793256,10798.393961295344,12023.0,713.072136866456,74.77135769543776,5.734299516908212,-0.2891783853660612,0.0008600905661336925,0.068562136987816,0.6150208151094748,0.5194984262086914,2904.074,22.45063291139241,22.9,21.8,33.284810126582286,36.3,31.2,FP2,0.0
34,FORMULA 1 QATAR AIRWAYS AUSTRALIAN GRAND PRIX 2026,2026,41,Racing Bulls,2741.133,28.513,17.484,34.925,SOFT,7.0,231.34629346685085,328.0,64.692904792848,10943.744968716337,12180.0,720.6519255172459,75.71926449142524,5.712418300653595,-0.26548462735449235,0.0009209586886067046,0.06289905562175153,0.4634362183963931,0.5662243918021679,2904.074,22.45063291139241,22.9,21.8,33.284810126582286,36.3,31.2,FP2,1.0
35,FORMULA 1 QATAR AIRWAYS AUSTRALIAN GRAND PRIX 2026,2026,43,Alpine,3038.464,29.207,17.881,35.531,SOFT,5.0,229.31170747227995,322.0,62.840665288890996,10897.351172142502,12534.0,822.3658614671145,76.19424703047147,5.387987012987013,-0.0922363442770663,0.0019064017174699073,0.6716338458518294,0.41867721341934305,0.6391001141172361,2904.074,22.45063291139241,22.9,21.8,33.284810126582286,36.3,31.2,FP2,0.0
36,FORMULA 1 QATAR AIRWAYS AUSTRALIAN GRAND PRIX 2026,2026,44,Ferrari,3115.479,27.902,17.593,34.555,SOFT,7.0,235.27092402437168,322.0,61.50681040776189,10899.184884631586,11963.0,665.797978765088,77.98442659465054,5.785831960461285,-0.11406762050437466,0.0011009695144704962,0.17432233147759563,0.2935567068381608,0.5930389419985124,2904.074,22.45063291139241,22.9,21.8,33.284810126582286,36.3,31.2,FP2,1.0
37,FORMULA 1 QATAR AIRWAYS AUSTRALIAN GRAND PRIX 2026,2026,55,Williams,1623.531,28.994,17.869,35.39,MEDIUM,7.0,231.61751523491665,322.0,62.55583867424675,11009.209645942057,12558.0,601.0712952369529,74.85672060696517,5.423137876386688,0.0272450435918811,0.010853785990376263,6.292404655329284,0.3577177133347564,0.49137920963554554,2904.074,22.45063291139241,22.9,21.8,33.284810126582286,36.3,31.2,FP2,0.0
38,FORMULA 1 QATAR AIRWAYS AUSTRALIAN GRAND PRIX 2026,2026,63,Mercedes,1890.145,28.037,17.555,34.457,SOFT,2.0,234.37546115254258,325.0,64.67494415956368,10783.224849242191,12411.0,694.1616126040501,74.8611903736374,5.67047308319739,-0.49466607424295966,0.0007870294825836319,0.012663600032552354,0.43852413808695995,0.677438437591708,2904.074,22.45063291139241,22.9,21.8,33.284810126582286,36.3,31.2,FP2,1.0
39,FORMULA 1 QATAR AIRWAYS AUSTRALIAN GRAND PRIX 2026,2026,77,Cadillac,2401.138,29.352,18.028,36.28,SOFT,2.0,224.763982331693,319.0,62.871323395612606,10517.068142884717,12248.0,992.1105663155006,74.40740876658096,5.716323296354992,-0.4194450463857419,0.0008569949052510372,0.026989908134150243,0.6473991723027314,0.6429756025979547,2904.074,22.45063291139241,22.9,21.8,33.284810126582286,36.3,31.2,FP2,0.0
40,FORMULA 1 QATAR AIRWAYS AUSTRALIAN GRAND PRIX 2026,2026,81,McLaren,2904.074,27.803,17.538,34.388,SOFT,2.0,238.011700068627,320.0,61.16446679549016,10923.983874925556,12235.0,591.2791924789389,71.51557221227377,6.278523489932886,-0.42756615704184026,0.0008226125454678803,0.029824402022237243,0.2362100509100982,0.5807679159734965,2904.074,22.45063291139241,22.9,21.8,33.284810126582286,36.3,31.2,FP2,0.0
41,FORMULA 1 QATAR AIRWAYS AUSTRALIAN GRAND PRIX 2026,2026,87,Haas F1 Team,2366.463,28.652,17.544,35.13,SOFT,2.0,231.51937340841204,329.0,63.47042769976366,10885.999012517437,12296.0,735.2477250517557,72.85861259465227,5.646774193548387,-0.2728401032958513,0.0009705221744729402,0.07236227992762899,0.5270914234223563,0.4801915069188347,2904.074,22.45063291139241,22.9,21.8,33.284810126582286,36.3,31.2,FP2,1.0
42,FORMULA 1 QATAR AIRWAYS AUSTRALIAN GRAND PRIX 2026,2026,1,McLaren,5101.716,28.224,17.784,34.435,SOFT,2.0,234.1116400725332,317.0,58.81424211645736,10884.837698743147,12410.0,751.1488229986389,71.86018101266276,6.175787728026534,-0.35548231658649476,0.0007939374504247831,0.04368242788280695,0.32459870439623023,0.5830022316119037,5109.117,20.61777777777778,21.1,20.2,36.88666666666667,40.4,33.5,FP3,1.0
43,FORMULA 1 QATAR AIRWAYS AUSTRALIAN GRAND PRIX 2026,2026,3,Red Bull Racing,5207.163,27.798000000000002,17.902,34.497,SOFT,2.0,233.67387191174043,313.0,61.57918457185666,10703.419576349635,12475.0,783.7785824487339,72.8615758018541,6.00513698630137,-0.28387259883881827,0.0008508503567793543,0.06618553470779366,0.3581184201377912,0.6020700420267999,5109.117,20.61777777777778,21.1,20.2,36.88666666666667,40.4,33.5,FP3,1.0
44,FORMULA 1 QATAR AIRWAYS AUSTRALIAN GRAND PRIX 2026,2026,5,Audi,5154.382,28.42,17.505,34.534,SOFT,4.0,235.1153918797846,325.0,62.01137685661356,10776.143067488723,12385.0,621.8718165314772,77.27850986130844,5.525510204081633,0.03982054938417373,0.6351269509212484,372.86690290736726,0.3380880740649941,0.5932227964731602,5109.117,20.61777777777778,21.1,20.2,36.88666666666667,40.4,33.5,FP3,1.0
45,FORMULA 1 QATAR AIRWAYS AUSTRALIAN GRAND PRIX 2026,2026,6,Red Bull Racing,5200.945,28.097,17.725,34.315,SOFT,2.0,233.6989727101728,318.0,63.632593216225615,10804.131499216872,12101.0,727.9207461638799,73.95663743825276,5.941780821917808,-0.2885294709771524,0.0009219889370508741,0.05414676520285138,0.40645857098286464,0.5960515877063073,5109.117,20.61777777777778,21.1,20.2,36.88666666666667,40.4,33.5,FP3,0.0
46,FORMULA 1 QATAR AIRWAYS AUSTRALIAN GRAND PRIX 2026,2026,10,Alpine,5149.669,28.456,17.75,34.865,SOFT,3.0,234.6264726661299,317.0,62.5995583653833,10929.45992986352,12788.0,763.5761654055825,73.4042993790755,5.495826377295493,0.05314829438690721,1.0132627335989932,604.0031028771438,0.3607332236834324,0.5030675395960982,5109.117,20.61777777777778,21.1,20.2,36.88666666666667,40.4,33.5,FP3,1.0
47,FORMULA 1 QATAR AIRWAYS AUSTRALIAN GRAND PRIX 2026,2026,11,Cadillac,1988.7,29.862,18.168,36.367,MEDIUM,4.0,223.25091271045218,315.0,62.83567368807461,10599.330584522439,12488.0,928.2872858755923,70.92126720609767,5.580188679245283,-0.3906375467054547,0.0007806089353828396,0.02816650245269585,0.5308697348641855,0.6414617201665969,5109.117,20.61777777777778,21.1,20.2,36.88666666666667,40.4,33.5,FP3,0.0
48,FORMULA 1 QATAR AIRWAYS AUSTRALIAN GRAND PRIX 2026,2026,12,Mercedes,3058.094,28.23,17.582,34.512,SOFT,6.0,236.55335058481424,325.0,60.8671261121786,10845.524332784831,12425.0,665.5460396436437,74.3047643145137,5.60738255033557,-0.48838099178122385,0.0007725539234136893,0.012962384261191263,0.4876929922967393,0.5622379284545979,5109.117,20.61777777777778,21.1,20.2,36.88666666666667,40.4,33.5,FP3,1.0
49,FORMULA 1 QATAR AIRWAYS AUSTRALIAN GRAND PRIX 2026,2026,14,Aston Martin,5216.226,29.185,18.179,35.356,SOFT,2.0,229.29946556180968,316.0,59.95616770719752,10498.17784223207,11506.0,689.4779827225723,78.94303365611584,5.550653594771242,0.0005604817090231229,0.0015605885364143258,0.448684968589405,0.5396145147971462,0.5905875617978649,5109.117,20.61777777777778,21.1,20.2,36.88666666666667,40.4,33.5,FP3,0.0
50,FORMULA 1 QATAR AIRWAYS AUSTRALIAN GRAND PRIX 2026,2026,16,Ferrari,3688.639,27.915,17.54,34.372,SOFT,12.0,236.3633370097421,320.0,59.957917379880975,10934.74886703809,12143.0,607.1527529905579,76.01210174434128,5.785594639865996,-0.38079466278981106,0.0007822596322641422,0.025953673949283707,0.2739622517817929,0.4844673374470919,5109.117,20.61777777777778,21.1,20.2,36.88666666666667,40.4,33.5,FP3,1.0
51,FORMULA 1 QATAR AIRWAYS AUSTRALIAN GRAND PRIX 2026,2026,23,Williams,5234.711,28.869,17.8,34.995,SOFT,3.0,231.21886956989817,322.0,63.479949730818674,10814.087254827798,12024.0,682.0608620127158,69.81581656991946,5.523887973640857,-0.45292904401008544,0.0007731897587027396,0.02303000722072663,0.515866446208241,0.5177918862184427,5109.117,20.61777777777778,21.1,20.2,36.88666666666667,40.4,33.5,FP3,0.0
52,FORMULA 1 QATAR AIRWAYS AUSTRALIAN GRAND PRIX 2026,2026,27,Audi,3263.397,28.434,17.717,34.916,SOFT,10.0,233.82084445226093,326.0,62.91106548536804,10753.729050595233,12278.0,648.388635499843,77.30290193210128,5.440397350993377,-0.3577446374692164,0.0008597202645170977,0.029373751536913836,0.27587597464525543,0.5804850978857258,5109.117,20.61777777777778,21.1,20.2,36.88666666666667,40.4,33.5,FP3,0.0
53,FORMULA 1 QATAR AIRWAYS AUSTRALIAN GRAND PRIX 2026,2026,30,Racing Bulls,3677.205,28.57,17.607,34.713,HARD,8.0,231.94460206249744,322.0,63.986427333082375,11043.172812988429,12417.0,689.712154177628,74.38638370664917,5.699499165275459,-0.269323047775564,0.000990194965216647,0.07577689180643916,0.42976438738567624,0.5555998289777028,5109.117,20.61777777777778,21.1,20.2,36.88666666666667,40.4,33.5,FP3,0.0
54,FORMULA 1 QATAR AIRWAYS AUSTRALIAN GRAND PRIX 2026,2026,31,Haas F1 Team,5230.663,28.643,17.645,34.695,SOFT,5.0,233.57256584669034,322.0,62.24272822807661,10751.974663630492,11919.0,782.117168900137,75.56222728525319,5.7842809364548495,-0.2797044193053813,0.0008740130256058104,0.06053215973069012,0.5840052096365332,0.4864722591961101,5109.117,20.61777777777778,21.1,20.2,36.88666666666667,40.4,33.5,FP3,0.0
55,FORMULA 1 QATAR AIRWAYS AUSTRALIAN GRAND PRIX 2026,2026,41,Racing Bulls,5186.054,28.624,17.589,34.625,SOFT,4.0,233.60178568782467,331.0,64.305892372359,10769.83195584688,12389.0,844.8465698834149,74.82856312632106,5.950847457627119,-0.03559814960486235,2.095997157533385,1236.0853815913356,0.4609081562705014,0.5424991625388624,5109.117,20.61777777777778,21.1,20.2,36.88666666666667,40.4,33.5,FP3,1.0
56,FORMULA 1 QATAR AIRWAYS AUSTRALIAN GRAND PRIX 2026,2026,43,Alpine,5196.71,28.684,17.739,34.99,SOFT,3.0,230.50514288558355,323.0,63.18761047576,10877.554057971834,12682.0,718.6357606321657,76.03836453034842,5.442760942760943,-0.3144980703312261,0.0008406879985357929,0.038665643748657955,0.3127628063290466,0.5591779514556611,5109.117,20.61777777777778,21.1,20.2,36.88666666666667,40.4,33.5,FP3,0.0
57,FORMULA 1 QATAR AIRWAYS AUSTRALIAN GRAND PRIX 2026,2026,44,Ferrari,5176.882,28.01,17.431,34.228,SOFT,2.0,237.15822168941094,326.0,60.20613906857329,10906.4359804083,12299.0,716.0977940867286,75.80504332324233,5.831615120274914,0.03965357610458588,0.13171065349863556,76.19724594394741,0.2761474855284181,0.5165444432658013,5109.117,20.61777777777778,21.1,20.2,36.88666666666667,40.4,33.5,FP3,1.0
58,FORMULA 1 QATAR AIRWAYS AUSTRALIAN GRAND PRIX 2026,2026,63,Mercedes,5109.117,27.77,17.276,34.007,SOFT,4.0,237.702441092061,330.0,64.6163178033817,10797.194337586423,13011.0,736.8593248694323,73.7945517841028,5.72108843537415,-0.16555399013540983,0.0010705358865493694,0.17170595324140916,0.5618270453844788,0.6036847431376319,5109.117,20.61777777777778,21.1,20.2,36.88666666666667,40.4,33.5,FP3,1.0
59,FORMULA 1 QATAR AIRWAYS AUSTRALIAN GRAND PRIX 2026,2026,77,Cadillac,5192.023,29.481,18.237,35.796,SOFT,2.0,224.49630955359487,310.0,62.16926570119594,10557.600802992365,12270.0,995.1281408262427,73.47747200552627,5.68189233278956,0.0451977834384358,0.016326448293877676,9.372590139293035,0.5665172398615785,0.5876978663523983,5109.117,20.61777777777778,21.1,20.2,36.88666666666667,40.4,33.5,FP3,0.0
60,FORMULA 1 QATAR AIRWAYS AUSTRALIAN GRAND PRIX 2026,2026,81,McLaren,5161.397,28.31,17.565,34.212,SOFT,2.0,234.26364533059044,320.0,62.139565203037485,10855.566532554592,12405.0,618.292476357818,69.87745163224241,6.201709401709402,0.016402118699508313,0.2040241059453725,118.83530567436385,0.26658133254178396,0.5589018951233673,5109.117,20.61777777777778,21.1,20.2,36.88666666666667,40.4,33.5,FP3,0.0
61,FORMULA 1 QATAR AIRWAYS AUSTRALIAN GRAND PRIX 2026,2026,87,Haas F1 Team,5224.742,28.696,17.567,34.515,SOFT,3.0,234.30551003049152,325.0,62.25301733677012,11004.121240709888,12145.0,671.9528161354152,75.97316582623543,5.6767676767676765,-0.4438176457590007,0.0008140673590085954,0.02166760156433491,0.39079673958648037,0.5069714320680438,5109.117,20.61777777777778,21.1,20.2,36.88666666666667,40.4,33.5,FP3,1.0
62,FORMULA 1 HEINEKEN CHINESE GRAND PRIX 2026,2026,1,McLaren,4461.079,24.358,28.258,40.68,SOFT,6.0,8.0,8.0,0.0,3757.0,3757.0,0.0,104.0,1.0,,0.11933275135739312,82.79835009382523,,,3931.924,12.984523809523811,14.0,11.6,21.254761904761903,27.7,10.9,FP1,0.0
63,FORMULA 1 HEINEKEN CHINESE GRAND PRIX 2026,2026,3,Red Bull Racing,4093.624,24.709,28.499,41.333,SOFT,2.0,0.0,0.0,0.0,0.0,0.0,0.0,104.0,0.0,,0.004318964449853197,1.6469128853367292,,,3931.924,12.984523809523811,14.0,11.6,21.254761904761903,27.7,10.9,FP1,0.0
64,FORMULA 1 HEINEKEN CHINESE GRAND PRIX 2026,2026,5,Audi,4467.297,25.02,28.689,41.119,SOFT,5.0,59.0,59.0,0.0,7984.0,7984.0,0.0,104.0,1.0,,0.005953478951372503,2.300214832871509,,,3931.924,12.984523809523811,14.0,11.6,21.254761904761903,27.7,10.9,FP1,0.0
65,FORMULA 1 HEINEKEN CHINESE GRAND PRIX 2026,2026,6,Red Bull Racing,4509.009,25.0,28.672,41.184,SOFT,4.0,0.0,0.0,0.0,0.0,0.0,0.0,104.0,0.0,,0.049116998057297565,32.88342040580293,,,3931.924,12.984523809523811,14.0,11.6,21.254761904761903,27.7,10.9,FP1,1.0
66,FORMULA 1 HEINEKEN CHINESE GRAND PRIX 2026,2026,10,Alpine,3981.376,24.675,28.285,41.716,SOFT,2.0,18.0,18.0,0.0,4058.0,4058.0,0.0,104.0,1.0,,0.001975227585687789,0.1808169248585978,,,3931.924,12.984523809523811,14.0,11.6,21.254761904761903,27.7,10.9,FP1,1.0
67,FORMULA 1 HEINEKEN CHINESE GRAND PRIX 2026,2026,11,Cadillac,1404.1,26.3,29.813,43.087,MEDIUM,4.0,0.0,0.0,0.0,267.62834249207935,2016.0322137436815,539.8051471937456,8.05363067684498,0.0,,0.0016115218633506382,0.0984588344040829,,,3931.924,12.984523809523811,14.0,11.6,21.254761904761903,27.7,10.9,FP1,0.0
68,FORMULA 1 HEINEKEN CHINESE GRAND PRIX 2026,2026,12,Mercedes,4201.039,24.267,27.943,40.651,SOFT,6.0,24.0,24.0,0.0,3470.0,3470.0,0.0,104.0,1.0,,0.03846402773783804,7.802278212172323,,,3931.924,12.984523809523811,14.0,11.6,21.254761904761903,27.7,10.9,FP1,1.0
69,FORMULA 1 HEINEKEN CHINESE GRAND PRIX 2026,2026,14,Aston Martin,4448.549,24.944,28.854,42.058,MEDIUM,4.0,0.0,0.0,0.0,0.0,0.0,0.0,104.0,0.0,,0.00169465369367798,0.07801221842686801,,,3931.924,12.984523809523811,14.0,11.6,21.254761904761903,27.7,10.9,FP1,0.0
70,FORMULA 1 HEINEKEN CHINESE GRAND PRIX 2026,2026,16,Ferrari,3785.596,24.637,28.205,40.757,SOFT,2.0,50.0,50.0,0.0,6241.0,6241.0,0.0,104.0,1.0,,0.0015000844696874789,0.04219866035964653,,,3931.924,12.984523809523811,14.0,11.6,21.254761904761903,27.7,10.9,FP1,1.0
71,FORMULA 1 HEINEKEN CHINESE GRAND PRIX 2026,2026,18,Aston Martin,4344.203,25.709,29.254,42.261,MEDIUM,3.0,0.0,0.0,0.0,3534.0,3534.0,0.0,104.0,0.0,,0.0016355572103902859,0.09111455904285079,,,3931.924,12.984523809523811,14.0,11.6,21.254761904761903,27.7,10.9,FP1,0.0
72,FORMULA 1 HEINEKEN CHINESE GRAND PRIX 2026,2026,23,Williams,4215.929,24.941,29.038,41.501,SOFT,4.0,0.0,0.0,0.0,3879.0,3879.0,0.0,104.0,1.0,,0.002092803791622056,0.14889213285147707,,,3931.924,12.984523809523811,14.0,11.6,21.254761904761903,27.7,10.9,FP1,0.0
73,FORMULA 1 HEINEKEN CHINESE GRAND PRIX 2026,2026,27,Audi,4281.219,24.951,28.682,41.006,SOFT,5.0,110.0,110.0,0.0,8356.0,8356.0,0.0,104.0,3.0,,0.002700025059902669,0.3592207272962305,,,3931.924,12.984523809523811,14.0,11.6,21.254761904761903,27.7,10.9,FP1,0.0
74,FORMULA 1 HEINEKEN CHINESE GRAND PRIX 2026,2026,30,Racing Bulls,4164.234,24.721,28.964,41.088,SOFT,4.0,88.0,88.0,0.0,9944.0,9944.0,0.0,104.0,1.0,,0.014286804912349686,8.534758679039333,,,3931.924,12.984523809523811,14.0,11.6,21.254761904761903,27.7,10.9,FP1,1.0
75,FORMULA 1 HEINEKEN CHINESE GRAND PRIX 2026,2026,31,Haas F1 Team,4038.363,24.895,28.435,41.547,SOFT,2.0,80.0,80.0,0.0,10025.0,10025.0,0.0,104.0,1.0,,0.07367814618043922,52.33790328313746,,,3931.924,12.984523809523811,14.0,11.6,21.254761904761903,27.7,10.9,FP1,0.0
76,FORMULA 1 HEINEKEN CHINESE GRAND PRIX 2026,2026,41,Racing Bulls,1271.117,25.753,29.525,42.618,MEDIUM,3.0,0.0,0.0,0.0,11764.0,11764.0,0.0,104.0,1.0,,0.0013303066034947653,0.03032255856660269,,,3931.924,12.984523809523811,14.0,11.6,21.254761904761903,27.7,10.9,FP1,0.0
77,FORMULA 1 HEINEKEN CHINESE GRAND PRIX 2026,2026,43,Alpine,4496.114,25.088,28.757,41.102,SOFT,4.0,0.0,0.0,0.0,0.0,0.0,0.0,104.0,1.0,,0.002842771314636741,0.4839511792518474,,,3931.924,12.984523809523811,14.0,11.6,21.254761904761903,27.7,10.9,FP1,1.0
78,FORMULA 1 HEINEKEN CHINESE GRAND PRIX 2026,2026,44,Ferrari,3954.662,24.913,28.099,41.117,SOFT,14.0,80.0,80.0,0.0,7195.0,7195.0,0.0,104.0,2.0,,0.0034708865677616947,0.8858543814389954,,,3931.924,12.984523809523811,14.0,11.6,21.254761904761903,27.7,10.9,FP1,1.0
79,FORMULA 1 HEINEKEN CHINESE GRAND PRIX 2026,2026,55,Williams,4221.123,24.903,29.049,41.727,SOFT,3.0,0.0,0.0,0.0,4072.0,4072.0,0.0,104.0,0.0,,0.034634949458536374,23.522289298887724,,,3931.924,12.984523809523811,14.0,11.6,21.254761904761903,27.7,10.9,FP1,1.0
80,FORMULA 1 HEINEKEN CHINESE GRAND PRIX 2026,2026,63,Mercedes,3931.924,24.414,27.911,40.416,SOFT,4.0,66.0,66.0,0.0,7527.0,7527.0,0.0,104.0,1.0,,0.001831254195342719,0.24678727550011023,,,3931.924,12.984523809523811,14.0,11.6,21.254761904761903,27.7,10.9,FP1,1.0
81,FORMULA 1 HEINEKEN CHINESE GRAND PRIX 2026,2026,77,Cadillac,4143.443,25.316,28.848,41.893,SOFT,2.0,0.0,0.0,0.0,3453.0,3453.0,0.0,104.0,0.0,,0.006604114193367002,2.5394912284270323,,,3931.924,12.984523809523811,14.0,11.6,21.254761904761903,27.7,10.9,FP1,0.0
82,FORMULA 1 HEINEKEN CHINESE GRAND PRIX 2026,2026,81,McLaren,4392.82,24.545,28.164,40.763,SOFT,5.0,34.0,34.0,0.0,4100.0,4100.0,0.0,104.0,1.0,,0.0020693795103716396,0.14593146544633784,,,3931.924,12.984523809523811,14.0,11.6,21.254761904761903,27.7,10.9,FP1,0.0
83,FORMULA 1 HEINEKEN CHINESE GRAND PRIX 2026,2026,87,Haas F1 Team,4333.129,24.937,28.381,41.108,SOFT,5.0,0.0,0.0,0.0,0.0,0.0,0.0,104.0,0.0,,0.0016973967775790236,0.064729582453553,,,3931.924,12.984523809523811,14.0,11.6,21.254761904761903,27.7,10.9,FP1,1.0
84,FORMULA 1 ARAMCO JAPANESE GRAND PRIX 2026,2026,1,McLaren,4053.289,33.176,40.719,17.903,SOFT,3.0,228.76215506360776,321.0,61.98672090368667,11031.789158274483,12470.0,638.4948140657998,67.96746768167193,5.91027496382055,-0.3750936017905872,0.0010717684519143352,0.030566732652189312,0.1434639891861404,0.5975334386060134,2881.744,16.444578313253015,16.9,16.1,36.861445783132524,39.1,31.8,FP1,1.0
85,FORMULA 1 ARAMCO JAPANESE GRAND PRIX 2026,2026,3,Red Bull Racing,2664.677,33.292,41.096,18.069,SOFT,2.0,226.42346515984093,325.0,64.00459410629722,10829.261705495508,12415.0,753.4893810316444,67.0542363111064,5.655523255813954,-0.5092430104604421,0.0009648879628502787,0.015206791275520163,0.37983495824614405,0.6279089755024606,2881.744,16.444578313253015,16.9,16.1,36.861445783132524,39.1,31.8,FP1,1.0
86,FORMULA 1 ARAMCO JAPANESE GRAND PRIX 2026,2026,5,Audi,3700.186,33.494,41.252,18.013,SOFT,5.0,225.02307475420702,316.0,61.620187293620496,10748.748820662362,12438.0,614.5955072236815,69.74456364478634,5.237960339943343,-0.4631367129827373,0.0009696373419739516,0.025716566906016897,0.21056592701004143,0.4757560954341826,2881.744,16.444578313253015,16.9,16.1,36.861445783132524,39.1,31.8,FP1,0.0
87,FORMULA 1 ARAMCO JAPANESE GRAND PRIX 2026,2026,6,Red Bull Racing,2776.509,33.491,41.261,18.051,SOFT,2.0,222.67317926054338,322.0,63.69988603551408,10674.35246258928,12354.0,911.6890070754524,66.8580887222982,5.614950634696756,-0.4797639147336104,0.0009965490909199376,0.028085486874681685,0.505779557845094,0.6471053548035703,2881.744,16.444578313253015,16.9,16.1,36.861445783132524,39.1,31.8,FP1,0.0
88,FORMULA 1 ARAMCO JAPANESE GRAND PRIX 2026,2026,10,Alpine,3276.185,33.351,41.588,18.039,SOFT,2.0,223.7923499763896,327.0,64.51031175149355,10443.982478352033,11843.0,728.40913058348,69.4496078386161,5.521678321678322,-0.3028101523223437,0.0011363972165251612,0.05469144783175157,0.4519727075168753,0.5754890576524561,2881.744,16.444578313253015,16.9,16.1,36.861445783132524,39.1,31.8,FP1,1.0
89,FORMULA 1 ARAMCO JAPANESE GRAND PRIX 2026,2026,11,Cadillac,2976.228,34.127,41.697,18.397,SOFT,4.0,221.11934157040363,314.0,65.91895060534156,10541.661877469938,12501.0,1165.7450278372883,70.0663123944649,5.5275035260930885,-0.4214711429299077,0.0010408249444767818,0.035195828183800654,0.6245893613789144,0.658848485981138,2881.744,16.444578313253015,16.9,16.1,36.861445783132524,39.1,31.8,FP1,0.0
90,FORMULA 1 ARAMCO JAPANESE GRAND PRIX 2026,2026,12,Mercedes,2658.392,33.547,40.258,17.887,SOFT,4.0,225.49453059995813,326.0,62.493571373278286,10565.096199546013,12639.0,746.2426318940783,69.56813064251332,5.449487554904832,-0.5493442925780331,0.0009604612458430706,0.011370701524484847,0.4458302920340382,0.6399259419524115,2881.744,16.444578313253015,16.9,16.1,36.861445783132524,39.1,31.8,FP1,1.0
91,FORMULA 1 ARAMCO JAPANESE GRAND PRIX 2026,2026,16,Ferrari,3621.768,33.129,40.59,18.236,SOFT,7.0,226.24860401040962,325.0,63.03604526155556,10773.066080969385,12254.0,788.0872377560211,75.96885844061704,5.603693181818182,-0.40751392182411783,0.0010602812013242693,0.03743014073128697,0.2997815606564015,0.6655379981394227,2881.744,16.444578313253015,16.9,16.1,36.861445783132524,39.1,31.8,FP1,1.0
92,FORMULA 1 ARAMCO JAPANESE GRAND PRIX 2026,2026,18,Aston Martin,4448.304,34.508,42.324,18.462,SOFT,4.0,218.78520493947929,312.0,60.10520188001261,10234.461868167798,12047.0,918.1783490278799,70.31990923868227,5.3826322930800545,-0.4155913918397873,0.0010305102839317966,0.02854876809978871,0.4783997782328216,0.5872115387413286,2881.744,16.444578313253015,16.9,16.1,36.861445783132524,39.1,31.8,FP1,0.0
93,FORMULA 1 ARAMCO JAPANESE GRAND PRIX 2026,2026,23,Williams,3798.762,34.089,41.333,18.275,SOFT,4.0,218.36231951668807,320.0,63.54167940390807,10504.458118541264,12072.0,841.7052514817667,68.4427488148375,5.316155988857939,-0.451005031783658,0.0010459032787304189,0.02190192689047521,0.315446681375173,0.6294002680939944,2881.744,16.444578313253015,16.9,16.1,36.861445783132524,39.1,31.8,FP1,0.0
94,FORMULA 1 ARAMCO JAPANESE GRAND PRIX 2026,2026,27,Audi,2862.815,33.803,41.143,17.852,SOFT,4.0,225.36175858844223,321.0,62.53727672077968,10765.460019010536,12517.0,737.3423863346798,73.25359259143269,5.2844950213371265,-0.32984923496015495,0.001053917421142777,0.05919305647380997,0.044182950355554244,0.597576043308828,2881.744,16.444578313253015,16.9,16.1,36.861445783132524,39.1,31.8,FP1,0.0
95,FORMULA 1 ARAMCO JAPANESE GRAND PRIX 2026,2026,30,Racing Bulls,3353.64,33.679,40.807,18.043,SOFT,7.0,223.32759525073558,319.0,64.8229561165118,10992.17545067512,12634.0,765.7330315237612,70.34522683500875,5.489510489510489,-0.507405852132988,0.0009768613548813798,0.016693779413139813,0.2599370879426816,0.5970141441743552,2881.744,16.444578313253015,16.9,16.1,36.861445783132524,39.1,31.8,FP1,1.0
96,FORMULA 1 ARAMCO JAPANESE GRAND PRIX 2026,2026,31,Haas F1 Team,3738.165,33.759,40.923,17.919,SOFT,5.0,222.29087671621545,325.0,63.21159588903976,10663.695200152606,12020.0,739.9752582697424,72.72298858659359,5.504310344827586,-0.48860948166534457,0.0009778099927958215,0.017696248066721095,0.4152566394290534,0.6228509586012662,2881.744,16.444578313253015,16.9,16.1,36.861445783132524,39.1,31.8,FP1,1.0
97,FORMULA 1 ARAMCO JAPANESE GRAND PRIX 2026,2026,34,Aston Martin,3349.226,34.927,42.791,18.644,HARD,10.0,211.23669747707584,315.0,61.16565476702692,10133.482460485418,11643.0,807.7751109726823,67.52608328538231,5.152406417112299,-0.4745974911174511,0.000982555785576036,0.01773316146793428,0.5695808380556041,0.5876796382953203,2881.744,16.444578313253015,16.9,16.1,36.861445783132524,39.1,31.8,FP1,
98,FORMULA 1 ARAMCO JAPANESE GRAND PRIX 2026,2026,41,Racing Bulls,3515.223,33.697,41.095,17.873,SOFT,8.0,223.3178787947711,328.0,65.28115066645601,10705.929227225673,12554.0,835.2984353609723,70.29479774571662,5.5954088952654235,-0.501431084895103,0.00098481016459195,0.01926428879470545,0.526488984224511,0.602540486010038,2881.744,16.444578313253015,16.9,16.1,36.861445783132524,39.1,31.8,FP1,0.0
99,FORMULA 1 ARAMCO JAPANESE GRAND PRIX 2026,2026,43,Alpine,3910.239,34.122,41.118,18.121,SOFT,6.0,224.28866298793147,316.0,63.47607793160509,10394.624901758742,12545.0,869.9338822724831,72.95448169227878,5.569252077562327,-0.31423187245893874,0.001154353493613839,0.06798696725704607,0.402698038129031,0.6179945384963764,2881.744,16.444578313253015,16.9,16.1,36.861445783132524,39.1,31.8,FP1,0.0
100,FORMULA 1 ARAMCO JAPANESE GRAND PRIX 2026,2026,44,Ferrari,3289.404,33.249,40.798,17.993,SOFT,2.0,226.44818708797342,324.0,62.13770236064299,10569.378199305516,12188.0,858.4308679416384,71.89739418252606,5.748595505617978,-0.4781999781464404,0.0010119244497714794,0.017505280831356596,0.27178425773514553,0.6417836398318991,2881.744,16.444578313253015,16.9,16.1,36.861445783132524,39.1,31.8,FP1,1.0
101,FORMULA 1 ARAMCO JAPANESE GRAND PRIX 2026,2026,55,Williams,1840.771,34.159,41.17,18.054,MEDIUM,8.0,222.6284875138727,326.0,65.58419752834617,10397.488193772926,11967.0,841.541363978887,69.31427150659614,5.487977369165488,-0.14620210778663448,0.0012392800821945892,0.19248273780134842,0.5499653586915026,0.6545197151276329,2881.744,16.444578313253015,16.9,16.1,36.861445783132524,39.1,31.8,FP1,0.0
102,FORMULA 1 ARAMCO JAPANESE GRAND PRIX 2026,2026,63,Mercedes,2881.744,33.058,40.322,18.286,SOFT,6.0,226.00086243640845,330.0,63.86472816211907,10558.012806645003,12379.0,740.0375430968058,67.32022671207922,5.51304347826087,-0.41240166747837076,0.0010543904737779046,0.04528137496941106,0.4962730482722465,0.6263345863213698,2881.744,16.444578313253015,16.9,16.1,36.861445783132524,39.1,31.8,FP1,1.0
103,FORMULA 1 ARAMCO JAPANESE GRAND PRIX 2026,2026,77,Cadillac,3497.306,34.401,41.739,18.35,SOFT,6.0,219.2675663998607,332.0,67.42249057204285,10463.636465744285,12157.0,1066.6537971981381,66.59745930984855,5.522884882108183,-0.43464759248385737,0.0010546864244171336,0.03858178594581228,0.49535786555351896,0.6171880443594663,2881.744,16.444578313253015,16.9,16.1,36.861445783132524,39.1,31.8,FP1,0.0
104,FORMULA 1 ARAMCO JAPANESE GRAND PRIX 2026,2026,81,McLaren,3598.354,33.133,40.689,18.043,SOFT,5.0,225.37492178474665,324.0,64.04351660564241,10845.83372654891,12404.0,761.1320533302519,64.93435123147542,5.873399715504979,-0.5250552368049773,0.0009909568180516259,0.012271467569550372,0.44909234433807166,0.6276936494883343,2881.744,16.444578313253015,16.9,16.1,36.861445783132524,39.1,31.8,FP1,1.0
105,FORMULA 1 ARAMCO JAPANESE GRAND PRIX 2026,2026,87,Haas F1 Team,2980.799,33.44,41.389,18.071,SOFT,3.0,0.0,0.0,0.0,3514.0,3514.0,0.0,104.0,0.0,,0.0010881032349285423,0.03202126915534155,,,2881.744,16.444578313253015,16.9,16.1,36.861445783132524,39.1,31.8,FP1,0.0
106,FORMULA 1 ARAMCO JAPANESE GRAND PRIX 2026,2026,1,McLaren,4056.86,32.627,40.243,17.779,SOFT,2.0,228.60279481075585,328.0,64.45069587560903,10988.503048186743,12368.0,783.128558744392,66.49011293641603,5.888252148997134,-0.46580763047285506,0.0009932440440586674,0.018065499167640567,0.39309106767726576,0.6141940086113349,2376.721,17.171764705882353,17.6,16.4,28.64588235294117,35.0,23.6,FP2,1.0
107,FORMULA 1 ARAMCO JAPANESE GRAND PRIX 2026,2026,3,Red Bull Racing,2608.134,33.053,40.72,17.736,SOFT,2.0,228.5532844353599,333.0,66.52016486362052,10845.305073881505,12251.0,906.0624000669748,67.66075297025918,5.673559822747415,-0.3955038542225881,0.0011074802235313311,0.03554579068050317,0.576254162053652,0.5848735197298441,2376.721,17.171764705882353,17.6,16.4,28.64588235294117,35.0,23.6,FP2,1.0
108,FORMULA 1 ARAMCO JAPANESE GRAND PRIX 2026,2026,5,Audi,4502.926,33.257,40.884,17.792,SOFT,6.0,224.8422043869499,327.0,65.61752463824736,10616.608903259767,12042.0,662.3302046829295,71.11483400004042,5.325249643366619,-0.39365897258560567,0.0011028650746657356,0.03317310680982841,0.2401391167925424,0.5134138921364794,2376.721,17.171764705882353,17.6,16.4,28.64588235294117,35.0,23.6,FP2,0.0
109,FORMULA 1 ARAMCO JAPANESE GRAND PRIX 2026,2026,6,Red Bull Racing,2615.969,33.251,40.775,17.733,SOFT,2.0,225.14278013337636,329.0,64.83256263418066,10708.360132153433,12587.0,849.2688971153021,66.82756158560709,5.696612665684831,-0.4355718065406229,0.0010644319489982723,0.02877429157351679,0.4723649603977837,0.6397269600402359,2376.721,17.171764705882353,17.6,16.4,28.64588235294117,35.0,23.6,FP2,0.0
110,FORMULA 1 ARAMCO JAPANESE GRAND PRIX 2026,2026,10,Alpine,3101.275,33.529,40.417,17.788,SOFT,5.0,226.2698099941829,328.0,62.99324492796226,10468.661720849783,12164.0,773.9764511557277,73.22425600553385,5.618421052631579,-0.5057517748472268,0.0009986787558993707,0.018524867121751186,0.39403339581862584,0.5967142155082507,2376.721,17.171764705882353,17.6,16.4,28.64588235294117,35.0,23.6,FP2,1.0
111,FORMULA 1 ARAMCO JAPANESE GRAND PRIX 2026,2026,11,Cadillac,3235.598,33.977,41.347,18.365,SOFT,4.0,221.60150789760024,321.0,63.988475901254965,10532.39959378552,12249.0,1003.094362829819,70.70999160437562,5.56,-0.5213404879845089,0.0010014757017306909,0.014924422506588094,0.5282045747068661,0.6445688416079205,2376.721,17.171764705882353,17.6,16.4,28.64588235294117,35.0,23.6,FP2,0.0
112,FORMULA 1 ARAMCO JAPANESE GRAND PRIX 2026,2026,12,Mercedes,2450.413,32.653,39.958,17.614,SOFT,2.0,229.59918757155035,331.0,62.62209248877167,10721.724553710146,12389.0,693.6714634479531,70.62407009173128,5.515151515151516,-0.4690905493091065,0.000964303820821438,0.02765962849696696,0.4351730510597696,0.6065198918278806,2376.721,17.171764705882353,17.6,16.4,28.64588235294117,35.0,23.6,FP2,1.0
113,FORMULA 1 ARAMCO JAPANESE GRAND PRIX 2026,2026,14,Aston Martin,3441.168,34.091,41.483,18.022,SOFT,4.0,221.62664453180187,334.0,63.66208397986308,10483.563519203684,11816.0,625.5343592331063,68.51805960489263,5.310489510489511,-0.2276744934206351,0.0011068570462517261,0.0925348921979956,0.3135559095784637,0.5999948126422483,2376.721,17.171764705882353,17.6,16.4,28.64588235294117,35.0,23.6,FP2,0.0
114,FORMULA 1 ARAMCO JAPANESE GRAND PRIX 2026,2026,16,Ferrari,2525.659,32.811,40.15,17.885,SOFT,3.0,229.9536404841134,324.0,61.97193260119423,10819.819801204565,12485.0,768.8158171626058,75.2086284525082,5.677142857142857,-0.5289249574902765,0.0009279745902944372,0.015381932900466272,0.26088883613852343,0.6344723187763519,2376.721,17.171764705882353,17.6,16.4,28.64588235294117,35.0,23.6,FP2,1.0
115,FORMULA 1 ARAMCO JAPANESE GRAND PRIX 2026,2026,18,Aston Martin,3895.474,34.104,41.662,18.185,SOFT,5.0,221.03771728424297,319.0,59.887782809954615,10483.805888065262,11860.0,748.9627055636644,71.37888959947286,5.253237410071942,-0.35975098327302724,0.0010276510654092504,0.037161119888565984,0.4645849640253061,0.6168741882338993,2376.721,17.171764705882353,17.6,16.4,28.64588235294117,35.0,23.6,FP2,0.0
116,FORMULA 1 ARAMCO JAPANESE GRAND PRIX 2026,2026,23,Williams,2623.705,33.146,40.589,17.761,SOFT,2.0,226.28328052319614,331.0,65.41709556421655,10654.673943423837,12012.0,769.1284699849351,71.23700962556455,5.442647058823529,-0.19725287247664922,0.0012370110639142052,0.18294891506661817,0.4643899096759754,0.621506495481281,2376.721,17.171764705882353,17.6,16.4,28.64588235294117,35.0,23.6,FP2,0.0
117,FORMULA 1 ARAMCO JAPANESE GRAND PRIX 2026,2026,27,Audi,2924.928,33.203,40.513,17.725,SOFT,4.0,227.58164049947976,321.0,62.97596260209024,10598.040899960037,12360.0,661.4397978450344,74.70452881663405,5.437229437229437,-0.4170992384011425,0.0010063792315527862,0.04177919583872248,0.10223810260176917,0.5785184573437547,2376.721,17.171764705882353,17.6,16.4,28.64588235294117,35.0,23.6,FP2,0.0
118,FORMULA 1 ARAMCO JAPANESE GRAND PRIX 2026,2026,30,Racing Bulls,2765.63,33.181,40.425,17.984,SOFT,5.0,226.28047134497763,324.0,64.3960233895008,10963.210830391108,12733.0,760.2815299572818,71.4504820468044,5.568149210903874,-0.35714108775014386,0.0010451000849018939,0.05695846024991833,0.40556151635844623,0.571675469477229,2376.721,17.171764705882353,17.6,16.4,28.64588235294117,35.0,23.6,FP2,1.0
119,FORMULA 1 ARAMCO JAPANESE GRAND PRIX 2026,2026,31,Haas F1 Team,2957.934,33.058,40.601,17.873,SOFT,5.0,228.66127604167602,325.0,61.63363232153679,10709.47314416096,11954.0,703.3897222211832,75.66001353617283,5.683982683982684,-0.5039773445842776,0.0009448949885497218,0.016335934523989442,0.33848320633784984,0.6257869832014991,2376.721,17.171764705882353,17.6,16.4,28.64588235294117,35.0,23.6,FP2,1.0
120,FORMULA 1 ARAMCO JAPANESE GRAND PRIX 2026,2026,43,Alpine,2596.053,33.525,40.942,17.971,SOFT,2.0,226.22151808076455,325.0,63.78490380782312,10426.899923768487,12034.0,810.5913341300723,73.08891463574453,5.613933236574746,-0.4619233274060223,0.0010148319273943851,0.019988076830012937,0.4160300261792672,0.6034140420879789,2376.721,17.171764705882353,17.6,16.4,28.64588235294117,35.0,23.6,FP2,0.0
121,FORMULA 1 ARAMCO JAPANESE GRAND PRIX 2026,2026,44,Ferrari,3171.561,32.774,40.346,17.86,SOFT,8.0,227.6562393960469,324.0,61.96185340170382,10724.666870156629,12211.0,836.5562607014559,74.82038825095582,5.698412698412699,-0.4396292878564503,0.0010077745252829453,0.027341816868852686,0.24252669341662358,0.6570271699589791,2376.721,17.171764705882353,17.6,16.4,28.64588235294117,35.0,23.6,FP2,1.0
122,FORMULA 1 ARAMCO JAPANESE GRAND PRIX 2026,2026,55,Williams,2632.801,33.25,40.617,17.741,SOFT,2.0,223.18472881255144,332.0,66.1125470238962,10476.451605850012,11763.0,764.3587402523891,69.91984987119703,5.416545718432511,-0.2322598980545389,0.0011335955374487114,0.10108818975304919,0.6227805940447617,0.5501689419867158,2376.721,17.171764705882353,17.6,16.4,28.64588235294117,35.0,23.6,FP2,0.0
123,FORMULA 1 ARAMCO JAPANESE GRAND PRIX 2026,2026,63,Mercedes,2659.633,32.47,40.001,17.867,SOFT,3.0,230.95303718373597,328.0,62.7490783611686,10602.945290242975,12339.0,702.9132883621304,70.30597458747782,5.648967551622419,-0.4984634288012696,0.0010063917659704582,0.022380864511466297,0.4060067770654334,0.6211100146891407,2376.721,17.171764705882353,17.6,16.4,28.64588235294117,35.0,23.6,FP2,1.0
124,FORMULA 1 ARAMCO JAPANESE GRAND PRIX 2026,2026,77,Cadillac,2466.916,33.664,41.069,17.882,SOFT,2.0,225.1075857293174,334.0,66.22819194974291,10461.65970666479,12057.0,1008.3772942418412,69.70848130826754,5.746817538896747,-0.4818300829217134,0.0009330016409301253,0.019280581530868927,0.5846125359847749,0.6172244464815563,2376.721,17.171764705882353,17.6,16.4,28.64588235294117,35.0,23.6,FP2,0.0
125,FORMULA 1 ARAMCO JAPANESE GRAND PRIX 2026,2026,81,McLaren,2376.721,32.412,39.99,17.731,SOFT,2.0,229.93734467666658,328.0,62.6401251741614,10980.168452534994,12429.0,715.6437857422527,66.475206631416,5.963872832369942,-0.09708986426002969,0.001271892041765106,0.2537517922499932,0.35086633264736006,0.5995393291618794,2376.721,17.171764705882353,17.6,16.4,28.64588235294117,35.0,23.6,FP2,1.0
126,FORMULA 1 ARAMCO JAPANESE GRAND PRIX 2026,2026,87,Haas F1 Team,2994.977,32.966,40.642,17.89,SOFT,5.0,228.72805660603808,320.0,61.624360969587556,10729.823025604499,12093.0,763.5018112733225,77.26968360427117,5.708987161198288,-0.4137881427352934,0.0009959473742364843,0.037089223801652214,0.31555553543349973,0.5914849818864996,2376.721,17.171764705882353,17.6,16.4,28.64588235294117,35.0,23.6,FP2,0.0
127,FORMULA 1 ARAMCO JAPANESE GRAND PRIX 2026,2026,1,McLaren,4093.469,32.643,40.146,17.811,SOFT,2.0,229.28830478541968,325.0,63.24541606113377,10888.751822069757,12521.0,822.4826662359287,67.84216772553977,5.979259259259259,-0.5306016885215844,0.0009359489612546631,0.014370633230446857,0.42764859114719617,0.6254884762552758,3323.655,16.13,17.0,15.6,36.71875,39.0,34.1,FP3,1.0
128,FORMULA 1 ARAMCO JAPANESE GRAND PRIX 2026,2026,3,Red Bull Racing,3811.58,32.659,40.516,17.735,SOFT,2.0,215.58445223920472,332.0,72.55141396303888,10746.717824041203,12251.0,824.7222206506457,65.99251141771957,5.263386396526773,-0.3788308295135105,0.0009663978760191205,0.017659592299337733,0.5998780435211697,0.4228888727109621,3323.655,16.13,17.0,15.6,36.71875,39.0,34.1,FP3,1.0
129,FORMULA 1 ARAMCO JAPANESE GRAND PRIX 2026,2026,5,Audi,3657.899,32.811,40.384,17.805,SOFT,4.0,228.40738642804519,326.0,63.47565971564499,10669.578209676823,12021.0,608.0404465744901,71.94786291687737,5.416296296296296,-0.3427837914855303,0.0010462268811174467,0.06489706666579773,0.12713970128125554,0.523023701741065,3323.655,16.13,17.0,15.6,36.71875,39.0,34.1,FP3,0.0
130,FORMULA 1 ARAMCO JAPANESE GRAND PRIX 2026,2026,6,Red Bull Racing,3856.397,32.756,40.566,17.772,SOFT,2.0,227.73088545596013,331.0,67.2539900915624,10896.801998419218,12142.0,840.756464020208,66.54503617126511,5.591445427728614,-0.49117018771474247,0.000983829216466445,0.019709132874459582,0.6074526498824925,0.618820818239587,3323.655,16.13,17.0,15.6,36.71875,39.0,34.1,FP3,0.0
131,FORMULA 1 ARAMCO JAPANESE GRAND PRIX 2026,2026,10,Alpine,4184.369,32.971,40.346,17.765,SOFT,5.0,228.8402878319407,327.0,63.154585888757246,10630.573173424891,11929.0,631.2890578761815,71.98802838610983,5.547550432276657,-0.30025242345374076,0.001072961060036707,0.05342233797541327,0.4855998555724453,0.5353391698689222,3323.655,16.13,17.0,15.6,36.71875,39.0,34.1,FP3,1.0
132,FORMULA 1 ARAMCO JAPANESE GRAND PRIX 2026,2026,11,Cadillac,4075.339,33.471,40.963,18.106,SOFT,2.0,222.7826218842367,322.0,65.54230155044989,10605.67020911939,12041.0,980.7387217099698,73.07046840835092,5.542940320232897,-0.5085676075189026,0.0009836697644018467,0.019452034495404957,0.5484552786002568,0.6180893360458272,3323.655,16.13,17.0,15.6,36.71875,39.0,34.1,FP3,0.0
133,FORMULA 1 ARAMCO JAPANESE GRAND PRIX 2026,2026,12,Mercedes,3323.655,32.159,39.646,17.557,SOFT,2.0,233.54089189455235,327.0,63.45095552058138,10693.813089143256,12609.0,619.5048313262083,70.96326870341527,5.653673163418291,-0.5306381456552934,0.000936751869079603,0.016495447739296384,0.4218280361869246,0.624054990087592,3323.655,16.13,17.0,15.6,36.71875,39.0,34.1,FP3,1.0
134,FORMULA 1 ARAMCO JAPANESE GRAND PRIX 2026,2026,14,Aston Martin,4026.648,33.877,41.483,18.169,SOFT,2.0,221.98233501444875,328.0,61.73011562891467,10327.807169528121,11837.0,706.8968895373483,70.96325925914735,5.470418470418471,-0.34968658878852743,0.0010376770017056494,0.04932316666430319,0.23184464788396608,0.5971374348501103,3323.655,16.13,17.0,15.6,36.71875,39.0,34.1,FP3,0.0
135,FORMULA 1 ARAMCO JAPANESE GRAND PRIX 2026,2026,16,Ferrari,2234.061,32.385,40.228,17.616,SOFT,6.0,229.7694779676921,333.0,64.58860163360208,10903.362935862882,12391.0,712.0690724786135,73.36623814304673,5.6,-0.2811440448367648,0.0012488257151987234,0.09758574715009233,0.3883064922952575,0.5721397668382175,3323.655,16.13,17.0,15.6,36.71875,39.0,34.1,FP3,1.0
136,FORMULA 1 ARAMCO JAPANESE GRAND PRIX 2026,2026,18,Aston Martin,3845.092,33.791,41.577,18.117,SOFT,2.0,222.04305578561076,323.0,59.050855747642345,10382.25048439853,11493.0,720.027581910517,71.76008395380694,5.3615494978479195,-0.41879227511386036,0.000998727197033166,0.02665586589007248,0.5311871721041431,0.5981673754295711,3323.655,16.13,17.0,15.6,36.71875,39.0,34.1,FP3,0.0
137,FORMULA 1 ARAMCO JAPANESE GRAND PRIX 2026,2026,23,Williams,4043.651,33.446,40.533,17.754,SOFT,5.0,226.58177624497262,331.0,65.02567985355282,10537.73085404542,12569.0,735.0465414224639,69.00317193487777,5.5266272189349115,-0.4010989441090111,0.0010194658539141748,0.027919981376068072,0.4437213763345299,0.5837467208722207,3323.655,16.13,17.0,15.6,36.71875,39.0,34.1,FP3,0.0
138,FORMULA 1 ARAMCO JAPANESE GRAND PRIX 2026,2026,27,Audi,3437.138,32.678,40.327,17.653,SOFT,2.0,231.08557109643814,328.0,62.76612681139167,10671.591197432796,12428.0,640.1295245220041,75.28098540503258,5.479351032448378,-0.40433193074658225,0.0010445368371247963,0.03446164448514238,0.10954684100825683,0.5634563939151129,3323.655,16.13,17.0,15.6,36.71875,39.0,34.1,FP3,0.0
139,FORMULA 1 ARAMCO JAPANESE GRAND PRIX 2026,2026,30,Racing Bulls,4264.943,33.061,40.412,17.624,SOFT,3.0,228.74120477433848,331.0,64.59555477327255,10972.512640881934,12694.0,756.0484956776489,72.51781337883502,5.657933042212518,-0.47487988618675064,0.0010079926385105176,0.021811133096049415,0.42617046887003224,0.6009147483748758,3323.655,16.13,17.0,15.6,36.71875,39.0,34.1,FP3,1.0
140,FORMULA 1 ARAMCO JAPANESE GRAND PRIX 2026,2026,31,Haas F1 Team,4111.98,33.126,40.375,17.825,SOFT,8.0,225.79616420845377,329.0,63.15024197634176,10755.263813659023,12019.0,742.343414801408,73.26645314024393,5.611678832116788,-0.5248264311794362,0.0009387386154622588,0.014722126591629973,0.3413922096057888,0.5980815965575681,3323.655,16.13,17.0,15.6,36.71875,39.0,34.1,FP3,1.0
141,FORMULA 1 ARAMCO JAPANESE GRAND PRIX 2026,2026,41,Racing Bulls,2245.675,33.088,40.578,17.622,SOFT,7.0,227.38938312185357,330.0,64.41398052423382,10755.71440615902,12586.0,818.7885757189306,72.18663673279347,5.731671554252199,-0.3222439326782714,0.0011815742960287366,0.05534150271309285,0.48698084150125553,0.6114033011289544,3323.655,16.13,17.0,15.6,36.71875,39.0,34.1,FP3,0.0
142,FORMULA 1 ARAMCO JAPANESE GRAND PRIX 2026,2026,43,Alpine,4462.966,33.311,40.617,17.831,SOFT,5.0,225.75048876962336,326.0,63.70892998009304,10470.243102433647,12179.0,721.5114096533077,72.07204000142542,5.527616279069767,-0.47547665162584896,0.0009963623501232028,0.030180838945920257,0.5158987979371962,0.5732716418484411,3323.655,16.13,17.0,15.6,36.71875,39.0,34.1,FP3,0.0
143,FORMULA 1 ARAMCO JAPANESE GRAND PRIX 2026,2026,44,Ferrari,4067.805,32.407,40.138,17.838,SOFT,5.0,228.36246207621951,325.0,62.04584516806076,10875.311971740193,12639.0,813.3605056748432,71.84504651193454,5.654708520179372,-0.5384622980778652,0.000922639835380016,0.013519849054162954,0.14137122130828317,0.5132661225905636,3323.655,16.13,17.0,15.6,36.71875,39.0,34.1,FP3,1.0
144,FORMULA 1 ARAMCO JAPANESE GRAND PRIX 2026,2026,55,Williams,3834.983,33.223,40.911,17.695,SOFT,2.0,222.54875899834605,332.0,65.53525291749668,10492.458631555557,11693.0,742.5811318030572,72.50001628722049,5.369030390738061,-0.4689478283253685,0.0009748835720084894,0.019201048342585472,0.6106303963183695,0.5051491229363789,3323.655,16.13,17.0,15.6,36.71875,39.0,34.1,FP3,0.0
145,FORMULA 1 ARAMCO JAPANESE GRAND PRIX 2026,2026,63,Mercedes,3308.992,32.029,39.945,17.642,SOFT,2.0,230.37954095641507,328.0,63.01009532096743,10607.172169063835,12521.0,732.9688272775011,73.58622885915486,5.670118343195266,-0.38246371517546957,0.0010349355310551238,0.04754012080572812,0.3760474461260486,0.558229329860149,3323.655,16.13,17.0,15.6,36.71875,39.0,34.1,FP3,1.0
146,FORMULA 1 ARAMCO JAPANESE GRAND PRIX 2026,2026,77,Cadillac,4082.738,33.663,40.931,17.909,SOFT,2.0,224.41629425786914,332.0,66.9852582015122,10535.193926026657,12252.0,988.4107748007033,71.60308587268895,5.595900439238653,-0.49529777404851266,0.0009695522121148625,0.02213742444066301,0.5980302267673633,0.6375421688753912,3323.655,16.13,17.0,15.6,36.71875,39.0,34.1,FP3,0.0
147,FORMULA 1 ARAMCO JAPANESE GRAND PRIX 2026,2026,81,McLaren,3300.865,32.759,39.869,17.736,SOFT,2.0,229.53709967449015,326.0,62.308601258929414,10936.714896650892,12516.0,778.267099622119,67.52950682367094,5.927728613569322,-0.5430311701495483,0.0009562864541618842,0.012355961234254257,0.37442043174050854,0.616429296744875,3323.655,16.13,17.0,15.6,36.71875,39.0,34.1,FP3,1.0
148,FORMULA 1 ARAMCO JAPANESE GRAND PRIX 2026,2026,87,Haas F1 Team,2208.787,33.368,40.445,17.745,MEDIUM,8.0,226.91592458615366,327.0,63.574104256011516,10802.879565411698,12107.0,777.2280755654397,74.7909814437221,5.600570613409415,-0.3319772008503654,0.0011548879219923415,0.04928675583288682,0.4025395340318248,0.645097199349926,3323.655,16.13,17.0,15.6,36.71875,39.0,34.1,FP3,0.0
149,FORMULA 1 CRYPTO.COM MIAMI GRAND PRIX 2026,2026,1,McLaren,2250.483,30.905,33.873,25.43,HARD,13.0,208.69160044135407,338.0,85.64489354556822,10893.24546531011,12545.0,1068.9272704031926,63.18215828629107,5.218654434250764,-0.416818610912908,0.0013252877958471016,0.030435336779972892,0.5909042561840687,0.607929303117894,5258.172,30.998999999999995,32.1,29.9,53.04,58.0,46.1,FP1,1.0
150,FORMULA 1 CRYPTO.COM MIAMI GRAND PRIX 2026,2026,3,Red Bull Racing,5108.253,31.053,33.663,24.891,SOFT,5.0,215.5066681480392,341.0,86.40004816749345,10838.036037594733,12336.0,1046.0802887461482,62.60127123331023,5.172362555720654,-0.4942226360121438,0.0011534786694009716,0.02243238741436153,0.689808918044972,0.7005491406497142,5258.172,30.998999999999995,32.1,29.9,53.04,58.0,46.1,FP1,1.0
151,FORMULA 1 CRYPTO.COM MIAMI GRAND PRIX 2026,2026,5,Audi,5233.415,31.813,34.106,25.192,SOFT,5.0,211.36435039661072,344.0,87.04132809917002,10758.563514102194,12785.0,757.9805214909711,66.90160948349461,4.831640058055152,-0.4279605116882661,0.0011935783484634933,0.03969385949054161,0.5223720479326684,0.6636632942579457,5258.172,30.998999999999995,32.1,29.9,53.04,58.0,46.1,FP1,0.0
152,FORMULA 1 CRYPTO.COM MIAMI GRAND PRIX 2026,2026,6,Red Bull Racing,5206.353,31.573,33.983,25.317,SOFT,5.0,209.29642989442644,339.0,85.51389866869509,10526.78596208325,12418.0,1156.1789877184856,61.097782729027195,5.19136690647482,-0.04278732001140941,0.030933888637672966,17.560214063278316,0.7028266175089591,0.7405438279349538,5258.172,30.998999999999995,32.1,29.9,53.04,58.0,46.1,FP1,0.0
153,FORMULA 1 CRYPTO.COM MIAMI GRAND PRIX 2026,2026,10,Alpine,5212.671,31.386,33.849,25.352,SOFT,5.0,212.93778745040885,344.0,88.44897788454962,10365.651685204863,11996.0,1011.4933288879861,64.70313663231819,5.07959479015919,-0.44903116604734433,0.0011541264047664505,0.02716632277367538,0.7058487985454921,0.6842195008049398,5258.172,30.998999999999995,32.1,29.9,53.04,58.0,46.1,FP1,0.0
154,FORMULA 1 CRYPTO.COM MIAMI GRAND PRIX 2026,2026,11,Cadillac,5414.574,31.882,34.508,25.657,SOFT,5.0,209.71364901211257,340.0,88.11067480557543,10461.049495367113,12735.0,1346.560263194032,65.12187687610216,5.0510948905109485,-0.39137563467964986,0.0013492862567466362,0.04747877356043462,0.7477430367128509,0.7284998670456905,5258.172,30.998999999999995,32.1,29.9,53.04,58.0,46.1,FP1,0.0
155,FORMULA 1 CRYPTO.COM MIAMI GRAND PRIX 2026,2026,12,Mercedes,1375.968,30.972,33.918,25.189,HARD,8.0,212.53409532775868,343.0,87.65311984530821,10428.26190466878,12060.0,1197.6584900750656,63.08548617872938,4.972017673048601,-0.23149985035570603,0.0014043733752024485,0.14384954685205556,0.7079823135403582,0.7415897280953707,5258.172,30.998999999999995,32.1,29.9,53.04,58.0,46.1,FP1,1.0
156,FORMULA 1 CRYPTO.COM MIAMI GRAND PRIX 2026,2026,14,Aston Martin,5285.092,31.909,34.891,25.793,MEDIUM,6.0,207.72429304607064,336.0,84.65996188401706,10307.763838245372,12646.0,1130.5967169717842,64.22823584050856,4.894812680115273,-0.4147794987543898,0.001221669535868235,0.042718545730345114,0.6842725028332243,0.7056904979387822,5258.172,30.998999999999995,32.1,29.9,53.04,58.0,46.1,FP1,0.0
157,FORMULA 1 CRYPTO.COM MIAMI GRAND PRIX 2026,2026,16,Ferrari,5258.172,30.65,33.673,24.987,SOFT,6.0,215.89168342329756,343.0,86.54894920850448,10590.068335729686,12246.0,1043.6822377686478,70.06943682517753,5.218424962852898,-0.3438955503323563,0.0013302633846005146,0.06799269576675178,0.7113151902886063,0.7111387123155346,5258.172,30.998999999999995,32.1,29.9,53.04,58.0,46.1,FP1,1.0
158,FORMULA 1 CRYPTO.COM MIAMI GRAND PRIX 2026,2026,18,Aston Martin,5098.699,32.368,34.828,25.763,MEDIUM,5.0,208.61084556939548,335.0,84.53056691945388,10304.65352056444,12638.0,1164.6607126854149,66.87717197213753,4.9054441260744985,-0.4324544843926228,0.0011874725753316475,0.028366469515863593,0.6937019578879426,0.6877673930030782,5258.172,30.998999999999995,32.1,29.9,53.04,58.0,46.1,FP1,0.0
159,FORMULA 1 CRYPTO.COM MIAMI GRAND PRIX 2026,2026,23,Williams,5088.714,31.616,34.262,25.146,SOFT,2.0,210.00629114438948,343.0,88.8150330034517,10446.397752551482,11979.0,1157.7916660002393,63.4057511084307,4.911208151382824,-0.39288680468469084,0.0012693415425613342,0.04286508647440556,0.729974124766368,0.6759476062746467,5258.172,30.998999999999995,32.1,29.9,53.04,58.0,46.1,FP1,1.0
160,FORMULA 1 CRYPTO.COM MIAMI GRAND PRIX 2026,2026,27,Audi,2415.055,31.53,34.54,25.525,HARD,14.0,209.86634590037744,338.0,85.74490567106098,10590.102073049833,12224.0,726.7950154303903,68.12203178520335,4.8895348837209305,-0.3967585835627481,0.0012385436610443431,0.04229308327752386,0.4523649650525087,0.6869250950073675,5258.172,30.998999999999995,32.1,29.9,53.04,58.0,46.1,FP1,0.0
161,FORMULA 1 CRYPTO.COM MIAMI GRAND PRIX 2026,2026,30,Racing Bulls,4737.972,31.593,34.528,25.527,MEDIUM,6.0,208.65526687101274,339.0,86.50508444244552,10822.092549063904,12481.0,1108.8233522023243,65.11903436331008,5.014577259475218,-0.2992176316823259,0.001293503892178939,0.08554461834457625,0.6494560744675059,0.6727387786793149,5258.172,30.998999999999995,32.1,29.9,53.04,58.0,46.1,FP1,0.0
162,FORMULA 1 CRYPTO.COM MIAMI GRAND PRIX 2026,2026,31,Haas F1 Team,5444.02,31.734,34.288,25.613,SOFT,7.0,210.10818101729993,337.0,84.98039030695551,10611.702641030435,12023.0,1093.3197689464655,66.02065556524829,5.038123167155425,-0.30149955881997875,0.001511007768164878,0.06949684192635093,0.7191821185115825,0.7002229624301921,5258.172,30.998999999999995,32.1,29.9,53.04,58.0,46.1,FP1,0.0
163,FORMULA 1 CRYPTO.COM MIAMI GRAND PRIX 2026,2026,41,Racing Bulls,5014.445,32.33,34.905,25.627,MEDIUM,10.0,207.8359414725342,339.0,87.4697648387276,10676.706368829924,12496.0,1123.5354339103653,62.55224551121468,4.995768688293371,-0.08633377797442542,0.002759587850944814,0.9637076428621384,0.65216455725309,0.6833390734121003,5258.172,30.998999999999995,32.1,29.9,53.04,58.0,46.1,FP1,0.0
164,FORMULA 1 CRYPTO.COM MIAMI GRAND PRIX 2026,2026,43,Alpine,5034.212,31.422,34.264,25.329,SOFT,3.0,211.91974298659886,343.0,88.98163365063539,10434.005679381537,12652.0,1137.6339816098666,64.4459171688125,5.002919708029197,-0.2949824457612356,0.0015604286460199227,0.10224360928477298,0.7113479348769011,0.7073616200097524,5258.172,30.998999999999995,32.1,29.9,53.04,58.0,46.1,FP1,1.0
165,FORMULA 1 CRYPTO.COM MIAMI GRAND PRIX 2026,2026,44,Ferrari,4925.576,30.594,33.859,25.324,SOFT,2.0,213.61288788683993,342.0,85.73424036046812,10782.21346011166,12416.0,938.5514063890438,67.13125584240271,5.12316715542522,-0.395054699001278,0.0012804682349041637,0.04647708088181227,0.5597209161793684,0.7375560632012249,5258.172,30.998999999999995,32.1,29.9,53.04,58.0,46.1,FP1,1.0
166,FORMULA 1 CRYPTO.COM MIAMI GRAND PRIX 2026,2026,55,Williams,5246.758,31.766,33.824,25.34,SOFT,3.0,211.74124318649427,343.0,85.94425362509932,10343.952018348837,11865.0,1141.2468942343044,65.38279498869156,5.088825214899713,-0.4131455495793994,0.001244228665842449,0.03570535807880831,0.7401464080150387,0.6881875997591225,5258.172,30.998999999999995,32.1,29.9,53.04,58.0,46.1,FP1,1.0
167,FORMULA 1 CRYPTO.COM MIAMI GRAND PRIX 2026,2026,63,Mercedes,4747.85,30.84,33.945,25.315,SOFT,2.0,215.72518432509358,343.0,88.3170770286474,10425.362645462876,12378.0,1189.7290112410906,64.04349857925637,5.151824817518248,-0.37798891027119125,0.0013137643622517746,0.03410057486176777,0.7153404470013512,0.7350758773870519,5258.172,30.998999999999995,32.1,29.9,53.04,58.0,46.1,FP1,1.0
168,FORMULA 1 CRYPTO.COM MIAMI GRAND PRIX 2026,2026,77,Cadillac,5158.035,32.156,34.665,25.941,SOFT,3.0,206.1968265916445,340.0,86.81162685012434,10217.290403264431,12019.0,1482.6036589357386,64.15668573213546,5.1074020319303335,-0.32309495788321824,0.0014151425762987634,0.08449895951370483,0.7621940443751986,0.7252768220329955,5258.172,30.998999999999995,32.1,29.9,53.04,58.0,46.1,FP1,0.0
169,FORMULA 1 CRYPTO.COM MIAMI GRAND PRIX 2026,2026,81,McLaren,5117.87,30.761,33.906,25.091,SOFT,5.0,213.3628145905926,336.0,85.11283252546805,10891.988485214268,12515.0,922.3999538948568,62.64332703044513,5.37240356083086,-0.14057554287010982,0.0016812634651781147,0.28141211238829794,0.6520690445342576,0.7390987935299507,5258.172,30.998999999999995,32.1,29.9,53.04,58.0,46.1,FP1,1.0
170,FORMULA 1 CRYPTO.COM MIAMI GRAND PRIX 2026,2026,87,Haas F1 Team,4813.982,31.401,34.113,25.576999999999998,SOFT,2.0,210.34234650444404,340.0,86.69755877568858,10684.326951727506,12094.0,1027.4749635426394,67.28527899225354,5.001404494382022,-0.40578533421444946,0.0012323243730763987,0.03169073723001271,0.7565282715139164,0.7066566444931872,5258.172,30.998999999999995,32.1,29.9,53.04,58.0,46.1,FP1,0.0
171,FORMULA 1 LENOVO GRAND PRIX DU CANADA 2026,2026,1,,5057.108,21.3,23.4,30.099,SOFT,2.0,207.48696192076687,321.0,73.43433478703938,10832.040679649328,12475.0,865.6088523350412,66.57216470881603,5.340989399293286,0.006021338429564986,2435886206477.696,70368744177664.0,0.3872166394851039,0.6526699588488668,4781.798,16.641176470588242,17.4,15.5,39.70980392156863,42.1,36.5,FP1,0.0
172,FORMULA 1 LENOVO GRAND PRIX DU CANADA 2026,2026,10,,4177.969,22.244,24.426,30.139,HARD,16.0,204.11834483618202,324.0,75.2520100730486,10449.239310007608,12460.0,993.1301826739203,67.47586499520384,4.810283687943262,-0.3689311950425417,0.0012904304846870118,0.08090058837400976,0.6180305385662137,0.629584270154844,4781.798,16.641176470588242,17.4,15.5,39.70980392156863,42.1,36.5,FP1,1.0
173,FORMULA 1 LENOVO GRAND PRIX DU CANADA 2026,2026,11,,4032.429,22.343,25.058,30.525,SOFT,17.0,198.27248476977056,325.0,74.03409134646063,10149.656814484526,12512.0,1600.5076728437932,66.02571751885016,4.967796610169492,-0.5186200131126595,0.001076635340114071,0.020816622495768034,0.7375465131013836,0.6829194991512004,4781.798,16.641176470588242,17.4,15.5,39.70980392156863,42.1,36.5,FP1,0.0
174,FORMULA 1 LENOVO GRAND PRIX DU CANADA 2026,2026,12,,4781.798,20.785,23.33,29.287,SOFT,2.0,212.18342180030592,327.0,72.3263210619849,10660.230980688682,12374.0,897.7343521057871,70.4820092370631,4.992619926199262,-0.14330464193915562,0.0017382784566982313,0.3676486634113112,0.49739480404563535,0.6712520885916436,4781.798,16.641176470588242,17.4,15.5,39.70980392156863,42.1,36.5,FP1,1.0
175,FORMULA 1 LENOVO GRAND PRIX DU CANADA 2026,2026,14,,5228.458,21.317,24.174,30.372,MEDIUM,3.0,204.72730720913611,316.0,71.39844162808397,10472.196844067568,12164.0,855.3528302542741,71.21085464824418,4.693771626297578,-0.51238095726876,0.0010674284341573431,0.029702236198148033,0.569031414205645,0.6625504144307934,4781.798,16.641176470588242,17.4,15.5,39.70980392156863,42.1,36.5,FP1,0.0
176,FORMULA 1 LENOVO GRAND PRIX DU CANADA 2026,2026,16,,4849.938,20.942,23.697,29.716,SOFT,2.0,210.50926218221113,327.0,72.858205104821,10701.779239835554,12082.0,909.4526586595981,71.50936819882413,5.098540145985401,-0.2914964329946027,0.001273180472884776,0.10610548115703569,0.6182814515688607,0.6332044937314534,4781.798,16.641176470588242,17.4,15.5,39.70980392156863,42.1,36.5,FP1,1.0
177,FORMULA 1 LENOVO GRAND PRIX DU CANADA 2026,2026,18,,5221.618,21.765,24.496,30.717,MEDIUM,3.0,202.23710633994725,312.0,70.68019795335816,10282.831163034949,12493.0,1175.0489612799881,68.92858126437983,4.720812182741117,-0.23683537695674853,0.0013380363746377142,0.16100609902988228,0.6398051299201643,0.6470069463608886,4781.798,16.641176470588242,17.4,15.5,39.70980392156863,42.1,36.5,FP1,0.0
178,FORMULA 1 LENOVO GRAND PRIX DU CANADA 2026,2026,23,,2247.198,21.826999999999998,24.425,30.39,HARD,12.0,203.68766671566752,321.0,72.93531047854026,10327.317754061494,11987.0,1025.2126270652068,66.48458249504142,4.887915936952715,-0.18193616151313194,0.001449499279360536,0.17580236290614307,0.6128769764902204,0.6402290537203095,4781.798,16.641176470588242,17.4,15.5,39.70980392156863,42.1,36.5,FP1,0.0
179,FORMULA 1 LENOVO GRAND PRIX DU CANADA 2026,2026,27,,4644.373,21.633,24.003,30.062,HARD,20.0,205.70256827399695,324.0,75.96199505153845,10648.504891534032,12719.0,827.4559715046191,70.30805025030806,4.806282722513089,-0.4985833599293952,0.0011153973191586639,0.02653781301261949,0.18439216653337795,0.6235026412393366,4781.798,16.641176470588242,17.4,15.5,39.70980392156863,42.1,36.5,FP1,0.0
180,FORMULA 1 LENOVO GRAND PRIX DU CANADA 2026,2026,3,,5128.243,21.214,23.594,29.558,SOFT,2.0,211.12815998920078,324.0,72.44479862718644,10694.136064677032,12332.0,937.1589140671839,66.07846594377865,5.172597864768683,-0.38957288360476666,0.0012815402968746285,0.05903056505034296,0.59062057054037,0.7029641845433743,4781.798,16.641176470588242,17.4,15.5,39.70980392156863,42.1,36.5,FP1,1.0
181,FORMULA 1 LENOVO GRAND PRIX DU CANADA 2026,2026,30,,1280.135,22.285,24.467,30.679,MEDIUM,4.0,202.51312858816118,307.0,72.48752748129927,10705.307568630686,12444.0,1000.0201014704916,67.40261290995642,4.8957983193277315,-0.34920728217558755,0.0012612888216587913,0.062479322389892115,0.549903857145391,0.6587967096097842,4781.798,16.641176470588242,17.4,15.5,39.70980392156863,42.1,36.5,FP1,1.0
182,FORMULA 1 LENOVO GRAND PRIX DU CANADA 2026,2026,31,,4433.025,21.883,24.195,30.419,HARD,21.0,205.62026383404844,320.0,72.92684844077745,10519.994793652959,12115.0,912.9269012565277,68.92159178744232,5.050788091068301,-0.4555078393639182,0.0011414616564716946,0.04228116485474616,0.6452020663252257,0.6267372856173907,4781.798,16.641176470588242,17.4,15.5,39.70980392156863,42.1,36.5,FP1,0.0
183,FORMULA 1 LENOVO GRAND PRIX DU CANADA 2026,2026,41,,3779.863,21.576,24.047,29.829,MEDIUM,15.0,208.4016748800685,327.0,75.06171254339306,10702.945598821116,12813.0,1030.7329947805802,67.90250669804409,5.126785714285714,-0.5091949728642546,0.0009881898780801442,0.023751159969810243,0.4928020168735737,0.6016870581244216,4781.798,16.641176470588242,17.4,15.5,39.70980392156863,42.1,36.5,FP1,0.0
184,FORMULA 1 LENOVO GRAND PRIX DU CANADA 2026,2026,44,,5118.142,20.91,23.494,29.772,SOFT,3.0,208.91254809780295,328.0,72.90793512292282,10723.879735783994,12529.0,1054.661033608797,70.30707733472322,5.0606060606060606,-0.29203707160566383,0.0011378596425805712,0.06551605009436222,0.4970971726582272,0.6337716527994418,4781.798,16.641176470588242,17.4,15.5,39.70980392156863,42.1,36.5,FP1,1.0
185,FORMULA 1 LENOVO GRAND PRIX DU CANADA 2026,2026,5,,5161.55,21.588,23.951,30.675,SOFT,3.0,205.09672363911332,327.0,75.51924735494501,10711.217104066902,12536.0,676.1444310176724,67.75265201070532,4.739795918367347,-0.0732371184321808,0.011559616357414912,5.82440837502082,0.25027754465735474,0.6281193455193194,4781.798,16.641176470588242,17.4,15.5,39.70980392156863,42.1,36.5,FP1,0.0
186,FORMULA 1 LENOVO GRAND PRIX DU CANADA 2026,2026,55,,2350.476,21.822,24.37,30.468,HARD,13.0,204.24711415318075,315.0,73.16571795760649,10175.24260082268,11581.0,1106.9652243124742,67.60380659345583,4.967071057192374,-0.5289955820843963,0.0010973519999553565,0.01807386163584503,0.6861583719382264,0.6641182664968501,4781.798,16.641176470588242,17.4,15.5,39.70980392156863,42.1,36.5,FP1,1.0
187,FORMULA 1 LENOVO GRAND PRIX DU CANADA 2026,2026,6,,1290.409,21.875,24.212,30.166,HARD,4.0,206.4024024018228,321.0,73.69334741578261,10521.40243859018,12331.0,1170.6173099591037,65.52342946400297,5.175468483816013,-0.0597677600198262,0.24401357798726783,140.226996937751,0.5922914878585372,0.7278903352292897,4781.798,16.641176470588242,17.4,15.5,39.70980392156863,42.1,36.5,FP1,1.0
188,FORMULA 1 LENOVO GRAND PRIX DU CANADA 2026,2026,63,,5009.373,20.896,23.224,29.424,SOFT,6.0,211.58234565742677,327.0,73.59552378499667,10552.470340633296,12539.0,944.3247250640618,70.62699946482527,5.096085409252669,-0.465202428259674,0.0011530197251521104,0.04031396527272481,0.473867458110413,0.6669204236739187,4781.798,16.641176470588242,17.4,15.5,39.70980392156863,42.1,36.5,FP1,0.0
189,FORMULA 1 LENOVO GRAND PRIX DU CANADA 2026,2026,77,,3724.763,22.246,24.851,30.771,MEDIUM,12.0,197.1072803794231,326.0,74.04337322972508,10225.093516441755,12080.0,1210.0991970785892,65.49681018004524,4.937716262975779,-0.05848674441017022,3013995393195.5605,140737488355328.0,0.6911395869012171,0.6351425728619428,4781.798,16.641176470588242,17.4,15.5,39.70980392156863,42.1,36.5,FP1,0.0
190,FORMULA 1 LENOVO GRAND PRIX DU CANADA 2026,2026,81,,2401.767,21.4,23.671,29.892,HARD,12.0,213.06415596624367,323.0,73.55891945369773,10818.010777886564,12403.0,762.3294361860623,71.20688996415294,5.512773722627737,-0.2400544699352445,0.0012607379333906248,0.10337283253542626,0.4661532557446877,0.6628058998681637,4781.798,16.641176470588242,17.4,15.5,39.70980392156863,42.1,36.5,FP1,0.0
191,FORMULA 1 LENOVO GRAND PRIX DU CANADA 2026,2026,87,,4327.69,22.259,24.662,30.849,HARD,18.0,200.92861973006208,325.0,74.82154269056805,10574.989808930073,12503.0,981.9762504704547,66.60188445461492,4.851851851851852,-0.08271721123790872,0.020179222696465746,8.988004912514018,0.5854070781291634,0.6350319567188113,4781.798,16.641176470588242,17.4,15.5,39.70980392156863,42.1,36.5,FP1,1.0
192,FORMULA 1 LOUIS VUITTON GRAND PRIX DE MONACO 2026,2026,1,McLaren,3945.488,19.804,35.327,20.16,MEDIUM,9.0,154.80991107480392,283.0,67.19249328739699,10109.815367973037,12930.0,1663.0259918430443,45.65625984491499,3.824909747292419,-0.34106278824703956,0.0023262078640971747,0.08838876933055022,0.6761786672772383,0.6050822436371522,3988.515,23.816250000000004,24.8,22.9,32.45125,40.2,28.6,FP1,0.0
193,FORMULA 1 LOUIS VUITTON GRAND PRIX DE MONACO 2026,2026,10,Alpine,4039.616,19.955,35.738,20.135,MEDIUM,7.0,158.4778458979944,285.0,68.74480815012936,10272.45490401725,12712.0,1543.2663958841174,51.013742561411796,3.3213675213675216,-0.38198035253013657,0.0021250190562815724,0.059795439932949945,0.6067400988637579,0.5851792001363453,3988.515,23.816250000000004,24.8,22.9,32.45125,40.2,28.6,FP1,1.0
194,FORMULA 1 LOUIS VUITTON GRAND PRIX DE MONACO 2026,2026,11,Cadillac,4170.682,20.199,35.718,20.253,SOFT,6.0,155.0969620323252,275.0,66.53974948102713,10330.113484377121,12996.0,1511.0568867335683,50.96816676019144,3.3912310286677907,-0.18350561547180536,0.002524198802526136,0.3020757190960466,0.6815782422895713,0.57373474808532,3988.515,23.816250000000004,24.8,22.9,32.45125,40.2,28.6,FP1,0.0
195,FORMULA 1 LOUIS VUITTON GRAND PRIX DE MONACO 2026,2026,12,Mercedes,2781.588,19.52,35.161,19.856,MEDIUM,5.0,157.9456696002619,284.0,68.56713015964479,10484.880195621017,12947.0,1571.082865684492,48.56975118132772,3.2184724689165187,-0.4098360671623359,0.0021491009619807777,0.0366772861544781,0.6108513582682066,0.6203166038215876,3988.515,23.816250000000004,24.8,22.9,32.45125,40.2,28.6,FP1,1.0
196,FORMULA 1 LOUIS VUITTON GRAND PRIX DE MONACO 2026,2026,14,Aston Martin,3970.349,20.262,36.023,20.393,MEDIUM,6.0,154.6684049422069,278.0,65.43879193879425,9923.818042240637,12456.0,1548.0478315162663,49.60267599894912,3.2358156028368796,-0.14277900882615754,0.0024922100890351594,0.1733276085728828,0.7072938109736858,0.5718185697938395,3988.515,23.816250000000004,24.8,22.9,32.45125,40.2,28.6,FP1,1.0
197,FORMULA 1 LOUIS VUITTON GRAND PRIX DE MONACO 2026,2026,16,Ferrari,3988.515,19.491,34.858,19.629,MEDIUM,6.0,159.92134004540503,284.0,66.83485462302984,9871.678774347462,12167.0,1446.1022781940326,52.82244802783093,3.783242258652095,-0.3177030111344434,0.002349067970673727,0.07400164955133216,0.771095305560143,0.6223435251021233,3988.515,23.816250000000004,24.8,22.9,32.45125,40.2,28.6,FP1,0.0
198,FORMULA 1 LOUIS VUITTON GRAND PRIX DE MONACO 2026,2026,18,Aston Martin,2477.888,20.548000000000002,36.437,20.571,MEDIUM,12.0,151.71701228447847,278.0,65.67581279649062,9252.290417239275,11779.0,1855.32287094584,48.13941820506733,3.4503424657534247,-0.3961272320651233,0.002208822410871207,0.06490381136073729,0.8295505081356823,0.6029135813355673,3988.515,23.816250000000004,24.8,22.9,32.45125,40.2,28.6,FP1,0.0
199,FORMULA 1 LOUIS VUITTON GRAND PRIX DE MONACO 2026,2026,23,Williams,3750.411,20.096,35.869,20.024,MEDIUM,3.0,157.3395972906667,285.0,66.46195930123842,9776.579866157066,12408.0,1497.8199973970402,48.287391558735635,3.5753899480069324,-0.19567298944632386,0.002751986243324444,0.2843733083431559,0.6824115800521974,0.5547566291812857,3988.515,23.816250000000004,24.8,22.9,32.45125,40.2,28.6,FP1,1.0
200,FORMULA 1 LOUIS VUITTON GRAND PRIX DE MONACO 2026,2026,27,Audi,3839.965,19.833,35.425,20.085,MEDIUM,5.0,155.52664645364854,287.0,67.41856164719627,10195.124362167911,12900.0,1359.3445559312129,50.34778142710711,3.4837049742710122,-0.3867938227659916,0.0021592509801170957,0.06378102705143633,0.6857176281780092,0.5909725479677723,3988.515,23.816250000000004,24.8,22.9,32.45125,40.2,28.6,FP1,0.0
201,FORMULA 1 LOUIS VUITTON GRAND PRIX DE MONACO 2026,2026,3,Red Bull Racing,4018.907,19.653,35.157,19.681,MEDIUM,7.0,158.54463384561572,285.0,68.18408652255837,10017.189646502326,12426.0,1635.7188441030232,45.62238413118491,3.6873889875666075,-0.4221564992086025,0.0021673608189862205,0.039047427644466434,0.6960229232253969,0.6512459516563103,3988.515,23.816250000000004,24.8,22.9,32.45125,40.2,28.6,FP1,0.0
202,FORMULA 1 LOUIS VUITTON GRAND PRIX DE MONACO 2026,2026,30,Racing Bulls,3657.445,20.26,35.981,20.19,MEDIUM,5.0,155.19302151106928,287.0,67.29975765919575,10122.034776717157,12688.0,1599.7142719758674,47.80188146294608,3.5229202037351444,-0.09247310609849542,0.0035411886277419854,0.7846240422208648,0.6719654276128463,0.5465384184895459,3988.515,23.816250000000004,24.8,22.9,32.45125,40.2,28.6,FP1,1.0
203,FORMULA 1 LOUIS VUITTON GRAND PRIX DE MONACO 2026,2026,31,Haas F1 Team,4113.648,20.075,35.821,20.437,MEDIUM,7.0,155.11186592498944,284.0,66.1949188488628,9561.75163782403,12099.0,1641.95778322571,50.24663802366652,3.79073756432247,-0.33397816687878923,0.002289331541057106,0.06360211776824176,0.7888829613260362,0.5485131013071678,3988.515,23.816250000000004,24.8,22.9,32.45125,40.2,28.6,FP1,1.0
204,FORMULA 1 LOUIS VUITTON GRAND PRIX DE MONACO 2026,2026,41,Racing Bulls,3973.785,20.197,36.101,20.091,MEDIUM,10.0,157.2111209636422,286.0,67.90840639777409,10251.18750303392,12859.0,1678.7837530583938,53.55648204292197,3.5427046263345194,-0.3375143216547204,0.0024205253407263436,0.057046315828574744,0.6148107747478063,0.5427368740216721,3988.515,23.816250000000004,24.8,22.9,32.45125,40.2,28.6,FP1,1.0
205,FORMULA 1 LOUIS VUITTON GRAND PRIX DE MONACO 2026,2026,43,Alpine,3979.147,20.001,35.901,20.287,MEDIUM,5.0,155.1246891966043,287.0,66.73893062423204,10308.249477908957,12917.0,1465.6722445914556,49.12241012631577,3.2194690265486727,-0.2513926442098009,0.002522040466426246,0.2072563175632546,0.5908167970405773,0.5279636057297672,3988.515,23.816250000000004,24.8,22.9,32.45125,40.2,28.6,FP1,0.0
206,FORMULA 1 LOUIS VUITTON GRAND PRIX DE MONACO 2026,2026,44,Ferrari,3939.854,19.518,34.896,19.79,MEDIUM,5.0,160.4527038927433,284.0,68.53216731100248,10026.074063941245,12670.0,1599.5394740670622,52.32834636849335,3.751361161524501,-0.43089541945001036,0.0021918045689386855,0.060864674235894645,0.6885857398600643,0.6413653699746474,3988.515,23.816250000000004,24.8,22.9,32.45125,40.2,28.6,FP1,1.0
207,FORMULA 1 LOUIS VUITTON GRAND PRIX DE MONACO 2026,2026,5,Audi,4201.471,19.735,35.927,20.088,MEDIUM,9.0,157.70445981963442,284.0,66.74468356526522,10210.978328413725,12935.0,1270.9997502869223,52.8996015970308,3.538860103626943,-0.30718298206855305,0.002482368517149198,0.0886317182925193,0.6587694990597768,0.5459323309929643,3988.515,23.816250000000004,24.8,22.9,32.45125,40.2,28.6,FP1,0.0
208,FORMULA 1 LOUIS VUITTON GRAND PRIX DE MONACO 2026,2026,55,Williams,3964.939,19.91,35.795,20.336,MEDIUM,6.0,154.23918790309338,286.0,67.9445308924717,9831.23625147489,12824.0,1661.376024623507,49.48473761641456,3.4144620811287476,-0.26736761175809154,0.002492776895848215,0.10884370621902487,0.6533424309133242,0.5794004362610594,3988.515,23.816250000000004,24.8,22.9,32.45125,40.2,28.6,FP1,0.0
209,FORMULA 1 LOUIS VUITTON GRAND PRIX DE MONACO 2026,2026,6,Red Bull Racing,2894.653,19.97,35.9,20.278,HARD,13.0,154.59340215900923,284.0,67.754150302221,9941.635230922764,12178.0,1500.3139424489766,44.88833499890767,3.596885813148789,-0.257955769234041,0.0024081834422168555,0.14464071308196558,0.6755466002782428,0.6616572910469888,3988.515,23.816250000000004,24.8,22.9,32.45125,40.2,28.6,FP1,1.0
210,FORMULA 1 LOUIS VUITTON GRAND PRIX DE MONACO 2026,2026,63,Mercedes,3953.137,19.51,35.546,19.927,MEDIUM,14.0,158.40520261013657,285.0,69.65619977486602,10239.37992848119,12754.0,1487.9054055847364,49.164929022841484,3.395644283121597,-0.3478626239453816,0.002403713343982926,0.09159737742157681,0.6066454164565178,0.6332764869011456,3988.515,23.816250000000004,24.8,22.9,32.45125,40.2,28.6,FP1,0.0
211,FORMULA 1 LOUIS VUITTON GRAND PRIX DE MONACO 2026,2026,77,Cadillac,3960.559,20.666,36.346,20.448,SOFT,6.0,149.77121278514116,274.0,64.4139930662453,9512.65976600617,11967.0,1698.0017806363107,48.37859331480193,3.653169014084507,-0.3432047980530948,0.0023779173223010073,0.05768858534451484,0.780793353270421,0.6129233471890391,3988.515,23.816250000000004,24.8,22.9,32.45125,40.2,28.6,FP1,0.0
212,FORMULA 1 LOUIS VUITTON GRAND PRIX DE MONACO 2026,2026,81,McLaren,4149.851,19.764,35.638,20.163,MEDIUM,11.0,156.7396707736302,285.0,67.51138110107503,10358.845938904287,12868.0,1481.1839185845527,46.191203858647526,3.7260034904013963,-0.2999890702783527,0.002169174073219357,0.06710128159457067,0.6680196586805495,0.6370611459966443,3988.515,23.816250000000004,24.8,22.9,32.45125,40.2,28.6,FP1,1.0
213,FORMULA 1 LOUIS VUITTON GRAND PRIX DE MONACO 2026,2026,87,Haas F1 Team,3906.813,20.114,35.878,20.3,MEDIUM,5.0,154.18538089339677,286.0,66.99198481131256,9805.005150042974,12224.0,1583.6057747002776,51.14642861184577,3.5804195804195804,-0.368124859969408,0.0022541921937673727,0.03772424697629341,0.7609897605487659,0.5775998653166701,3988.515,23.816250000000004,24.8,22.9,32.45125,40.2,28.6,FP1,0.0
214,FORMULA 1 LOUIS VUITTON GRAND PRIX DE MONACO 2026,2026,1,McLaren,1259.248,20.001,35.51,19.763,MEDIUM,5.0,158.82868069589475,281.0,65.86639902076286,10251.633933573528,12613.0,1556.342835323733,45.85101620717189,3.888888888888889,-0.23310871161008692,0.002536677040444951,0.13399098476387314,0.6772764964693911,0.595009700671547,2990.499,23.16625,24.0,22.3,30.255000000000003,32.2,28.1,FP2,0.0
215,FORMULA 1 LOUIS VUITTON GRAND PRIX DE MONACO 2026,2026,10,Alpine,2520.046,19.516,35.131,19.85,SOFT,7.0,157.48727555220464,288.0,69.35995544417601,10307.368791255216,12819.0,1507.25973269163,49.58750742254108,3.2801484230055657,-0.36562026562736616,0.002138295411088679,0.07741276422803695,0.6037911594546977,0.5878439888565528,2990.499,23.16625,24.0,22.3,30.255000000000003,32.2,28.1,FP2,1.0
216,FORMULA 1 LOUIS VUITTON GRAND PRIX DE MONACO 2026,2026,11,Cadillac,2628.846,19.831,35.26,20.025,SOFT,3.0,158.93180425330132,283.0,67.42531409376622,10241.361442540794,12809.0,1291.7190997322655,51.93049034559749,3.5722120658135283,-0.31256531865410114,0.002470059270800677,0.09770104824193428,0.6707618891341038,0.6032685177332369,2990.499,23.16625,24.0,22.3,30.255000000000003,32.2,28.1,FP2,0.0
217,FORMULA 1 LOUIS VUITTON GRAND PRIX DE MONACO 2026,2026,12,Mercedes,3435.252,19.283,34.721,19.525,SOFT,15.0,160.6239066487711,286.0,68.67439630857326,10376.979117390716,12521.0,1602.3993088985696,48.55873666188877,3.3738656987295825,-0.4175593597573528,0.0021167645140390545,0.047560187871247564,0.6373637594461671,0.6236054835125914,2990.499,23.16625,24.0,22.3,30.255000000000003,32.2,28.1,FP2,1.0
218,FORMULA 1 LOUIS VUITTON GRAND PRIX DE MONACO 2026,2026,14,Aston Martin,3324.64,19.922,35.434,19.938,SOFT,5.0,156.4768398331964,282.0,67.29041574281366,10024.914400285565,12607.0,1517.6790892834897,54.543251939430625,3.194055944055944,-0.24841446627781993,0.0025292397910020663,0.123530093807178,0.7084373584419745,0.6175943563442556,2990.499,23.16625,24.0,22.3,30.255000000000003,32.2,28.1,FP2,1.0
219,FORMULA 1 LOUIS VUITTON GRAND PRIX DE MONACO 2026,2026,16,Ferrari,2863.915,19.323,34.479,19.335,SOFT,4.0,160.98141559470062,285.0,68.8910271998179,9883.16629966049,11993.0,1516.7158398973038,53.70751574661334,3.8022388059701493,-0.3536692845280552,0.0022171789188821555,0.0882460306071925,0.7748997410129665,0.6092522445467629,2990.499,23.16625,24.0,22.3,30.255000000000003,32.2,28.1,FP2,0.0
220,FORMULA 1 LOUIS VUITTON GRAND PRIX DE MONACO 2026,2026,18,Aston Martin,3152.054,20.207,35.653,20.314,SOFT,6.0,153.78787052795215,282.0,66.47837035475543,9447.685622161025,12021.0,1860.5807278538055,51.037897319026776,3.4121739130434783,-0.47541386216814435,0.00204558322121894,0.02913541983560123,0.8115043289393049,0.6142679740230633,2990.499,23.16625,24.0,22.3,30.255000000000003,32.2,28.1,FP2,0.0
221,FORMULA 1 LOUIS VUITTON GRAND PRIX DE MONACO 2026,2026,23,Williams,2943.91,19.807,35.083,19.71,SOFT,7.0,158.15036979623454,285.0,67.96603357676837,9920.247340346938,12519.0,1578.3637149916192,50.2477687572534,3.5551537070524413,-0.4654518176157505,0.0020192722775081978,0.029828305583356682,0.69795005335265,0.6040054549764811,2990.499,23.16625,24.0,22.3,30.255000000000003,32.2,28.1,FP2,1.0
222,FORMULA 1 LOUIS VUITTON GRAND PRIX DE MONACO 2026,2026,27,Audi,2342.479,19.506,35.036,19.552,SOFT,3.0,158.87727652481988,289.0,68.20571886042656,10297.07685982092,12586.0,1331.0942461068862,52.95567314900485,3.510054844606947,-0.43014638105756464,0.0021732910850412353,0.04399091641482201,0.6762180739024969,0.5836850878726251,2990.499,23.16625,24.0,22.3,30.255000000000003,32.2,28.1,FP2,0.0
223,FORMULA 1 LOUIS VUITTON GRAND PRIX DE MONACO 2026,2026,3,Red Bull Racing,2818.979,19.254,34.55,19.39,SOFT,9.0,164.9466536733466,288.0,67.9496817050933,10017.932707259095,12625.0,1627.7823739057353,50.0999492847082,3.9574074074074073,-0.38247072071940197,0.0020887149837760383,0.06449305397066103,0.7127604527581664,0.5912796038222016,2990.499,23.16625,24.0,22.3,30.255000000000003,32.2,28.1,FP2,0.0
224,FORMULA 1 LOUIS VUITTON GRAND PRIX DE MONACO 2026,2026,30,Racing Bulls,3396.662,19.698,35.266,19.821,SOFT,12.0,161.9853631479364,288.0,68.91058516480895,10260.030924493347,13075.0,1491.923034024321,52.367984407966574,3.6898954703832754,-0.4409851612530898,0.0020110565381074104,0.03644432538455189,0.6369293518798687,0.5675677212552397,2990.499,23.16625,24.0,22.3,30.255000000000003,32.2,28.1,FP2,1.0
225,FORMULA 1 LOUIS VUITTON GRAND PRIX DE MONACO 2026,2026,31,Haas F1 Team,3079.017,19.62,35.358,19.867,SOFT,8.0,157.4778897133989,286.0,67.67769145281993,9611.45677366813,12029.0,1636.1369533186244,51.708723253947014,3.8411867364746946,-0.4010117719599541,0.00230577556930474,0.04350636145496269,0.7966629865966367,0.5586759158528815,2990.499,23.16625,24.0,22.3,30.255000000000003,32.2,28.1,FP2,1.0
226,FORMULA 1 LOUIS VUITTON GRAND PRIX DE MONACO 2026,2026,41,Racing Bulls,2500.634,19.552,35.386,19.81,SOFT,3.0,158.99463663704717,288.0,67.79625004981119,10253.223416073643,13003.0,1594.4604293207651,54.27225224488859,3.6220614828209765,-0.31822998145010256,0.0022737627668012405,0.07474543115850694,0.6500548445823147,0.555065630717093,2990.499,23.16625,24.0,22.3,30.255000000000003,32.2,28.1,FP2,1.0
227,FORMULA 1 LOUIS VUITTON GRAND PRIX DE MONACO 2026,2026,43,Alpine,2659.787,19.494,35.459,19.805,SOFT,5.0,157.15499309574145,287.0,68.68109825348952,10303.429722960513,12969.0,1420.4240939401166,51.14076545162961,3.278084714548803,-0.35538722714927135,0.0022878857052086826,0.06655858202224446,0.5910742668352215,0.6152341311977153,2990.499,23.16625,24.0,22.3,30.255000000000003,32.2,28.1,FP2,0.0
228,FORMULA 1 LOUIS VUITTON GRAND PRIX DE MONACO 2026,2026,44,Ferrari,2990.499,19.295,34.365,19.366,SOFT,3.0,161.93245129824717,287.0,68.39307744485811,10212.50250845512,12538.0,1423.6381418474298,54.3856501419429,3.729779411764706,-0.1848886584321051,0.002764726210371212,0.2123244182284845,0.6369999410480152,0.628347684466708,2990.499,23.16625,24.0,22.3,30.255000000000003,32.2,28.1,FP2,1.0
229,FORMULA 1 LOUIS VUITTON GRAND PRIX DE MONACO 2026,2026,5,Audi,3221.892,19.579,35.156,19.624,SOFT,12.0,159.16756229306046,285.0,68.0330484304403,10327.431671630684,12926.0,1254.7165016016077,51.05376660513767,3.528368794326241,-0.11189586888531754,0.003341229623399513,0.5476429459675904,0.6772712989533194,0.563190875973275,2990.499,23.16625,24.0,22.3,30.255000000000003,32.2,28.1,FP2,0.0
230,FORMULA 1 LOUIS VUITTON GRAND PRIX DE MONACO 2026,2026,55,Williams,2859.609,19.58,35.228,19.704,SOFT,4.0,156.65947637382448,286.0,67.5126138290265,9968.491972267342,12975.0,1615.8181272435434,50.868492255692,3.45,-0.4047441448296711,0.00230365360666148,0.0377793183484824,0.6604031806657518,0.5951091215409814,2990.499,23.16625,24.0,22.3,30.255000000000003,32.2,28.1,FP2,0.0
231,FORMULA 1 LOUIS VUITTON GRAND PRIX DE MONACO 2026,2026,6,Red Bull Racing,3597.276,19.402,34.997,19.688,SOFT,6.0,159.478781279675,284.0,67.72057019680257,10028.290999381607,12354.0,1504.8992507812725,45.88272507824642,3.7414104882459314,-0.4039765973857184,0.0023437992910481267,0.047689566232950696,0.6861353975691832,0.6227234279899203,2990.499,23.16625,24.0,22.3,30.255000000000003,32.2,28.1,FP2,1.0
232,FORMULA 1 LOUIS VUITTON GRAND PRIX DE MONACO 2026,2026,63,Mercedes,3273.162,19.185,34.596,19.624,SOFT,13.0,159.9700703385815,287.0,69.2669392739087,10214.233255498048,12699.0,1443.6512463805132,50.92889230395357,3.4919210053859966,-0.21086588049056174,0.002600671741522902,0.22999454078109527,0.5433593835839141,0.6286373572031714,2990.499,23.16625,24.0,22.3,30.255000000000003,32.2,28.1,FP2,0.0
233,FORMULA 1 LOUIS VUITTON GRAND PRIX DE MONACO 2026,2026,77,Cadillac,2739.705,19.945,35.706,20.108,SOFT,6.0,155.59681083907014,283.0,66.7421525300526,9590.862778804654,12403.0,1675.7992452267106,49.31804961876494,3.8027444253859346,-0.2962470215644165,0.002288888646738909,0.11340882698077105,0.7868515581286177,0.5835300121454484,2990.499,23.16625,24.0,22.3,30.255000000000003,32.2,28.1,FP2,0.0
234,FORMULA 1 LOUIS VUITTON GRAND PRIX DE MONACO 2026,2026,81,McLaren,2811.189,19.632,34.908,19.548000000000002,SOFT,7.0,159.631983351575,286.0,68.85495915787607,10077.3371689607,12035.0,1569.518506080405,44.20787524348511,3.9908925318761383,-0.40255535273778587,0.0020063041975093773,0.04931510642127748,0.7563089403761029,0.6165728568304167,2990.499,23.16625,24.0,22.3,30.255000000000003,32.2,28.1,FP2,1.0
235,FORMULA 1 LOUIS VUITTON GRAND PRIX DE MONACO 2026,2026,87,Haas F1 Team,3218.235,19.575,35.066,19.815,SOFT,10.0,158.27903689564369,287.0,67.01938624168044,9959.859547096527,12092.0,1488.1447768914534,51.76237030328348,3.69449378330373,-0.03772526546384092,0.011722397486119194,5.399179602490875,0.7095988661198965,0.5361143121177311,2990.499,23.16625,24.0,22.3,30.255000000000003,32.2,28.1,FP2,0.0
236,FORMULA 1 LOUIS VUITTON GRAND PRIX DE MONACO 2026,2026,1,McLaren,2443.541,19.516,34.853,19.637,SOFT,15.0,158.9570344060747,285.0,68.00217076305566,10102.245602671863,12508.0,1594.2709127573462,47.51789965924588,3.9570661896243293,-0.46562321151153446,0.001923524593285708,0.027633093388712154,0.7435116224650742,0.6232590171248699,3264.924,23.029113924050634,23.5,22.6,29.932911392405057,32.6,27.6,FP3,0.0
237,FORMULA 1 LOUIS VUITTON GRAND PRIX DE MONACO 2026,2026,10,Alpine,2354.345,19.495,34.983,20.002,SOFT,11.0,159.53580476319348,289.0,68.1494061115162,10401.62765101929,13129.0,1502.898752034258,49.92956389181756,3.3231597845601435,-0.44596431297879907,0.0020667860325540906,0.03037696310788491,0.5939699395252513,0.5845915893562074,3264.924,23.029113924050634,23.5,22.6,29.932911392405057,32.6,27.6,FP3,1.0
238,FORMULA 1 LOUIS VUITTON GRAND PRIX DE MONACO 2026,2026,11,Cadillac,4423.82,19.658,35.276,20.011,SOFT,3.0,157.6342962887304,287.0,69.033893752459,10273.45052785372,13032.0,1358.3693205079135,50.95600210026509,3.519434628975265,-0.410466729075292,0.0021039940098947284,0.03422637722512742,0.638506323720482,0.62101876178496,3264.924,23.029113924050634,23.5,22.6,29.932911392405057,32.6,27.6,FP3,0.0
239,FORMULA 1 LOUIS VUITTON GRAND PRIX DE MONACO 2026,2026,12,Mercedes,3264.924,19.059,34.261,19.4,SOFT,3.0,164.0930914293986,288.0,69.04400965229758,10572.781047707158,12635.0,1423.2548796089127,52.937357525855795,3.3613138686131387,-0.28295702545434176,0.002519619131531471,0.09165888597715181,0.6009732340684774,0.5930882342105239,3264.924,23.029113924050634,23.5,22.6,29.932911392405057,32.6,27.6,FP3,1.0
240,FORMULA 1 LOUIS VUITTON GRAND PRIX DE MONACO 2026,2026,14,Aston Martin,4464.491,19.852,35.742,19.973,SOFT,5.0,155.1168250348761,278.0,65.9544391580257,9950.608430805505,12744.0,1561.214437027013,50.50220604480256,3.2446043165467624,-0.3583719249997574,0.00218710052866863,0.05770217101572404,0.7140117816757519,0.5217370390832566,3264.924,23.029113924050634,23.5,22.6,29.932911392405057,32.6,27.6,FP3,1.0
241,FORMULA 1 LOUIS VUITTON GRAND PRIX DE MONACO 2026,2026,16,Ferrari,3484.269,19.186,34.386,19.475,SOFT,5.0,163.56632732141455,288.0,69.34799316353248,10032.953979246096,12648.0,1481.1519234262282,56.02676549792659,3.8144144144144145,-0.23455230341120153,0.002788218676940057,0.1894886331321761,0.7537200449039784,0.6105015741266162,3264.924,23.029113924050634,23.5,22.6,29.932911392405057,32.6,27.6,FP3,0.0
242,FORMULA 1 LOUIS VUITTON GRAND PRIX DE MONACO 2026,2026,18,Aston Martin,3495.266,20.072,35.75,20.099,SOFT,5.0,155.92652512082864,283.0,68.14850748861599,9558.361203792865,12351.0,1876.1104098222888,52.365913308022805,3.4258620689655173,-0.4544393711382317,0.0021503003303883486,0.033190080161399335,0.8049399013116576,0.6143372661331203,3264.924,23.029113924050634,23.5,22.6,29.932911392405057,32.6,27.6,FP3,0.0
243,FORMULA 1 LOUIS VUITTON GRAND PRIX DE MONACO 2026,2026,23,Williams,2234.929,19.808,35.159,19.834,SOFT,8.0,156.57718284353788,287.0,68.26960673249319,10052.417320281547,12638.0,1491.032795291201,50.27892926091047,3.4109347442680775,-0.38954120568033207,0.002253070448601501,0.04193142291259,0.6426670492169275,0.6083238099172867,3264.924,23.029113924050634,23.5,22.6,29.932911392405057,32.6,27.6,FP3,1.0
244,FORMULA 1 LOUIS VUITTON GRAND PRIX DE MONACO 2026,2026,27,Audi,3517.337,19.652,34.929,19.469,SOFT,5.0,159.54235869564542,287.0,68.36437284913119,10264.79025752383,12837.0,1328.844326428556,53.091846708496675,3.567241379310345,-0.03524289164083584,0.011079131773314457,5.124230611263684,0.6704979887262278,0.5756262803541131,3264.924,23.029113924050634,23.5,22.6,29.932911392405057,32.6,27.6,FP3,0.0
245,FORMULA 1 LOUIS VUITTON GRAND PRIX DE MONACO 2026,2026,3,Red Bull Racing,3466.663,19.381,34.812,19.469,SOFT,3.0,163.0958798896614,285.0,67.80355828506025,9951.557124919324,12829.0,1645.3521644758132,48.68754603687981,3.9035714285714285,-0.38931213827157457,0.0021753498961095945,0.06636369104001318,0.7045079704809865,0.6075633124343764,3264.924,23.029113924050634,23.5,22.6,29.932911392405057,32.6,27.6,FP3,0.0
246,FORMULA 1 LOUIS VUITTON GRAND PRIX DE MONACO 2026,2026,30,Racing Bulls,2321.152,19.678,35.293,19.616,SOFT,13.0,161.14975700043362,287.0,67.40113261192096,10237.81440510928,12832.0,1493.5885302319355,52.39902712758807,3.74645390070922,-0.3393270210391072,0.0021747063127851136,0.0974245968106396,0.6409712445554157,0.548962101462902,3264.924,23.029113924050634,23.5,22.6,29.932911392405057,32.6,27.6,FP3,1.0
247,FORMULA 1 LOUIS VUITTON GRAND PRIX DE MONACO 2026,2026,31,Haas F1 Team,3497.675,19.703,34.903,19.672,SOFT,5.0,160.616531028155,287.0,69.09574875157237,9686.590864530985,11921.0,1640.3611376593017,52.86299278092554,3.8400702987697715,-0.034017530034099706,0.003217834592710063,0.4679513437138722,0.8022644438752896,0.588343916579367,3264.924,23.029113924050634,23.5,22.6,29.932911392405057,32.6,27.6,FP3,1.0
248,FORMULA 1 LOUIS VUITTON GRAND PRIX DE MONACO 2026,2026,41,Racing Bulls,2810.896,19.65,35.505,19.763,SOFT,15.0,158.5928519395799,283.0,68.02806925210108,9988.333666257447,12559.0,1584.164985893733,51.821138570799164,3.6912028725314183,-0.41754306089366794,0.0021442365754169444,0.03777801820774014,0.6976291682063245,0.5354080293656652,3264.924,23.029113924050634,23.5,22.6,29.932911392405057,32.6,27.6,FP3,1.0
249,FORMULA 1 LOUIS VUITTON GRAND PRIX DE MONACO 2026,2026,43,Alpine,4436.68,19.91,35.44,19.829,SOFT,3.0,155.73758461335856,289.0,68.0728751530989,10182.75798666414,13082.0,1411.6789862008595,47.82017371531628,3.319715808170515,-0.44005105872900047,0.002205484015401294,0.046012170249632965,0.5621901160095273,0.5454783934020736,3264.924,23.029113924050634,23.5,22.6,29.932911392405057,32.6,27.6,FP3,0.0
250,FORMULA 1 LOUIS VUITTON GRAND PRIX DE MONACO 2026,2026,44,Ferrari,3455.876,19.346,34.385,19.32,SOFT,4.0,160.6273413912825,286.0,68.35989815712593,10021.869529059026,12509.0,1588.779493507816,51.64044268517338,3.8003663003663,-0.06076428481013013,0.004244181313283603,1.1828809429902924,0.6830354949837901,0.6458122252371943,3264.924,23.029113924050634,23.5,22.6,29.932911392405057,32.6,27.6,FP3,1.0
251,FORMULA 1 LOUIS VUITTON GRAND PRIX DE MONACO 2026,2026,5,Audi,3452.064,19.482,34.818,19.52,SOFT,4.0,160.27802145935755,286.0,67.99714682608547,10317.082470793419,12691.0,1178.4156690528675,52.29064525693668,3.593065693430657,-0.2845928315166339,0.002246846850340296,0.12679861396536846,0.5682485169775844,0.5648933836468568,3264.924,23.029113924050634,23.5,22.6,29.932911392405057,32.6,27.6,FP3,0.0
252,FORMULA 1 LOUIS VUITTON GRAND PRIX DE MONACO 2026,2026,55,Williams,4483.596,19.612,35.013,19.711,SOFT,7.0,158.4619230132646,287.0,67.4739701481484,10053.266347540863,12998.0,1560.2282925373422,50.808363348960356,3.5323741007194243,-0.396927852824106,0.002283906031478521,0.04736180002171014,0.6174509929467051,0.5565004995489609,3264.924,23.029113924050634,23.5,22.6,29.932911392405057,32.6,27.6,FP3,0.0
253,FORMULA 1 LOUIS VUITTON GRAND PRIX DE MONACO 2026,2026,6,Red Bull Racing,3328.9,19.466,34.777,19.634,SOFT,3.0,160.499370387943,285.0,68.22389954963236,9970.631411992728,12521.0,1597.838442954736,47.677473426456004,3.8123893805309734,-0.3135301677039307,0.0024220160191001303,0.0801017390984669,0.7195887241804427,0.6095583867750946,3264.924,23.029113924050634,23.5,22.6,29.932911392405057,32.6,27.6,FP3,1.0
254,FORMULA 1 LOUIS VUITTON GRAND PRIX DE MONACO 2026,2026,63,Mercedes,2069.941,19.247,34.687,19.549,SOFT,7.0,159.30740547545804,287.0,68.76838064686864,10312.837965591878,12907.0,1311.498857760082,51.085597425835694,3.3964285714285714,-0.4121663069122808,0.002186862595589553,0.03751223136416193,0.5482596576611947,0.6264974853194331,3264.924,23.029113924050634,23.5,22.6,29.932911392405057,32.6,27.6,FP3,0.0
255,FORMULA 1 LOUIS VUITTON GRAND PRIX DE MONACO 2026,2026,77,Cadillac,4434.445,20.032,35.407,20.012,SOFT,3.0,154.67679934836045,285.0,67.57617900933847,9598.12030378264,12407.0,1654.6247191150994,51.64036322461556,3.8553571428571427,-0.3725449243979801,0.0024232954895336803,0.07576853696613678,0.7281536286251811,0.5577135418831086,3264.924,23.029113924050634,23.5,22.6,29.932911392405057,32.6,27.6,FP3,0.0
256,FORMULA 1 LOUIS VUITTON GRAND PRIX DE MONACO 2026,2026,81,McLaren,2827.548,19.393,34.814,19.491,SOFT,14.0,160.20608726951068,283.0,68.19412415423756,10149.407052034629,12171.0,1552.1074052645256,46.27319821601185,4.027422303473492,-0.45551355136401384,0.002001263862137005,0.036173553468891666,0.7406009558938637,0.6215270443654178,3264.924,23.029113924050634,23.5,22.6,29.932911392405057,32.6,27.6,FP3,1.0
257,FORMULA 1 LOUIS VUITTON GRAND PRIX DE MONACO 2026,2026,87,Haas F1 Team,3295.798,19.492,35.079,19.916,SOFT,3.0,157.77827561376606,286.0,67.28098203678022,9935.141407204093,12257.0,1504.84095150079,51.988423146010646,3.695575221238938,-0.2084707880585666,0.0028020869955483418,0.18611469609025716,0.7402643673909348,0.5912814742333692,3264.924,23.029113924050634,23.5,22.6,29.932911392405057,32.6,27.6,FP3,0.0
258,FORMULA 1 MSC CRUISES GRAN PREMIO DE BARCELONA-CATALUNYA 2026,2026,3,,2764.381,22.406,31.126,23.515,SOFT,2.0,215.77174603416438,332.0,64.63129408799777,10939.582072314526,12712.0,661.1698685706417,62.839650030831955,5.273037542662116,-0.5243000228945559,0.0009848906290723647,0.01261306971818652,0.41497019074516167,0.6223575650731272,2963.49,29.305952380952384,30.1,28.7,48.667857142857144,50.3,46.6,FP1,1.0
259,FORMULA 1 MSC CRUISES GRAN PREMIO DE BARCELONA-CATALUNYA 2026,2026,5,,3499.163,22.69,31.614,23.905,SOFT,2.0,213.13125366850642,338.0,65.40497623918655,10927.980547565954,12654.0,773.8924249268471,68.08971211919669,4.892436974789916,-0.292351048300779,0.0012156683628643796,0.056451203687990836,0.36514561620523106,0.5849360581534983,2963.49,29.305952380952384,30.1,28.7,48.667857142857144,50.3,46.6,FP1,0.0
260,FORMULA 1 MSC CRUISES GRAN PREMIO DE BARCELONA-CATALUNYA 2026,2026,10,,3213.414,22.879,31.899,23.73,SOFT,2.0,213.42946245725125,335.0,63.22748763461833,10813.33522281875,12353.0,811.0078112441007,68.83733676358612,4.968852459016394,-0.4079736021235134,0.0010837485508314389,0.02655907482859091,0.5560070400546409,0.58770772335722,2963.49,29.305952380952384,30.1,28.7,48.667857142857144,50.3,46.6,FP1,1.0
261,FORMULA 1 MSC CRUISES GRAN PREMIO DE BARCELONA-CATALUNYA 2026,2026,14,,3409.54,23.165,32.47,24.432,SOFT,2.0,210.67874121639574,325.0,60.33572646843173,10567.297970744517,11930.0,729.6450686650604,71.40591520540208,4.856902356902357,-0.04570127723787667,0.0017514725031771935,0.39257705491313594,0.48872320653340556,0.6278831120444545,2963.49,29.305952380952384,30.1,28.7,48.667857142857144,50.3,46.6,FP1,0.0
262,FORMULA 1 MSC CRUISES GRAN PREMIO DE BARCELONA-CATALUNYA 2026,2026,16,,3261.91,22.532,30.905,23.446,SOFT,2.0,219.13578078249188,329.0,61.30042908937074,10649.065385000651,12154.0,865.1915899411738,72.69137736006466,5.431972789115647,-0.2513792465561711,0.0011413286854252227,0.05647578318476295,0.578065142246097,0.5738636514872693,2963.49,29.305952380952384,30.1,28.7,48.667857142857144,50.3,46.6,FP1,0.0
263,FORMULA 1 MSC CRUISES GRAN PREMIO DE BARCELONA-CATALUNYA 2026,2026,18,,3438.184,23.986,32.261,24.071,SOFT,2.0,207.97401885730386,326.0,59.68761034968135,10558.589490979566,12468.0,892.185055317776,72.04504378010878,4.770382695507488,-0.4425785213842856,0.0010575612839758507,0.021243960247519483,0.5257452143840943,0.6087595171527143,2963.49,29.305952380952384,30.1,28.7,48.667857142857144,50.3,46.6,FP1,0.0
264,FORMULA 1 MSC CRUISES GRAN PREMIO DE BARCELONA-CATALUNYA 2026,2026,25,,3473.02,23.664,32.629,24.404,SOFT,5.0,206.64084377903507,325.0,63.08847674118337,10432.729141217855,12010.0,923.6436122344679,64.35491658952589,5.153719008264463,-0.03844630001533008,0.005145677748580381,2.3948068222077734,0.6559948688639127,0.5811282248022492,2963.49,29.305952380952384,30.1,28.7,48.667857142857144,50.3,46.6,FP1,
265,FORMULA 1 MSC CRUISES GRAN PREMIO DE BARCELONA-CATALUNYA 2026,2026,30,,3576.398,22.455,31.285,23.732,SOFT,2.0,212.97888348217126,330.0,64.7443447791011,10807.735608879499,12352.0,841.6067801257823,68.58800172191695,5.2517006802721085,-0.4091032732554243,0.0010828852395583484,0.028714686593719677,0.5483804398846122,0.5793781674249979,2963.49,29.305952380952384,30.1,28.7,48.667857142857144,50.3,46.6,FP1,1.0
266,FORMULA 1 MSC CRUISES GRAN PREMIO DE BARCELONA-CATALUNYA 2026,2026,31,,3221.789,22.823,31.559,23.99,SOFT,2.0,211.96801473081234,336.0,64.96393978227431,10703.57509807854,11950.0,721.3733907201744,71.1684547119565,5.172131147540983,-0.27554030100383214,0.0011814340680246904,0.06689404577560629,0.6057530401620039,0.6137887746341587,2963.49,29.305952380952384,30.1,28.7,48.667857142857144,50.3,46.6,FP1,0.0
267,FORMULA 1 MSC CRUISES GRAN PREMIO DE BARCELONA-CATALUNYA 2026,2026,36,,4148.108,22.823,31.582,23.893,SOFT,2.0,214.26883018742805,331.0,63.58917445978565,10812.172673178668,12241.0,751.847270271946,64.10535152583647,5.342419080068143,-0.40516883504796763,0.0011242035898457359,0.034582361596548934,0.5204653017797337,0.5896708579470659,2963.49,29.305952380952384,30.1,28.7,48.667857142857144,50.3,46.6,FP1,
268,FORMULA 1 MSC CRUISES GRAN PREMIO DE BARCELONA-CATALUNYA 2026,2026,38,,3788.622,22.825,31.368,23.585,SOFT,2.0,215.93886260628545,328.0,62.63937209748182,10407.724107707218,12048.0,1031.0400564255713,71.38679274151266,5.451505016722408,-0.3632435469243005,0.0010450564483396516,0.03902685505301516,0.6606263225359776,0.5944060616283569,2963.49,29.305952380952384,30.1,28.7,48.667857142857144,50.3,46.6,FP1,
269,FORMULA 1 MSC CRUISES GRAN PREMIO DE BARCELONA-CATALUNYA 2026,2026,41,,2777.135,22.738,31.305,23.761,SOFT,2.0,215.59527427518213,329.0,65.10904930550446,10669.648233326057,12156.0,955.2674223635163,68.51236699534853,5.3731092436974786,-0.44341630926133563,0.0010558002546523567,0.029457643687203685,0.7006562914280857,0.5743869101566207,2963.49,29.305952380952384,30.1,28.7,48.667857142857144,50.3,46.6,FP1,1.0
270,FORMULA 1 MSC CRUISES GRAN PREMIO DE BARCELONA-CATALUNYA 2026,2026,43,,3253.97,22.614,31.541,23.738,SOFT,2.0,214.87011867523566,335.0,64.58665757392623,10640.84041937064,12145.0,790.4225785852842,68.19937003312081,5.139261744966443,-0.34278000053383617,0.001104627665807256,0.03413914939855401,0.5794731244932685,0.5751916896799303,2963.49,29.305952380952384,30.1,28.7,48.667857142857144,50.3,46.6,FP1,1.0
271,FORMULA 1 MSC CRUISES GRAN PREMIO DE BARCELONA-CATALUNYA 2026,2026,55,,3345.368,22.783,31.665,23.845,SOFT,3.0,211.4621925118143,331.0,63.65849582382273,10691.968239506727,12169.0,794.6961548408823,70.21550257586775,5.042158516020236,-0.1765638739045158,0.001217163956379485,0.10094957145501865,0.4417109893323135,0.5984618376479968,2963.49,29.305952380952384,30.1,28.7,48.667857142857144,50.3,46.6,FP1,0.0
272,FORMULA 1 MSC CRUISES GRAN PREMIO DE BARCELONA-CATALUNYA 2026,2026,63,,2963.49,22.28,30.798000000000002,23.285,SOFT,2.0,218.47492848145825,331.0,62.45275235458255,10612.811328646474,12235.0,916.3104054535108,70.13590545226845,5.268376068376068,-0.4020352327209269,0.0010374529474695795,0.038219885333126515,0.5486201265847866,0.6410934345800201,2963.49,29.305952380952384,30.1,28.7,48.667857142857144,50.3,46.6,FP1,1.0
273,FORMULA 1 MSC CRUISES GRAN PREMIO DE BARCELONA-CATALUNYA 2026,2026,67,,3946.977,22.584,31.338,23.294,SOFT,2.0,216.05695075523997,330.0,63.43058488046141,10704.72968926722,12068.0,872.8527058265751,65.98904466235078,5.732418524871355,-0.4603920318735422,0.0010706237620233569,0.019359960211567013,0.6082990459467241,0.6710283048544142,2963.49,29.305952380952384,30.1,28.7,48.667857142857144,50.3,46.6,FP1,
274,FORMULA 1 MSC CRUISES GRAN PREMIO DE BARCELONA-CATALUNYA 2026,2026,72,,3042.283,23.212,31.606,23.547,SOFT,8.0,212.41554100303094,320.0,63.11521330158675,10429.9461605137,12697.0,1220.1135582853185,66.62585445968047,5.122516556291391,-0.5109368812855607,0.0009987229729514692,0.019349496371000415,0.680686453342484,0.6513349379959205,2963.49,29.305952380952384,30.1,28.7,48.667857142857144,50.3,46.6,FP1,
275,FORMULA 1 MSC CRUISES GRAN PREMIO DE BARCELONA-CATALUNYA 2026,2026,77,,3695.025,23.101,31.785,24.028,SOFT,2.0,210.56979931328848,329.0,63.783570889020794,10436.042039792163,12443.0,1204.451369387453,67.82775909927138,5.289115646258503,-0.4379784040406603,0.0010953124454625162,0.020381402289432738,0.6610493802958547,0.5914078474453658,2963.49,29.305952380952384,30.1,28.7,48.667857142857144,50.3,46.6,FP1,0.0
276,FORMULA 1 MSC CRUISES GRAN PREMIO DE BARCELONA-CATALUNYA 2026,2026,81,,3081.603,22.225,31.068,23.273,SOFT,2.0,218.5169758252515,334.0,63.32282879662222,10730.67962171209,12141.0,852.1474749595096,66.11467345940274,5.780656303972366,-0.38165231539797706,0.00110810513409494,0.03963329200024325,0.6113934679689998,0.6508279738719729,2963.49,29.305952380952384,30.1,28.7,48.667857142857144,50.3,46.6,FP1,1.0
277,FORMULA 1 MSC CRUISES GRAN PREMIO DE BARCELONA-CATALUNYA 2026,2026,87,,4193.052,22.724,31.453,23.995,SOFT,2.0,213.80659650447996,336.0,65.06637449655734,10826.713244848639,12095.0,726.3282463368045,67.83183333838083,5.153846153846154,-0.21193474000284848,0.0012770315465329895,0.07006324882967621,0.43188522841061266,0.5666480026588625,2963.49,29.305952380952384,30.1,28.7,48.667857142857144,50.3,46.6,FP1,0.0
278,FORMULA 1 MSC CRUISES GRAN PREMIO DE BARCELONA-CATALUNYA 2026,2026,97,,3585.181,22.474,31.371,23.476,SOFT,2.0,215.95835699458246,345.0,65.98021292491276,10770.136094872467,12664.0,654.7645200352474,68.85039246449145,5.0152542372881355,-0.3778432875912947,0.0010779627213873884,0.035904756730543705,0.26830278442743005,0.5820126923317803,2963.49,29.305952380952384,30.1,28.7,48.667857142857144,50.3,46.6,FP1,
279,FORMULA 1 MSC CRUISES GRAN PREMIO DE BARCELONA-CATALUNYA 2026,2026,1,McLaren,3038.66,22.045,30.475,22.906,SOFT,2.0,222.92253743583834,338.0,63.61625458395968,10909.831597638124,12320.0,747.7766740544309,68.94451271465717,5.829565217391305,-0.38827798006675346,0.0010895892135583923,0.03211199876779616,0.4658871212760742,0.6090856944405544,3038.66,29.497647058823524,30.4,28.7,47.31882352941177,50.0,44.3,FP2,1.0
280,FORMULA 1 MSC CRUISES GRAN PREMIO DE BARCELONA-CATALUNYA 2026,2026,3,Red Bull Racing,2197.213,22.256,30.79,23.275,SOFT,2.0,218.27504319498752,328.0,63.40025437864393,10860.64354984396,12309.0,739.5327928380216,64.49832831341207,5.401801801801802,-0.39853071051988276,0.0011021206617074272,0.022911632315437778,0.5370908051498707,0.6049206679926431,3038.66,29.497647058823524,30.4,28.7,47.31882352941177,50.0,44.3,FP2,1.0
281,FORMULA 1 MSC CRUISES GRAN PREMIO DE BARCELONA-CATALUNYA 2026,2026,5,Audi,2705.47,22.399,31.028,23.184,SOFT,2.0,218.9471446263095,338.0,62.383974466727,10761.663026168408,12815.0,840.1067625265491,72.52764218019314,5.078571428571428,-0.09295679579957732,0.002118544382040105,0.5098092872861965,0.5123579531485628,0.6061907295384443,3038.66,29.497647058823524,30.4,28.7,47.31882352941177,50.0,44.3,FP2,0.0
282,FORMULA 1 MSC CRUISES GRAN PREMIO DE BARCELONA-CATALUNYA 2026,2026,6,Red Bull Racing,2489.795,22.36,30.886,23.428,SOFT,2.0,219.06093056403398,329.0,62.33709707747964,10978.401456041087,12623.0,726.593114006787,67.81611202241716,5.378330373001776,-0.42075008286888654,0.001065322068165431,0.02462628314126226,0.3930852085539103,0.6089952160050929,3038.66,29.497647058823524,30.4,28.7,47.31882352941177,50.0,44.3,FP2,1.0
283,FORMULA 1 MSC CRUISES GRAN PREMIO DE BARCELONA-CATALUNYA 2026,2026,10,Alpine,2838.029,22.631,31.143,23.486,SOFT,4.0,219.00050378282856,334.0,63.15896307000953,10959.536002696135,12442.0,742.3529819812484,71.22660353105478,5.066549912434326,-0.3408924450160864,0.0011595997756996773,0.04987991427669316,0.4806377522218668,0.5944168644885507,3038.66,29.497647058823524,30.4,28.7,47.31882352941177,50.0,44.3,FP2,1.0
284,FORMULA 1 MSC CRUISES GRAN PREMIO DE BARCELONA-CATALUNYA 2026,2026,11,Cadillac,2380.859,23.125,31.594,24.542,SOFT,2.0,212.02359883904217,330.0,64.29855483706042,10540.661409562232,12138.0,1013.3039398575252,67.80572798030204,5.237541528239203,-0.25409174640674187,0.0012357173621725462,0.09427574583634052,0.6250247627495463,0.5828477168232146,3038.66,29.497647058823524,30.4,28.7,47.31882352941177,50.0,44.3,FP2,0.0
285,FORMULA 1 MSC CRUISES GRAN PREMIO DE BARCELONA-CATALUNYA 2026,2026,12,Mercedes,2736.724,22.086,30.806,23.123,SOFT,2.0,218.51552220538616,336.0,63.30616055574928,10876.663159031417,12410.0,779.9019403365268,69.30278785406928,5.042031523642732,-0.3871359296081052,0.0011057322452911295,0.03466747659833752,0.474719162187779,0.5972556634549228,3038.66,29.497647058823524,30.4,28.7,47.31882352941177,50.0,44.3,FP2,0.0
286,FORMULA 1 MSC CRUISES GRAN PREMIO DE BARCELONA-CATALUNYA 2026,2026,14,Aston Martin,2831.997,23.084,32.079,24.123,SOFT,2.0,211.53341362791528,327.0,61.165614158259075,10584.462601283669,12169.0,742.6957686794976,71.91494043550715,4.905405405405405,-0.3491089804701067,0.0011185086924553674,0.02574803847593729,0.49410361867692393,0.6031551556613708,3038.66,29.497647058823524,30.4,28.7,47.31882352941177,50.0,44.3,FP2,0.0
287,FORMULA 1 MSC CRUISES GRAN PREMIO DE BARCELONA-CATALUNYA 2026,2026,16,Ferrari,2656.476,22.247,30.459,23.093,SOFT,2.0,221.41390899671498,335.0,61.544624877384436,10662.099268170465,12000.0,822.0322407376992,71.71353533197849,5.480427046263345,-0.04396688970496941,0.003974793204201655,1.1095250649601183,0.5840581705888842,0.5839760402648615,3038.66,29.497647058823524,30.4,28.7,47.31882352941177,50.0,44.3,FP2,0.0
288,FORMULA 1 MSC CRUISES GRAN PREMIO DE BARCELONA-CATALUNYA 2026,2026,18,Aston Martin,2440.222,23.359,31.895,24.205,SOFT,2.0,209.59257961769498,322.0,59.97969746576172,10503.12839256321,12741.0,816.6180073271704,71.29507229018307,4.925249169435216,-0.5058546815039668,0.0009684535756953426,0.008956877018815302,0.5037171186126822,0.6002838846807836,3038.66,29.497647058823524,30.4,28.7,47.31882352941177,50.0,44.3,FP2,0.0
289,FORMULA 1 MSC CRUISES GRAN PREMIO DE BARCELONA-CATALUNYA 2026,2026,23,Williams,2464.434,23.205,31.89,23.695,SOFT,2.0,213.85623526322644,328.0,62.81279384788604,10883.276486852663,12132.0,598.790904183747,68.44168496197194,4.964527027027027,-0.532318993479795,0.0009817033322143934,0.008841352563567894,0.28897372835024604,0.5574169030753193,3038.66,29.497647058823524,30.4,28.7,47.31882352941177,50.0,44.3,FP2,0.0
290,FORMULA 1 MSC CRUISES GRAN PREMIO DE BARCELONA-CATALUNYA 2026,2026,27,Audi,2407.381,22.418,31.111,23.405,SOFT,2.0,216.35002160266916,336.0,62.71639546903521,10767.638011598801,12743.0,950.5592103209593,70.25308540638441,5.0120689655172415,-0.5270304518544762,0.0010212618630193262,0.011387954970926251,0.44180612874956526,0.5508301795423848,3038.66,29.497647058823524,30.4,28.7,47.31882352941177,50.0,44.3,FP2,0.0
291,FORMULA 1 MSC CRUISES GRAN PREMIO DE BARCELONA-CATALUNYA 2026,2026,30,Racing Bulls,1307.399,22.537,30.935,23.495,MEDIUM,2.0,215.68473905765725,335.0,64.89313377578029,10881.040278840914,12510.0,818.1826399301863,69.37890091318583,5.291448516579407,-0.41088302243268965,0.0011437617813962082,0.031604282416626925,0.6097555052078782,0.6060536514555485,3038.66,29.497647058823524,30.4,28.7,47.31882352941177,50.0,44.3,FP2,1.0
292,FORMULA 1 MSC CRUISES GRAN PREMIO DE BARCELONA-CATALUNYA 2026,2026,31,Haas F1 Team,2452.342,22.402,31.157,23.979,SOFT,2.0,216.3291422468047,338.0,62.824230716934466,10792.791959620263,12114.0,700.2917693957249,73.10414506999581,5.285223367697594,-0.44323136142692576,0.001014293512563237,0.018894711910383107,0.6015844658942454,0.5940181461633768,3038.66,29.497647058823524,30.4,28.7,47.31882352941177,50.0,44.3,FP2,0.0
293,FORMULA 1 MSC CRUISES GRAN PREMIO DE BARCELONA-CATALUNYA 2026,2026,41,Racing Bulls,2678.264,22.2,30.866,23.345,SOFT,2.0,221.76020210275402,330.0,62.19698877569154,10802.639329435802,12752.0,832.5533834756511,73.20613850677542,5.543362831858407,-0.4556302945711022,0.0010364598105540204,0.022301298382060925,0.5046866461922259,0.5955833912614255,3038.66,29.497647058823524,30.4,28.7,47.31882352941177,50.0,44.3,FP2,1.0
294,FORMULA 1 MSC CRUISES GRAN PREMIO DE BARCELONA-CATALUNYA 2026,2026,43,Alpine,2587.759,22.306,31.191,23.554,SOFT,2.0,219.54878594810037,336.0,64.22410281789752,10840.121990311149,12324.0,787.5001280674412,71.41551025509297,5.176776429809359,-0.42875773036290826,0.001078031424760413,0.01747996663325591,0.5041661551001113,0.566396325476057,3038.66,29.497647058823524,30.4,28.7,47.31882352941177,50.0,44.3,FP2,1.0
295,FORMULA 1 MSC CRUISES GRAN PREMIO DE BARCELONA-CATALUNYA 2026,2026,44,Ferrari,2712.802,22.293,31.049,23.289,SOFT,2.0,216.65411251398507,336.0,64.05089133530791,10883.655809913636,12284.0,733.176845774816,73.66014007341899,5.248239436619718,-0.10448319791937065,0.001756899340766211,0.27741270230009085,0.35397019031843197,0.6296180181380397,3038.66,29.497647058823524,30.4,28.7,47.31882352941177,50.0,44.3,FP2,1.0
296,FORMULA 1 MSC CRUISES GRAN PREMIO DE BARCELONA-CATALUNYA 2026,2026,55,Williams,2258.708,22.332,31.252,23.436,SOFT,2.0,216.91758865236957,335.0,63.01487001686361,10716.099623346934,12010.0,795.3591697273581,72.28056311930818,5.177391304347826,-0.09993884076061887,0.001734692297413452,0.25095108572873587,0.5326701829930729,0.6303446594712399,3038.66,29.497647058823524,30.4,28.7,47.31882352941177,50.0,44.3,FP2,0.0
297,FORMULA 1 MSC CRUISES GRAN PREMIO DE BARCELONA-CATALUNYA 2026,2026,63,Mercedes,2726.563,21.917,30.574,22.944,SOFT,2.0,221.68468016370684,337.0,62.833256805185535,10598.848705183102,12318.0,912.2272700415422,69.73161609890893,5.408127208480566,-0.5011157010610092,0.0010561822338525358,0.013354415740585181,0.5190178086559047,0.6592385820078784,3038.66,29.497647058823524,30.4,28.7,47.31882352941177,50.0,44.3,FP2,1.0
298,FORMULA 1 MSC CRUISES GRAN PREMIO DE BARCELONA-CATALUNYA 2026,2026,77,Cadillac,3358.484,23.077,31.461,23.687,SOFT,2.0,0.0,0.0,0.0,0.0,0.0,0.0,0.0,0.0,,0.0017852169458635364,0.26076347194598365,,,3038.66,29.497647058823524,30.4,28.7,47.31882352941177,50.0,44.3,FP2,0.0
299,FORMULA 1 MSC CRUISES GRAN PREMIO DE BARCELONA-CATALUNYA 2026,2026,81,McLaren,2943.136,22.055,30.532,22.896,SOFT,2.0,221.2007203432075,337.0,63.053219872801684,10806.820451724323,12287.0,843.7624622157396,66.66686422544272,5.87958115183246,-0.35158176545180925,0.001135170035731993,0.046473329607074745,0.5377914553534093,0.6639436868343396,3038.66,29.497647058823524,30.4,28.7,47.31882352941177,50.0,44.3,FP2,1.0
300,FORMULA 1 MSC CRUISES GRAN PREMIO DE BARCELONA-CATALUNYA 2026,2026,87,Haas F1 Team,2672.194,22.335,31.127,23.483,SOFT,2.0,216.6069219442151,340.0,64.248900145312,10894.596641973045,12074.0,637.9529388481975,71.34175750145586,5.249557522123894,-0.37997062158095085,0.001133531687333129,0.023278845907208617,0.4321041780562606,0.586492469956239,3038.66,29.497647058823524,30.4,28.7,47.31882352941177,50.0,44.3,FP2,0.0
301,FORMULA 1 MSC CRUISES GRAN PREMIO DE BARCELONA-CATALUNYA 2026,2026,1,McLaren,3874.439,22.214,30.7,23.011,SOFT,2.0,221.7137076187436,340.0,62.99559454720854,10911.389277831135,12381.0,738.5972272620855,67.66772129822182,5.849090909090909,-0.4420755972913204,0.0011213957261566776,0.022050785844337242,0.4194102307465729,0.614456063672451,3820.707,31.51481481481482,32.1,30.9,48.18888888888889,50.1,45.7,FP3,1.0
302,FORMULA 1 MSC CRUISES GRAN PREMIO DE BARCELONA-CATALUNYA 2026,2026,3,Red Bull Racing,3956.318,22.41,30.654,23.37,SOFT,2.0,216.82419256502786,340.0,64.8777773472964,10913.854026274706,12408.0,806.9902871802095,63.65491083829442,5.297723292469352,-0.4503494496916249,0.0011128682491924936,0.021139063359140182,0.6262932562623861,0.6115547245002323,3820.707,31.51481481481482,32.1,30.9,48.18888888888889,50.1,45.7,FP3,1.0
303,FORMULA 1 MSC CRUISES GRAN PREMIO DE BARCELONA-CATALUNYA 2026,2026,5,Audi,4004.176,22.431,31.156,23.44,SOFT,2.0,217.282063040144,340.0,64.72217190466942,10466.61999935268,12171.0,849.1387778948183,70.81615871345169,5.21025641025641,-0.2406971312839775,0.0011807923404433872,0.07906416580610169,0.5292901785685742,0.5906318953974703,3820.707,31.51481481481482,32.1,30.9,48.18888888888889,50.1,45.7,FP3,0.0
304,FORMULA 1 MSC CRUISES GRAN PREMIO DE BARCELONA-CATALUNYA 2026,2026,6,Red Bull Racing,4436.107,22.441,30.82,23.423,SOFT,6.0,218.75916143049713,340.0,62.80678073830215,10929.598634466178,12512.0,865.0697626473351,68.09980280485964,5.355400696864112,-0.003711777059908496,0.002102069805173093,0.5995399410100912,0.5500974647510307,0.6186104348114645,3820.707,31.51481481481482,32.1,30.9,48.18888888888889,50.1,45.7,FP3,1.0
305,FORMULA 1 MSC CRUISES GRAN PREMIO DE BARCELONA-CATALUNYA 2026,2026,10,Alpine,4420.08,22.694,31.334,23.555,SOFT,4.0,214.71922873415033,339.0,65.61011833987034,10632.17114958962,12009.0,837.10155078299,69.85211305447163,5.113793103448276,-0.34254170740298756,0.001113622610682676,0.04415734228265427,0.5855318379283561,0.54741167790405,3820.707,31.51481481481482,32.1,30.9,48.18888888888889,50.1,45.7,FP3,1.0
306,FORMULA 1 MSC CRUISES GRAN PREMIO DE BARCELONA-CATALUNYA 2026,2026,11,Cadillac,4141.357,23.245,31.465,23.981,SOFT,2.0,211.21324465997,334.0,64.94832591679393,10608.158566456515,12497.0,943.1538191604435,66.2931276859143,5.187285223367698,-0.35284604170173217,0.0012304847842303233,0.03072576397683276,0.591337934980646,0.6257729343759549,3820.707,31.51481481481482,32.1,30.9,48.18888888888889,50.1,45.7,FP3,0.0
307,FORMULA 1 MSC CRUISES GRAN PREMIO DE BARCELONA-CATALUNYA 2026,2026,12,Mercedes,2603.124,22.473,30.711,23.316,SOFT,2.0,217.8004019847731,336.0,64.51007244281354,10762.218652073601,12217.0,994.3282235522217,68.57131690744798,5.073504273504273,-0.4275154501402638,0.0010521715919605892,0.021103619565756477,0.6028042793403985,0.6463892444618918,3820.707,31.51481481481482,32.1,30.9,48.18888888888889,50.1,45.7,FP3,0.0
308,FORMULA 1 MSC CRUISES GRAN PREMIO DE BARCELONA-CATALUNYA 2026,2026,14,Aston Martin,3999.795,23.152,32.353,23.991,SOFT,2.0,212.06666274211406,331.0,62.29180968433988,10524.02903791662,11950.0,787.560647321341,69.12638302529673,4.941860465116279,-0.40330554850899253,0.0010186918097122488,0.03109386974812559,0.6134310696436911,0.5897250463818549,3820.707,31.51481481481482,32.1,30.9,48.18888888888889,50.1,45.7,FP3,0.0
309,FORMULA 1 MSC CRUISES GRAN PREMIO DE BARCELONA-CATALUNYA 2026,2026,16,Ferrari,4147.482,22.239,30.635,23.048,SOFT,2.0,217.802661947974,337.0,63.140198168999596,10706.37799260544,12354.0,871.4393341656103,71.06334752575691,5.30565371024735,-0.3422431404634273,0.0012618740019822512,0.026300147135805012,0.620648449261384,0.5732921853527013,3820.707,31.51481481481482,32.1,30.9,48.18888888888889,50.1,45.7,FP3,0.0
310,FORMULA 1 MSC CRUISES GRAN PREMIO DE BARCELONA-CATALUNYA 2026,2026,18,Aston Martin,4021.319,23.29,32.616,24.197,SOFT,2.0,209.61767486645925,332.0,63.28116100000947,10482.922396503325,11971.0,909.7630282927302,68.30754576614076,4.907742998352553,-0.447367102952251,0.00104873235627084,0.022327199673608793,0.6687176887534748,0.5998756519293766,3820.707,31.51481481481482,32.1,30.9,48.18888888888889,50.1,45.7,FP3,0.0
311,FORMULA 1 MSC CRUISES GRAN PREMIO DE BARCELONA-CATALUNYA 2026,2026,23,Williams,4364.774,23.045,31.705,23.662,SOFT,4.0,211.35457881858912,332.0,65.38619425235298,10683.78536548202,12828.0,871.1235230085825,66.72542707489576,4.967741935483871,-0.22603855032474438,0.0012772608450009495,0.0879738227834989,0.5577260632838628,0.6422691749158774,3820.707,31.51481481481482,32.1,30.9,48.18888888888889,50.1,45.7,FP3,0.0
312,FORMULA 1 MSC CRUISES GRAN PREMIO DE BARCELONA-CATALUNYA 2026,2026,27,Audi,3755.36,22.55,31.253,23.158,SOFT,2.0,215.73639724222332,337.0,64.79621508905304,10615.114208938552,12321.0,893.4061893524643,68.95486484378242,5.083044982698962,-0.18446829400871143,0.0013669051224994547,0.13978250162421554,0.43319931603251727,0.6238083431201996,3820.707,31.51481481481482,32.1,30.9,48.18888888888889,50.1,45.7,FP3,0.0
313,FORMULA 1 MSC CRUISES GRAN PREMIO DE BARCELONA-CATALUNYA 2026,2026,30,Racing Bulls,3950.443,22.559,31.166,23.599,SOFT,2.0,216.56450474581797,336.0,66.35735342191995,10825.432552303211,12523.0,838.2290761857225,67.7372274460595,5.3709401709401705,-0.4114432856757863,0.0010926517569329129,0.022534626282389666,0.6887273474447836,0.5873316185439154,3820.707,31.51481481481482,32.1,30.9,48.18888888888889,50.1,45.7,FP3,1.0
314,FORMULA 1 MSC CRUISES GRAN PREMIO DE BARCELONA-CATALUNYA 2026,2026,31,Haas F1 Team,4113.888,22.907,31.491,23.642,SOFT,4.0,214.54463993240154,339.0,65.14952236403627,10847.378030559843,12076.0,707.7876679923876,71.12638928827047,5.134851138353765,-0.17618877794715931,0.0012888590192219678,0.06875976256929599,0.584381481659425,0.5994660806509893,3820.707,31.51481481481482,32.1,30.9,48.18888888888889,50.1,45.7,FP3,0.0
315,FORMULA 1 MSC CRUISES GRAN PREMIO DE BARCELONA-CATALUNYA 2026,2026,41,Racing Bulls,3929.43,22.579,31.05,23.391,SOFT,2.0,217.9710223280235,332.0,63.77442218938774,10630.712038361731,12678.0,930.5028905900548,69.59428651415398,5.535087719298246,-0.38997307029940786,0.0011461077766529001,0.035504954307292,0.6240440322898463,0.5898041955309653,3820.707,31.51481481481482,32.1,30.9,48.18888888888889,50.1,45.7,FP3,1.0
316,FORMULA 1 MSC CRUISES GRAN PREMIO DE BARCELONA-CATALUNYA 2026,2026,43,Alpine,3892.433,22.624,31.467,23.534,SOFT,2.0,213.29570845280264,337.0,64.35240452901924,10717.395173534054,12247.0,820.8059366260335,68.21103756526237,5.003552397868561,-0.05057426354084618,0.004455642740772402,1.8370544730905844,0.5668304656659202,0.5993308795913901,3820.707,31.51481481481482,32.1,30.9,48.18888888888889,50.1,45.7,FP3,1.0
317,FORMULA 1 MSC CRUISES GRAN PREMIO DE BARCELONA-CATALUNYA 2026,2026,44,Ferrari,3937.137,22.474,30.806,23.101,SOFT,2.0,220.58666971308512,336.0,62.803035608717835,10786.495433501195,12388.0,846.9406797491421,69.5281476162476,5.455341506129598,-0.32046759009337344,0.0011859440222244805,0.04158304938703484,0.39979843594390807,0.6271776160198042,3820.707,31.51481481481482,32.1,30.9,48.18888888888889,50.1,45.7,FP3,1.0
318,FORMULA 1 MSC CRUISES GRAN PREMIO DE BARCELONA-CATALUNYA 2026,2026,55,Williams,4372.113,22.883,31.396,23.451,SOFT,2.0,215.15705068893337,330.0,64.92147606620676,10636.406619295083,11943.0,804.1002022272446,69.79257888046438,5.175767918088737,-0.2153992572571657,0.0013589223664867073,0.13597765922371252,0.47394270035783864,0.6291957050405002,3820.707,31.51481481481482,32.1,30.9,48.18888888888889,50.1,45.7,FP3,0.0
319,FORMULA 1 MSC CRUISES GRAN PREMIO DE BARCELONA-CATALUNYA 2026,2026,63,Mercedes,3820.707,22.301,30.376,23.002,SOFT,2.0,221.40739736748392,337.0,64.15534184748927,10702.258688952412,12079.0,930.3673147952213,68.30532041891533,5.306479859894921,-0.39383832953196213,0.0010688112463897127,0.01735444021170417,0.6157015770996324,0.6323662018600752,3820.707,31.51481481481482,32.1,30.9,48.18888888888889,50.1,45.7,FP3,1.0
320,FORMULA 1 MSC CRUISES GRAN PREMIO DE BARCELONA-CATALUNYA 2026,2026,77,Cadillac,1364.74,23.373,32.226,24.363,SOFT,5.0,205.12912648399734,327.0,63.12483798972181,10275.121302028507,12012.0,1228.424938505577,65.60948361930032,5.24283305227656,-0.5098607214593932,0.0010394887341889467,0.012000740175745643,0.6851144554870272,0.5908695065654173,3820.707,31.51481481481482,32.1,30.9,48.18888888888889,50.1,45.7,FP3,0.0
321,FORMULA 1 MSC CRUISES GRAN PREMIO DE BARCELONA-CATALUNYA 2026,2026,81,McLaren,3854.048,22.264,30.721,22.908,SOFT,2.0,220.85686732451498,336.0,63.95250627554849,10902.56746019212,12246.0,735.2129378252874,67.22846120388058,5.768402154398563,-0.4113345295501667,0.0011134336147040312,0.021543736424919264,0.5110415862887323,0.6476826999437313,3820.707,31.51481481481482,32.1,30.9,48.18888888888889,50.1,45.7,FP3,1.0
322,FORMULA 1 MSC CRUISES GRAN PREMIO DE BARCELONA-CATALUNYA 2026,2026,87,Haas F1 Team,4107.708,23.022,31.591,23.778,SOFT,3.0,212.1706761142496,338.0,64.77855208053555,10830.679806534017,12308.0,781.2046162444746,66.99070814344893,5.122413793103449,-0.395461646443331,0.0011224726529751943,0.04125520918256986,0.49576132603622075,0.5484060314391744,3820.707,31.51481481481482,32.1,30.9,48.18888888888889,50.1,45.7,FP3,0.0
323,FORMULA 1 LENOVO AUSTRIAN GRAND PRIX 2026,2026,1,McLaren,3857.047,17.146,30.714,21.013,MEDIUM,4.0,222.32609150823387,319.0,66.52939460346511,11063.855053708272,12485.0,710.1446186237564,66.83051444276478,5.742802303262956,-0.43572858319001995,0.0008120897224390377,0.029358012080570303,0.2408126693333176,0.5880119516667986,2595.762,30.571428571428573,31.8,29.2,50.2961038961039,51.4,48.2,FP1,1.0
324,FORMULA 1 LENOVO AUSTRIAN GRAND PRIX 2026,2026,3,Red Bull Racing,3678.507,16.896,30.35,20.831,SOFT,2.0,227.38709874154497,320.0,66.31307369477193,10700.521745045713,12280.0,1037.9442075030245,68.035986394157,5.819923371647509,-0.4524772965882567,0.0007915836172354549,0.03262309796060417,0.5401862434079212,0.6244274179890219,2595.762,30.571428571428573,31.8,29.2,50.2961038961039,51.4,48.2,FP1,1.0
325,FORMULA 1 LENOVO AUSTRIAN GRAND PRIX 2026,2026,6,Red Bull Racing,3887.122,17.158,30.954,21.369,SOFT,2.0,222.36468871687794,320.0,67.08401950239083,10698.347892781287,11987.0,919.5130783299003,67.14200930472981,5.638888888888889,-0.38428822321379896,0.0008567794656495415,0.046879894711648495,0.4987127684712366,0.6411792974682469,2595.762,30.571428571428573,31.8,29.2,50.2961038961039,51.4,48.2,FP1,1.0
326,FORMULA 1 LENOVO AUSTRIAN GRAND PRIX 2026,2026,10,Alpine,3202.511,17.125,31.163,21.258,SOFT,4.0,223.24489711118662,320.0,67.09144218830588,10704.207146682962,12113.0,887.1295391742046,68.38731493910628,5.38404452690167,-0.41037848912302505,0.0008588308111262935,0.030923929408336777,0.5109452719880203,0.5209670298593971,2595.762,30.571428571428573,31.8,29.2,50.2961038961039,51.4,48.2,FP1,0.0
327,FORMULA 1 LENOVO AUSTRIAN GRAND PRIX 2026,2026,11,Cadillac,2247.558,17.339,31.951999999999998,21.992,HARD,8.0,219.49953623875726,322.0,67.53578730059094,10646.01398690741,12309.0,1198.786027714612,67.58640627477882,5.3474264705882355,-0.0769401535713155,0.0018746633053249306,0.5743696903029346,0.6454726001763434,0.5728453295085262,2595.762,30.571428571428573,31.8,29.2,50.2961038961039,51.4,48.2,FP1,0.0
328,FORMULA 1 LENOVO AUSTRIAN GRAND PRIX 2026,2026,12,Mercedes,2595.762,16.742,30.304,20.75,SOFT,2.0,227.6795127785959,326.0,67.10121625557358,10899.223096306485,12228.0,765.5935971621826,70.5927174808129,5.3515625,-0.43823939343438184,0.000847352584139876,0.023362262092621818,0.5115599176174468,0.561784023058075,2595.762,30.571428571428573,31.8,29.2,50.2961038961039,51.4,48.2,FP1,1.0
329,FORMULA 1 LENOVO AUSTRIAN GRAND PRIX 2026,2026,14,Aston Martin,3664.14,17.741,31.62,21.972,SOFT,2.0,214.45696429940995,300.0,62.20853582390335,10524.981331475828,12165.0,816.8034396170052,70.80227671396757,5.009191176470588,-0.5621686362311353,0.0007646739369213451,0.014195985640633665,0.52040796207991,0.5972984395511896,2595.762,30.571428571428573,31.8,29.2,50.2961038961039,51.4,48.2,FP1,0.0
330,FORMULA 1 LENOVO AUSTRIAN GRAND PRIX 2026,2026,23,Williams,2900.856,17.167,30.977,21.5,SOFT,2.0,220.25836650686807,318.0,67.67598237894249,10565.636128651016,12141.0,804.921200414701,69.63184517001295,5.373814041745731,-0.5228139421956709,0.0008116310471864413,0.013275372252085386,0.5016708564272604,0.5894877852060005,2595.762,30.571428571428573,31.8,29.2,50.2961038961039,51.4,48.2,FP1,0.0
331,FORMULA 1 LENOVO AUSTRIAN GRAND PRIX 2026,2026,27,Audi,2684.551,16.984,30.962,21.219,SOFT,2.0,223.17724579408184,314.0,66.58551011702647,10750.36507204444,11960.0,617.6026810897263,70.37013212903328,5.1722222222222225,-0.5284514343919187,0.000793351644801755,0.01636059614017167,0.5227906758609872,0.578579192527756,2595.762,30.571428571428573,31.8,29.2,50.2961038961039,51.4,48.2,FP1,0.0
332,FORMULA 1 LENOVO AUSTRIAN GRAND PRIX 2026,2026,34,Aston Martin,4053.82,17.737,31.835,21.63,SOFT,3.0,217.87941099592442,303.0,62.48401370164484,10315.528645683584,11750.0,898.905345079062,69.79187375942726,5.207089552238806,-0.5175494337408746,0.0007834637525388439,0.01491181500849303,0.5937266377073478,0.564397362735808,2595.762,30.571428571428573,31.8,29.2,50.2961038961039,51.4,48.2,FP1,
333,FORMULA 1 LENOVO AUSTRIAN GRAND PRIX 2026,2026,38,Ferrari,3657.305,17.173,30.793,21.088,SOFT,4.0,223.4756093674032,317.0,65.46725181642235,10311.278380847018,12074.0,1227.7183398157215,70.31254810018177,5.798861480075901,-0.48217317683152255,0.0007739546539239522,0.02068573082575972,0.6739492865388781,0.571100713460622,2595.762,30.571428571428573,31.8,29.2,50.2961038961039,51.4,48.2,FP1,
334,FORMULA 1 LENOVO AUSTRIAN GRAND PRIX 2026,2026,41,Racing Bulls,2916.638,16.936,30.703,21.087,SOFT,2.0,224.51276976045386,325.0,66.4997640045756,10806.181965217747,12517.0,1009.4524139652812,68.97112041765118,5.6,-0.4914183118017215,0.0007742832385075188,0.015466944130664583,0.5014309313707758,0.5127016441154864,2595.762,30.571428571428573,31.8,29.2,50.2961038961039,51.4,48.2,FP1,1.0
335,FORMULA 1 LENOVO AUSTRIAN GRAND PRIX 2026,2026,43,Alpine,2867.119,17.021,30.864,21.077,SOFT,2.0,226.08691351901163,323.0,67.32858034824575,10771.332672516042,13052.0,773.2880844583011,70.41645798551284,5.429889298892989,-0.4389846166614461,0.000861837372217002,0.0200897792927829,0.427109758942311,0.5254191726622203,2595.762,30.571428571428573,31.8,29.2,50.2961038961039,51.4,48.2,FP1,0.0
336,FORMULA 1 LENOVO AUSTRIAN GRAND PRIX 2026,2026,44,Ferrari,3599.154,16.95,30.514,20.997,SOFT,5.0,226.74003114047593,320.0,64.1771441383524,10892.740722313589,12563.0,847.213690335232,76.34563539915655,5.645348837209302,-0.42061853465115634,0.0008175499742034139,0.019554495555783858,0.24328381974266755,0.5540631119231381,2595.762,30.571428571428573,31.8,29.2,50.2961038961039,51.4,48.2,FP1,1.0
337,FORMULA 1 LENOVO AUSTRIAN GRAND PRIX 2026,2026,46,Williams,3331.537,17.267,31.297,21.415,SOFT,3.0,219.90806054521707,315.0,66.57265196977481,10585.94708527467,12612.0,984.1380732560586,68.49589858616898,5.301343570057582,-0.314438656158562,0.0009494545272240936,0.04487072459312575,0.4865088939851943,0.5678649059104713,2595.762,30.571428571428573,31.8,29.2,50.2961038961039,51.4,48.2,FP1,
338,FORMULA 1 LENOVO AUSTRIAN GRAND PRIX 2026,2026,50,Haas F1 Team,3774.29,17.392,31.293,21.808,SOFT,2.0,220.1120401890152,317.0,67.01941260176169,10558.219645896743,12239.0,961.496967627341,71.44553150554171,5.569230769230769,-0.48505084476075205,0.0008334331953378509,0.016556586970060353,0.47953985038924735,0.5521008925692755,2595.762,30.571428571428573,31.8,29.2,50.2961038961039,51.4,48.2,FP1,
339,FORMULA 1 LENOVO AUSTRIAN GRAND PRIX 2026,2026,63,Mercedes,2949.306,16.869,30.44,20.527,SOFT,5.0,228.16994605809168,325.0,66.55619303462208,10789.341842204822,12276.0,849.0900043323986,70.31036397576847,5.5,-0.49022604940809117,0.0007817017929621993,0.012350938469782134,0.4246365692262195,0.5660320310139774,2595.762,30.571428571428573,31.8,29.2,50.2961038961039,51.4,48.2,FP1,1.0
340,FORMULA 1 LENOVO AUSTRIAN GRAND PRIX 2026,2026,77,Cadillac,3465.647,17.072,30.925,21.524,SOFT,2.0,221.56024243402405,321.0,67.77927397289865,10530.082618538747,12002.0,984.1508091076525,71.0652985946811,5.618867924528302,-0.22558291106371525,0.0008878008783176081,0.07182334171878779,0.5054079234400799,0.5750918128478347,2595.762,30.571428571428573,31.8,29.2,50.2961038961039,51.4,48.2,FP1,0.0
341,FORMULA 1 LENOVO AUSTRIAN GRAND PRIX 2026,2026,81,McLaren,3489.126,16.878,30.383,20.652,SOFT,2.0,226.04433081327488,319.0,67.10339781619253,10852.333170779822,12179.0,640.2690673743793,67.96502268306648,5.946850393700787,-0.3614476157035524,0.000781005338498251,0.023457267301100548,0.4764978819044802,0.5593490606588833,2595.762,30.571428571428573,31.8,29.2,50.2961038961039,51.4,48.2,FP1,1.0
342,FORMULA 1 LENOVO AUSTRIAN GRAND PRIX 2026,2026,87,Haas F1 Team,3443.764,17.016,30.834,21.221,SOFT,2.0,225.80070094779708,320.0,66.77152927604615,10704.673807161033,12181.0,737.1641772598629,71.67781987816308,5.657743785850861,-0.24332104032339205,0.0008985013413781251,0.07217028217323493,0.4208281282595951,0.5641011393508801,2595.762,30.571428571428573,31.8,29.2,50.2961038961039,51.4,48.2,FP1,0.0
343,FORMULA 1 LENOVO AUSTRIAN GRAND PRIX 2026,2026,90,Racing Bulls,3347.434,17.33,31.047,21.26,SOFT,7.0,220.13730137705429,324.0,67.48000063388379,10897.08929260769,12829.0,856.2251046229347,69.60565037729586,5.444656488549619,-0.4157839603095669,0.0008503487377030708,0.02147817085034353,0.4047574636374235,0.5257096803604809,2595.762,30.571428571428573,31.8,29.2,50.2961038961039,51.4,48.2,FP1,
344,FORMULA 1 LENOVO AUSTRIAN GRAND PRIX 2026,2026,97,Audi,4225.527,17.217,31.271,21.158,SOFT,3.0,219.97336199997187,312.0,65.36813746064963,10802.688965066669,12073.0,645.0064607545264,71.47092789279952,5.113680154142582,-0.43460156307947617,0.0008487362543913384,0.01786856712988559,0.21187196444093578,0.5785836698993078,2595.762,30.571428571428573,31.8,29.2,50.2961038961039,51.4,48.2,FP1,
345,FORMULA 1 LENOVO AUSTRIAN GRAND PRIX 2026,2026,1,McLaren,2796.287,16.824,29.995,20.52,SOFT,2.0,228.96858217311063,323.0,65.28469557398944,11018.587917688172,12831.0,694.8263282601874,68.1601970434982,5.98046875,-0.45045721144387185,0.0007074737739048787,0.02110505874015948,0.2096988330404674,0.5534612770775306,3213.768,31.917283950617286,32.4,31.3,47.1641975308642,49.8,44.4,FP2,1.0
346,FORMULA 1 LENOVO AUSTRIAN GRAND PRIX 2026,2026,3,Red Bull Racing,3251.405,16.778,30.183,20.603,SOFT,2.0,229.12567621575263,323.0,66.18840048969682,10713.061767698959,12417.0,1114.4577627346828,70.7431377327162,5.828402366863905,-0.474422693192977,0.0008017727287914739,0.02286258250787812,0.5717117998087173,0.5890441685044335,3213.768,31.917283950617286,32.4,31.3,47.1641975308642,49.8,44.4,FP2,1.0
347,FORMULA 1 LENOVO AUSTRIAN GRAND PRIX 2026,2026,5,Audi,3321.581,16.921,30.559,20.82,SOFT,2.0,227.59500627102588,315.0,64.61673212341215,10992.196165190571,12491.0,512.1940499956091,72.2789356726441,5.180582524271845,-0.45810877112504106,0.0008162534634044452,0.026182756835181127,0.17790547586938119,0.5143913193485168,3213.768,31.917283950617286,32.4,31.3,47.1641975308642,49.8,44.4,FP2,0.0
348,FORMULA 1 LENOVO AUSTRIAN GRAND PRIX 2026,2026,6,Red Bull Racing,3331.716,16.865,30.27,20.623,SOFT,5.0,230.5924362775462,325.0,66.48533838820259,10654.588589324801,12221.0,1128.3367252543192,71.54954455157373,5.878727634194831,-0.4687026236302916,0.0007947514824691178,0.01890132685514674,0.6229245531677372,0.6216416048150732,3213.768,31.917283950617286,32.4,31.3,47.1641975308642,49.8,44.4,FP2,1.0
349,FORMULA 1 LENOVO AUSTRIAN GRAND PRIX 2026,2026,10,Alpine,2680.132,16.935,30.588,20.853,SOFT,2.0,225.8863444941751,323.0,69.00347626579206,10827.635057706168,12470.0,895.2894706457287,70.35811421667695,5.375,-0.22022943917470167,0.0010203003294484046,0.10100351254404669,0.4012416320802811,0.5540763645643556,3213.768,31.917283950617286,32.4,31.3,47.1641975308642,49.8,44.4,FP2,0.0
350,FORMULA 1 LENOVO AUSTRIAN GRAND PRIX 2026,2026,12,Mercedes,3213.768,16.627,30.041,20.346,SOFT,5.0,231.0848490139467,328.0,68.18224020727355,10812.201569897568,12114.0,683.3582949557205,70.8943299130825,5.4940711462450595,-0.4722524468569498,0.0008041386630305725,0.021839894221740225,0.4902439288316529,0.5834393182887532,3213.768,31.917283950617286,32.4,31.3,47.1641975308642,49.8,44.4,FP2,1.0
351,FORMULA 1 LENOVO AUSTRIAN GRAND PRIX 2026,2026,14,Aston Martin,2999.456,17.569,31.45,21.525,SOFT,2.0,219.29384835316466,304.0,62.67140296713277,10572.733309649002,12096.0,793.2842680383676,72.70280723208262,5.151401869158878,-0.23502106167062087,0.0009455265492514203,0.09413572660936666,0.5452538810744605,0.6029596157004815,3213.768,31.917283950617286,32.4,31.3,47.1641975308642,49.8,44.4,FP2,0.0
352,FORMULA 1 LENOVO AUSTRIAN GRAND PRIX 2026,2026,16,Ferrari,2932.153,16.834,30.34,20.681,SOFT,2.0,229.52799039840625,323.0,66.94162209356891,10811.455320269479,12240.0,740.1876401003874,75.39737734927539,5.686200378071834,-0.14089794259607985,0.0010372684328634617,0.13275771402272377,0.4005863487530282,0.575626643350093,3213.768,31.917283950617286,32.4,31.3,47.1641975308642,49.8,44.4,FP2,1.0
353,FORMULA 1 LENOVO AUSTRIAN GRAND PRIX 2026,2026,18,Aston Martin,3163.384,17.498,31.42,21.78,SOFT,2.0,217.401772156841,306.0,62.69501421458942,10445.362312198858,11952.0,1064.420379434827,71.41237292305333,5.222641509433962,-0.35099849468466715,0.0008633898873367376,0.04630483805458629,0.6486203675846407,0.5986100252232692,3213.768,31.917283950617286,32.4,31.3,47.1641975308642,49.8,44.4,FP2,0.0
354,FORMULA 1 LENOVO AUSTRIAN GRAND PRIX 2026,2026,23,Williams,2555.142,17.004,30.652,21.182,SOFT,2.0,227.47613422889214,320.0,66.02249379652406,10652.703379497696,12173.0,812.890260171311,71.29279952820339,5.592030360531309,-0.3808158665322732,0.0008604507244881039,0.04451491937183216,0.376159465559143,0.5575564620704397,3213.768,31.917283950617286,32.4,31.3,47.1641975308642,49.8,44.4,FP2,0.0
355,FORMULA 1 LENOVO AUSTRIAN GRAND PRIX 2026,2026,27,Audi,2532.12,16.961,30.671,20.927,SOFT,2.0,226.6030675167644,314.0,64.80630467845906,10931.690365958828,12823.0,644.0300894234435,74.60163928261204,5.187380497131931,-0.39144869844771923,0.0007922498608467658,0.025802645870023795,0.29779219884687275,0.5858351417462776,3213.768,31.917283950617286,32.4,31.3,47.1641975308642,49.8,44.4,FP2,0.0
356,FORMULA 1 LENOVO AUSTRIAN GRAND PRIX 2026,2026,30,Racing Bulls,2981.468,16.851,30.495,20.889,SOFT,5.0,227.11742609830293,330.0,67.41163870214497,11126.038267121803,12492.0,802.7712149316992,72.6542575797297,5.555772994129159,-0.3719351987654707,0.0009851786099153133,0.03671420096641238,0.3807475839717156,0.49028596018421844,3213.768,31.917283950617286,32.4,31.3,47.1641975308642,49.8,44.4,FP2,1.0
357,FORMULA 1 LENOVO AUSTRIAN GRAND PRIX 2026,2026,31,Haas F1 Team,2882.376,17.003,30.649,21.178,SOFT,2.0,223.3218955854474,323.0,67.33234627004904,10803.011709588129,12104.0,758.3845670728209,71.40222217108959,5.489402697495183,-0.4279885623846063,0.0008172522718601912,0.028111461792155124,0.5345955547792699,0.5429819358284266,3213.768,31.917283950617286,32.4,31.3,47.1641975308642,49.8,44.4,FP2,0.0
358,FORMULA 1 LENOVO AUSTRIAN GRAND PRIX 2026,2026,41,Racing Bulls,2987.522,17.005,30.569,20.804,SOFT,5.0,225.5981602823894,327.0,68.06427003372207,10702.40738175095,12357.0,936.785182168462,70.78602270413289,5.744721689059501,-0.311557653598577,0.0010527340936077223,0.07039786857469905,0.5266843862482546,0.536230338299486,3213.768,31.917283950617286,32.4,31.3,47.1641975308642,49.8,44.4,FP2,1.0
359,FORMULA 1 LENOVO AUSTRIAN GRAND PRIX 2026,2026,43,Alpine,3296.829,17.057,30.806,20.968,SOFT,5.0,228.55945607951466,321.0,66.46412568979991,10742.065273564353,12350.0,702.2105309900745,73.14528766709122,5.535922330097088,-0.3483120693317435,0.0008302187404173776,0.05297104325990117,0.3630705360762671,0.539834806209137,3213.768,31.917283950617286,32.4,31.3,47.1641975308642,49.8,44.4,FP2,0.0
360,FORMULA 1 LENOVO AUSTRIAN GRAND PRIX 2026,2026,44,Ferrari,2740.358,16.764,30.26,20.587,SOFT,2.0,227.1853125207018,323.0,65.12604678317885,10864.05204774808,12242.0,790.9888259561129,74.96126475496948,5.690248565965583,-0.4644504196403595,0.0007789736526016565,0.013956922318838702,0.19013344493009154,0.5653987544687313,3213.768,31.917283950617286,32.4,31.3,47.1641975308642,49.8,44.4,FP2,1.0
361,FORMULA 1 LENOVO AUSTRIAN GRAND PRIX 2026,2026,55,Williams,3370.955,17.075,30.826999999999998,21.229,SOFT,6.0,225.87944077138962,316.0,65.50859760021847,10661.537010503609,12018.0,932.7871671051264,70.08407084509683,5.539196940726577,-0.22124715079097113,0.0010648980327401434,0.1436026821433269,0.3896977500268266,0.5607765668120472,3213.768,31.917283950617286,32.4,31.3,47.1641975308642,49.8,44.4,FP2,0.0
362,FORMULA 1 LENOVO AUSTRIAN GRAND PRIX 2026,2026,63,Mercedes,3302.963,16.791,30.303,20.543,SOFT,6.0,226.56444531090088,326.0,67.75011616732708,10750.05543392363,12736.0,866.236916154193,69.30926270729228,5.514910536779324,-0.5149683411983879,0.0007643404871745327,0.016233660401500958,0.34344116477595404,0.6145193439327185,3213.768,31.917283950617286,32.4,31.3,47.1641975308642,49.8,44.4,FP2,1.0
363,FORMULA 1 LENOVO AUSTRIAN GRAND PRIX 2026,2026,77,Cadillac,1022.04,17.509,31.718,22.08,MEDIUM,2.0,218.44108446467905,316.0,65.85664243695382,10366.90819240233,11852.0,1282.8002327496697,69.55419543686114,5.583177570093458,-0.4349632666715619,0.0007901777602954046,0.03275801501842893,0.688814370758271,0.6077751112768159,3213.768,31.917283950617286,32.4,31.3,47.1641975308642,49.8,44.4,FP2,0.0
364,FORMULA 1 LENOVO AUSTRIAN GRAND PRIX 2026,2026,81,McLaren,2700.548,16.831,30.039,20.381,SOFT,2.0,229.2505359498472,323.0,66.98093357348917,10864.331593127255,12379.0,704.3178246207577,67.46600847044586,6.001919385796545,-0.38631055357230715,0.0008031949562719246,0.03878312644023988,0.4814333557374499,0.5611137152179303,3213.768,31.917283950617286,32.4,31.3,47.1641975308642,49.8,44.4,FP2,1.0
365,FORMULA 1 LENOVO AUSTRIAN GRAND PRIX 2026,2026,87,Haas F1 Team,3024.142,16.944,30.678,20.91,SOFT,5.0,227.67860160960683,322.0,66.87981729804478,10727.159131286937,12200.0,746.9200067651702,73.08054321379886,5.71953578336557,-0.28048230145616565,0.0009092380529509154,0.08894086479287625,0.40430508105995305,0.5505123030787872,3213.768,31.917283950617286,32.4,31.3,47.1641975308642,49.8,44.4,FP2,0.0
366,FORMULA 1 LENOVO AUSTRIAN GRAND PRIX 2026,2026,1,McLaren,3680.088,16.772,30.004,20.584,SOFT,2.0,228.67142395946772,320.0,65.33237815269659,10970.074034618203,12517.0,662.4519403185593,66.92921983809715,6.038854805725971,-0.5033810063761787,0.0007428072373230103,0.011669297644535422,0.24272108631633613,0.5726968064095983,4310.997,31.30246913580247,32.6,30.1,50.72962962962962,53.0,48.7,FP3,1.0
367,FORMULA 1 LENOVO AUSTRIAN GRAND PRIX 2026,2026,3,Red Bull Racing,3654.84,16.697,30.188,20.484,SOFT,2.0,227.95801101940862,327.0,68.3012038769171,10753.558044146066,12417.0,1087.4529552048605,70.04991274843535,5.742393509127789,-0.4972081194221632,0.0007992854038754961,0.018847447354039024,0.6083972223381144,0.617184451782147,4310.997,31.30246913580247,32.6,30.1,50.72962962962962,53.0,48.7,FP3,1.0
368,FORMULA 1 LENOVO AUSTRIAN GRAND PRIX 2026,2026,5,Audi,3960.062,16.934,30.574,20.803,SOFT,2.0,226.0135494428693,322.0,66.63366164219656,10820.649767799652,12443.0,632.7607635548642,70.3217407234551,5.2711538461538465,-0.4921995755645833,0.0007929261800355271,0.019387678207115247,0.24615229732847488,0.5433631420518658,4310.997,31.30246913580247,32.6,30.1,50.72962962962962,53.0,48.7,FP3,0.0
369,FORMULA 1 LENOVO AUSTRIAN GRAND PRIX 2026,2026,6,Red Bull Racing,4469.111,16.894,30.371,20.647,SOFT,9.0,227.71184235383916,319.0,65.88226600113522,10757.224514660038,12298.0,886.1386874805463,70.66856300085115,5.809708737864078,-0.13079815974415174,0.0010533914921113123,0.12165897102701052,0.5080975640681404,0.6220868401409331,4310.997,31.30246913580247,32.6,30.1,50.72962962962962,53.0,48.7,FP3,1.0
370,FORMULA 1 LENOVO AUSTRIAN GRAND PRIX 2026,2026,10,Alpine,3703.626,16.795,30.525,20.873,SOFT,2.0,225.19049170515095,323.0,68.01922967430323,10829.721757045703,12499.0,727.620744139244,70.14886967003369,5.353413654618474,-0.237688201915386,0.0009091716904145752,0.06331068639959947,0.44936583223322635,0.5559714788180674,4310.997,31.30246913580247,32.6,30.1,50.72962962962962,53.0,48.7,FP3,0.0
371,FORMULA 1 LENOVO AUSTRIAN GRAND PRIX 2026,2026,11,Cadillac,4027.942,17.032,30.933,21.567,SOFT,2.0,225.6941129792592,322.0,65.56311304126801,10810.58203392263,12313.0,841.3394964432574,70.81354551737189,5.486538461538461,0.03239768168081576,0.05344652054506871,27.391232992425856,0.44740852417969024,0.5656311606629316,4310.997,31.30246913580247,32.6,30.1,50.72962962962962,53.0,48.7,FP3,0.0
372,FORMULA 1 LENOVO AUSTRIAN GRAND PRIX 2026,2026,12,Mercedes,2839.966,16.682,30.054,20.398,SOFT,5.0,228.9186576886191,324.0,66.88385101258437,10885.19820138579,12090.0,712.4203919084287,70.27234207200009,5.443786982248521,-0.28318209895849566,0.000926708794811697,0.06482104830128393,0.4691427252461588,0.5788205617185808,4310.997,31.30246913580247,32.6,30.1,50.72962962962962,53.0,48.7,FP3,1.0
373,FORMULA 1 LENOVO AUSTRIAN GRAND PRIX 2026,2026,14,Aston Martin,4094.758,17.463,31.413,21.545,SOFT,2.0,219.41987297753414,309.0,62.977899117002266,10539.892293270366,12103.0,840.4216852656642,70.68269294856817,5.204933586337761,-0.4869602371537082,0.0008074087530667186,0.01655440207458778,0.5234641920527042,0.5761183754803062,4310.997,31.30246913580247,32.6,30.1,50.72962962962962,53.0,48.7,FP3,0.0
374,FORMULA 1 LENOVO AUSTRIAN GRAND PRIX 2026,2026,16,Ferrari,4441.639,16.754,30.151,20.547,SOFT,9.0,229.82170433616804,323.0,66.93146267014252,10873.626100291638,12196.0,770.9458724833095,76.60534508721706,5.65,-0.5938347107955692,0.0007005542971131307,0.010437372215485406,0.4738719903836495,0.6294756516533324,4310.997,31.30246913580247,32.6,30.1,50.72962962962962,53.0,48.7,FP3,1.0
375,FORMULA 1 LENOVO AUSTRIAN GRAND PRIX 2026,2026,18,Aston Martin,4103.429,17.498,31.336,21.733,SOFT,5.0,218.6238839333369,306.0,62.926156427373165,10537.080789343867,11727.0,800.5125107207913,72.05385412828159,5.170132325141777,-0.015770954095944433,0.030311941021498902,13.410862418376169,0.6404138756060946,0.6168842796417975,4310.997,31.30246913580247,32.6,30.1,50.72962962962962,53.0,48.7,FP3,0.0
376,FORMULA 1 LENOVO AUSTRIAN GRAND PRIX 2026,2026,23,Williams,4015.265,16.976,30.835,21.181,SOFT,2.0,226.1719222366183,320.0,66.34226399729643,10638.538704374296,12735.0,810.9615308014489,69.82830386006297,5.548828125,-0.2074750536137278,0.0011748027260160892,0.16836100847500035,0.3638345919150778,0.4937646017484091,4310.997,31.30246913580247,32.6,30.1,50.72962962962962,53.0,48.7,FP3,0.0
377,FORMULA 1 LENOVO AUSTRIAN GRAND PRIX 2026,2026,27,Audi,4109.117,17.008,30.491,20.804,SOFT,5.0,229.0638906334144,322.0,66.59869066071302,10770.338729303596,11982.0,733.5427998394653,73.47868201794316,5.374509803921568,-0.43513934913896163,0.0008167312519576135,0.02635913250828952,0.5391792408032741,0.580186147723355,4310.997,31.30246913580247,32.6,30.1,50.72962962962962,53.0,48.7,FP3,0.0
378,FORMULA 1 LENOVO AUSTRIAN GRAND PRIX 2026,2026,30,Racing Bulls,3767.802,16.876,30.461,20.694,SOFT,2.0,226.66095343132395,324.0,67.28148837351773,11050.333570548259,12670.0,834.6848053985782,70.5991365468476,5.601532567049809,-0.29464561686014906,0.0009023322469642164,0.0848384173313191,0.4285634355290383,0.5714808060919736,4310.997,31.30246913580247,32.6,30.1,50.72962962962962,53.0,48.7,FP3,1.0
379,FORMULA 1 LENOVO AUSTRIAN GRAND PRIX 2026,2026,31,Haas F1 Team,4276.551,17.121,30.766,20.82,SOFT,2.0,226.40257084701224,319.0,65.817601752472,10747.699166530065,12426.0,741.7686514793195,72.8056643763505,5.629558541266794,-0.44447923077591045,0.0008130846379377294,0.029736303081641206,0.4343754178686669,0.5635791194395967,4310.997,31.30246913580247,32.6,30.1,50.72962962962962,53.0,48.7,FP3,0.0
380,FORMULA 1 LENOVO AUSTRIAN GRAND PRIX 2026,2026,41,Racing Bulls,3880.91,16.848,30.657,20.604,SOFT,2.0,228.38351671406005,323.0,66.29106822427207,10742.040884315607,12608.0,905.7165927427948,73.00054722097212,5.867052023121388,-0.27455200303828353,0.0009891210386141203,0.09706266572604463,0.4503243275538372,0.4956013588934361,4310.997,31.30246913580247,32.6,30.1,50.72962962962962,53.0,48.7,FP3,1.0
381,FORMULA 1 LENOVO AUSTRIAN GRAND PRIX 2026,2026,43,Alpine,4453.494,16.972,30.483,20.939,SOFT,5.0,228.15867527062989,326.0,67.29193114227367,10705.881114451815,11951.0,733.3696405248811,72.54162058314331,5.561068702290076,-0.4638543814772801,0.0007658173132345989,0.014731445735011763,0.479508076127389,0.5257902475362675,4310.997,31.30246913580247,32.6,30.1,50.72962962962962,53.0,48.7,FP3,0.0
382,FORMULA 1 LENOVO AUSTRIAN GRAND PRIX 2026,2026,44,Ferrari,3693.987,16.576999999999998,30.138,20.496,SOFT,2.0,230.59242031973906,321.0,66.66577602765247,10827.632845934868,12547.0,773.4711466492329,73.64475483789901,5.764948453608247,-0.34324982768880435,0.0008269392506932969,0.03653910152825765,0.197879749008176,0.5822133030622384,4310.997,31.30246913580247,32.6,30.1,50.72962962962962,53.0,48.7,FP3,1.0
383,FORMULA 1 LENOVO AUSTRIAN GRAND PRIX 2026,2026,55,Williams,4067.949,17.031,30.715,21.097,SOFT,2.0,224.97250983263334,320.0,67.30568348358057,10551.168192240551,12114.0,778.0621599925448,69.73427743908876,5.537878787878788,-0.48179207400275426,0.0007863137769792141,0.019958531641352643,0.43912456045593784,0.5550150144713498,4310.997,31.30246913580247,32.6,30.1,50.72962962962962,53.0,48.7,FP3,0.0
384,FORMULA 1 LENOVO AUSTRIAN GRAND PRIX 2026,2026,63,Mercedes,4310.997,16.758,30.114,20.224,SOFT,6.0,230.3747597596327,325.0,69.01938261293564,10880.208674103687,12692.0,835.442228657602,68.77888744849605,5.558648111332008,-0.46211128892560244,0.0007955998953546006,0.02019253957475261,0.4070110750030331,0.5892429024688652,4310.997,31.30246913580247,32.6,30.1,50.72962962962962,53.0,48.7,FP3,1.0
385,FORMULA 1 LENOVO AUSTRIAN GRAND PRIX 2026,2026,77,Cadillac,4253.167,17.12,31.031,21.589,SOFT,2.0,222.23246040053928,320.0,66.62421634837305,10453.339688418471,12038.0,1018.7018368264488,70.24001020956997,5.745247148288973,-0.01911096405517343,0.01106718000178764,5.419974229124951,0.5164189547603988,0.55072472899763,4310.997,31.30246913580247,32.6,30.1,50.72962962962962,53.0,48.7,FP3,0.0
386,FORMULA 1 LENOVO AUSTRIAN GRAND PRIX 2026,2026,81,McLaren,4043.859,16.794,30.03,20.52,SOFT,5.0,231.10994608678834,321.0,65.10061788478217,10887.738327269075,12291.0,601.8320229276794,69.6536838592333,6.097029702970297,-0.5085223557178304,0.0007453024179428364,0.013844472706986723,0.3661307508091941,0.567666323481934,4310.997,31.30246913580247,32.6,30.1,50.72962962962962,53.0,48.7,FP3,1.0
387,FORMULA 1 LENOVO AUSTRIAN GRAND PRIX 2026,2026,87,Haas F1 Team,4010.269,16.886,30.651,20.992,SOFT,2.0,227.34733442668855,325.0,66.63316305671086,10832.075986159933,12055.0,743.3829723470193,71.31555395269675,5.6129666011787815,-0.20225147164798712,0.001198345381726605,0.1755696370928296,0.37946396975088764,0.5344929512782733,4310.997,31.30246913580247,32.6,30.1,50.72962962962962,53.0,48.7,FP3,0.0
388,FORMULA 1 PIRELLI BRITISH GRAND PRIX 2026,2026,1,McLaren,4018.209,28.508,36.41,25.37,SOFT,2.0,232.23148679047668,312.0,68.06953113431062,10771.049129455152,12571.0,790.3983520010622,70.86660447656483,6.141353383458647,-0.44382916064688105,0.0009976796912327531,0.03142204137609982,0.306279052142911,0.716676962609665,4110.306,22.023809523809526,23.3,20.6,40.70119047619047,43.2,38.0,FP1,1.0
389,FORMULA 1 PIRELLI BRITISH GRAND PRIX 2026,2026,3,Red Bull Racing,4210.318,28.692,36.628,24.92,SOFT,2.0,232.86855131071897,314.0,67.12686663254719,10612.720168552374,12065.0,916.8779198898686,70.53721465054299,5.931982633863965,0.0012996093198634564,0.008038708293702092,4.96195375413841,0.6231468051805965,0.7095556735033643,4110.306,22.023809523809526,23.3,20.6,40.70119047619047,43.2,38.0,FP1,0.0
390,FORMULA 1 PIRELLI BRITISH GRAND PRIX 2026,2026,5,Audi,4159.833,29.018,36.864,25.153,MEDIUM,2.0,231.41367648301463,309.0,66.93892780377688,10501.245723600463,11920.0,723.3662269656068,74.25875915480162,5.496392496392496,-0.4055854026451579,0.0009525922646873331,0.04689393225017301,0.5462335336025345,0.6937579998556888,4110.306,22.023809523809526,23.3,20.6,40.70119047619047,43.2,38.0,FP1,1.0
391,FORMULA 1 PIRELLI BRITISH GRAND PRIX 2026,2026,6,Red Bull Racing,3985.266,28.665,36.652,25.021,SOFT,2.0,231.88823724344508,317.0,68.10586132096512,10667.576723255537,12173.0,867.1124092367143,71.25761029887096,5.923423423423423,-0.5118833371942391,0.0009748490266944853,0.017900887139928115,0.5546092510312682,0.7143014921685319,4110.306,22.023809523809526,23.3,20.6,40.70119047619047,43.2,38.0,FP1,1.0
392,FORMULA 1 PIRELLI BRITISH GRAND PRIX 2026,2026,10,Alpine,2162.102,29.379,37.803,25.837,HARD,10.0,226.22762281613421,312.0,68.18034432376456,10821.865070044421,12480.0,890.7234727529034,72.28235284095544,5.310144927536232,-0.30608167050067714,0.0010811774272191774,0.08058906933966999,0.5164329809990927,0.6359011663227471,4110.306,22.023809523809526,23.3,20.6,40.70119047619047,43.2,38.0,FP1,1.0
393,FORMULA 1 PIRELLI BRITISH GRAND PRIX 2026,2026,11,Cadillac,4485.922,29.318,37.2,25.723,MEDIUM,2.0,227.56105964789253,317.0,69.86132255331316,10702.555434124175,12869.0,765.4773330181391,71.2008941846026,5.612809315866085,-0.4717054861939685,0.000997893124506541,0.01808789648252792,0.336262394032942,0.6626925485234515,4110.306,22.023809523809526,23.3,20.6,40.70119047619047,43.2,38.0,FP1,0.0
394,FORMULA 1 PIRELLI BRITISH GRAND PRIX 2026,2026,12,Mercedes,3951.356,28.369,36.209,24.895,SOFT,2.0,235.8778289955859,312.0,66.45040055152882,10969.086403308518,12259.0,783.7129181028396,74.48295522090895,5.487987987987988,-0.4881352739082327,0.0009198582583592777,0.02365640101077301,0.629467914543072,0.7206907574975207,4110.306,22.023809523809526,23.3,20.6,40.70119047619047,43.2,38.0,FP1,0.0
395,FORMULA 1 PIRELLI BRITISH GRAND PRIX 2026,2026,14,Aston Martin,4180.068,29.475,37.713,25.769,MEDIUM,3.0,223.799198811272,300.0,66.10935968534605,10579.526107130565,11858.0,727.7981450756868,72.23210890695232,5.259943181818182,-0.4794226332048899,0.0009625167232017937,0.02893835367097187,0.6261159708020813,0.6728462561890388,4110.306,22.023809523809526,23.3,20.6,40.70119047619047,43.2,38.0,FP1,0.0
396,FORMULA 1 PIRELLI BRITISH GRAND PRIX 2026,2026,16,Ferrari,4190.46,28.743,36.405,24.711,SOFT,4.0,233.45898426392216,317.0,68.24509661517604,10777.159765732742,12372.0,808.7314018492324,75.84881165939912,5.740579710144927,-0.39006405678899286,0.0009347373975335824,0.03961387144572235,0.49504805907681576,0.66523612999971,4110.306,22.023809523809526,23.3,20.6,40.70119047619047,43.2,38.0,FP1,1.0
397,FORMULA 1 PIRELLI BRITISH GRAND PRIX 2026,2026,18,Aston Martin,4071.487,29.377,38.048,25.705,MEDIUM,2.0,225.110426815507,304.0,65.73640898992699,10609.63198593294,12140.0,762.7693915665436,74.23729427525899,5.304597701149425,-0.024005384872005903,0.005101585441892669,2.7069662114636692,0.4994837251441254,0.6825879906678092,4110.306,22.023809523809526,23.3,20.6,40.70119047619047,43.2,38.0,FP1,0.0
398,FORMULA 1 PIRELLI BRITISH GRAND PRIX 2026,2026,23,Williams,3998.081,28.887,37.073,25.737,SOFT,2.0,229.01323674843124,312.0,68.11124875094234,10728.470948776176,11951.0,579.2968515807415,73.04510595422917,5.483727810650888,-0.3387222227178136,0.0010416986958460637,0.06772460940607304,0.2113618017698055,0.6509491428790002,4110.306,22.023809523809526,23.3,20.6,40.70119047619047,43.2,38.0,FP1,0.0
399,FORMULA 1 PIRELLI BRITISH GRAND PRIX 2026,2026,27,Audi,4466.154,28.947,36.619,25.177,MEDIUM,5.0,229.86975384674062,311.0,67.98863215136458,10709.003798724998,12177.0,705.8814811385175,74.64760295682919,5.35693215339233,-0.24664838472053754,0.0011351583834384317,0.1179779987515515,0.45143947448626665,0.6536352079575076,4110.306,22.023809523809526,23.3,20.6,40.70119047619047,43.2,38.0,FP1,0.0
400,FORMULA 1 PIRELLI BRITISH GRAND PRIX 2026,2026,30,Racing Bulls,3666.336,28.863,36.793,25.194,MEDIUM,3.0,229.64416020713568,313.0,68.3821659515409,10721.275884420511,12006.0,787.1642015361347,73.3448731513993,5.805722891566265,-0.4824166757954094,0.000962881572193021,0.01858872203914985,0.48993772942683267,0.6221432174789736,4110.306,22.023809523809526,23.3,20.6,40.70119047619047,43.2,38.0,FP1,1.0
401,FORMULA 1 PIRELLI BRITISH GRAND PRIX 2026,2026,31,Haas F1 Team,4355.396,29.173,37.058,25.453,SOFT,5.0,228.35392537342614,311.0,67.16125860627996,10615.27466279321,11933.0,728.9759177026571,73.83599633599366,5.701030927835052,-0.4399178186145126,0.0010015603367534405,0.027629004411985823,0.5238082764142307,0.6979595262331945,4110.306,22.023809523809526,23.3,20.6,40.70119047619047,43.2,38.0,FP1,0.0
402,FORMULA 1 PIRELLI BRITISH GRAND PRIX 2026,2026,41,Racing Bulls,3931.867,28.766,37.05,25.523,MEDIUM,5.0,230.35926591099417,313.0,68.3585020366006,10427.342166539507,12413.0,859.8038463577982,74.4661541819932,6.010233918128655,-0.5035539771093271,0.00099361016811629,0.018266931555489533,0.49678985372743184,0.6716535155088853,4110.306,22.023809523809526,23.3,20.6,40.70119047619047,43.2,38.0,FP1,1.0
403,FORMULA 1 PIRELLI BRITISH GRAND PRIX 2026,2026,43,Alpine,4325.978,28.726,36.964,25.276,MEDIUM,5.0,230.38410484325098,314.0,68.79472847879369,10822.7517198527,12426.0,587.2087427227613,74.30135603710767,5.449635036496351,-0.5148304238940703,0.0009785118357867276,0.01927251586566549,0.2914452091457177,0.6674160429515898,4110.306,22.023809523809526,23.3,20.6,40.70119047619047,43.2,38.0,FP1,1.0
404,FORMULA 1 PIRELLI BRITISH GRAND PRIX 2026,2026,44,Ferrari,4110.306,28.403,36.226,24.631,SOFT,2.0,234.82047602875804,317.0,68.02508997952101,10785.147730101544,12357.0,711.5397187899226,75.74048020986815,5.7894736842105265,-0.5060892729264725,0.0009532016307753984,0.021676752990313602,0.3384547818560485,0.688174437421278,4110.306,22.023809523809526,23.3,20.6,40.70119047619047,43.2,38.0,FP1,1.0
405,FORMULA 1 PIRELLI BRITISH GRAND PRIX 2026,2026,55,Williams,3942.393,28.961,37.285,25.438,SOFT,2.0,227.21695654487917,308.0,66.86434482318488,10744.651666304895,12284.0,661.3699915094671,73.23214320921917,5.432116788321168,-0.49539694149154645,0.0010296210209488049,0.026668747885631883,0.3372305290325654,0.667428818075395,4110.306,22.023809523809526,23.3,20.6,40.70119047619047,43.2,38.0,FP1,0.0
406,FORMULA 1 PIRELLI BRITISH GRAND PRIX 2026,2026,63,Mercedes,3902.247,28.447,36.413,25.078,SOFT,2.0,234.43138564885402,311.0,66.28598205936059,11002.269512413639,12812.0,822.1093114337872,72.9865120097132,5.4347181008902075,-0.344869146139056,0.00108890444982989,0.03575530004603744,0.5853111801604637,0.6675638924567425,4110.306,22.023809523809526,23.3,20.6,40.70119047619047,43.2,38.0,FP1,1.0
407,FORMULA 1 PIRELLI BRITISH GRAND PRIX 2026,2026,77,Cadillac,4516.099,29.192,37.452,25.506,MEDIUM,2.0,226.74675424379282,318.0,68.949118752267,10552.049395503956,12067.0,835.7625362932417,70.91589576743715,5.692537313432836,-0.015821613983311462,0.002608796980273149,1.0388711988013346,0.5597596316412206,0.6240023337188456,4110.306,22.023809523809526,23.3,20.6,40.70119047619047,43.2,38.0,FP1,0.0
408,FORMULA 1 PIRELLI BRITISH GRAND PRIX 2026,2026,81,McLaren,3867.024,28.512,36.531,25.104,SOFT,2.0,232.70253534984693,315.0,68.85561182185674,10685.15570679576,12599.0,753.2225132394816,70.19227976113886,6.199704142011834,-0.5087522684249262,0.0009669754396531021,0.01708040595754123,0.3558252537673217,0.7228033899456188,4110.306,22.023809523809526,23.3,20.6,40.70119047619047,43.2,38.0,FP1,0.0
409,FORMULA 1 PIRELLI BRITISH GRAND PRIX 2026,2026,87,Haas F1 Team,4457.843,29.179,36.822,25.372,SOFT,5.0,229.90682049201936,312.0,67.91923114084024,10751.357176814643,11904.0,880.806980812909,74.38928828557489,5.625730994152047,-0.3708792983121962,0.001060669965480884,0.04818536167995055,0.6746871345605859,0.7023665974958503,4110.306,22.023809523809526,23.3,20.6,40.70119047619047,43.2,38.0,FP1,0.0
410,FORMULA 1 MOËT & CHANDON BELGIAN GRAND PRIX 2026,2026,1,McLaren,3641.728,30.972,47.78,29.179,SOFT,2.0,230.33357139798318,331.0,71.28520010956548,10868.868094054817,12228.0,891.4744387419314,74.15869654139506,5.961394769613948,-0.4967493685900629,0.0008320161855166381,0.020668678587924226,0.5890430551447766,0.6613581790667515,2646.593,24.034567901234567,24.6,23.2,39.50864197530865,43.2,34.4,FP1,1.0
411,FORMULA 1 MOËT & CHANDON BELGIAN GRAND PRIX 2026,2026,3,Red Bull Racing,2646.593,30.974,47.308,28.788,SOFT,2.0,234.78239357167863,328.0,69.1967983682805,10869.589097500393,12651.0,671.0033461754693,75.03765102824565,5.84004884004884,-0.11156758448916212,0.0016455136665616005,0.6827524738009307,0.48063427508233875,0.6961413272049962,2646.593,24.034567901234567,24.6,23.2,39.50864197530865,43.2,34.4,FP1,1.0
412,FORMULA 1 MOËT & CHANDON BELGIAN GRAND PRIX 2026,2026,5,Audi,2946.917,31.189,48.078,29.139,SOFT,2.0,230.22440009234126,328.0,70.72887910661996,10882.304357637033,12988.0,816.1750545068913,80.58038792332992,5.219948849104859,-0.03694009589304376,39.78008690307418,28893.362260597532,0.6735310817449781,0.49242721505181847,2646.593,24.034567901234567,24.6,23.2,39.50864197530865,43.2,34.4,FP1,1.0
413,FORMULA 1 MOËT & CHANDON BELGIAN GRAND PRIX 2026,2026,6,Red Bull Racing,2606.458,30.983,47.503,28.836,SOFT,2.0,233.4532334104463,328.0,69.38565700413605,10641.597456583573,12182.0,962.240614169975,76.14367732169907,5.935679611650485,-0.07664066137999796,0.01787883098266267,14.058272157380145,0.6070893968424557,0.7021343069836146,2646.593,24.034567901234567,24.6,23.2,39.50864197530865,43.2,34.4,FP1,1.0
414,FORMULA 1 MOËT & CHANDON BELGIAN GRAND PRIX 2026,2026,10,Alpine,2942.155,31.439,48.638,29.635,SOFT,2.0,228.31991393892966,327.0,72.53136571464587,10633.283627611563,13054.0,893.4172992995818,75.42659030161752,5.48989898989899,-0.318200717662236,0.000978840655715625,0.07350976337302502,0.4857571797565612,0.67108926147157,2646.593,24.034567901234567,24.6,23.2,39.50864197530865,43.2,34.4,FP1,0.0
415,FORMULA 1 MOËT & CHANDON BELGIAN GRAND PRIX 2026,2026,11,Cadillac,3047.441,31.248,49.419,29.559,SOFT,2.0,227.84005141606167,330.0,70.07901412478529,10756.574703201033,12535.0,946.2966163722465,75.41070635666037,5.630996309963099,-0.17675573580515633,0.0011139348847152553,0.2180675865137742,0.3675373744641172,0.6594936233008962,2646.593,24.034567901234567,24.6,23.2,39.50864197530865,43.2,34.4,FP1,0.0
416,FORMULA 1 MOËT & CHANDON BELGIAN GRAND PRIX 2026,2026,12,Mercedes,2484.916,30.715,48.177,28.711,SOFT,2.0,232.56505500015388,334.0,72.8990298386497,10825.23772699779,12289.0,567.6934557218916,76.52362854799122,5.51875,-0.4773819829370671,0.0008924237003410316,0.021622687441166133,0.2687654679140647,0.691314883992981,2646.593,24.034567901234567,24.6,23.2,39.50864197530865,43.2,34.4,FP1,1.0
417,FORMULA 1 MOËT & CHANDON BELGIAN GRAND PRIX 2026,2026,16,Ferrari,3279.018,31.02,47.281,28.976,SOFT,4.0,235.58781442474648,326.0,66.64133499255684,10759.219586680232,12375.0,910.5625700905498,81.8985618688808,5.828897338403042,-0.3695695230063379,0.0010112636242998073,0.05798633226794826,0.4821218406543928,0.679646289383994,2646.593,24.034567901234567,24.6,23.2,39.50864197530865,43.2,34.4,FP1,1.0
418,FORMULA 1 MOËT & CHANDON BELGIAN GRAND PRIX 2026,2026,18,Aston Martin,3498.811,32.56,50.478,29.77,SOFT,2.0,221.77232476882784,325.0,66.34318595469675,10588.568859918383,12559.0,733.9167312300649,78.29460724836309,5.278436018957346,-0.39487288695137635,0.0009609616681658822,0.042832153870114714,0.29197962574434194,0.6774730161507269,2646.593,24.034567901234567,24.6,23.2,39.50864197530865,43.2,34.4,FP1,0.0
419,FORMULA 1 MOËT & CHANDON BELGIAN GRAND PRIX 2026,2026,23,Williams,3266.603,30.999,49.143,29.195,SOFT,4.0,225.73040343728556,329.0,72.2013348860715,10610.006150110172,12416.0,735.9086874028706,74.67746553537405,5.49569495694957,-0.438977471787543,0.0009752425757720825,0.027096527293967575,0.1690901895327222,0.6763826422375641,2646.593,24.034567901234567,24.6,23.2,39.50864197530865,43.2,34.4,FP1,0.0
420,FORMULA 1 MOËT & CHANDON BELGIAN GRAND PRIX 2026,2026,27,Audi,2871.095,31.741,47.829,29.392,SOFT,2.0,228.79711520975138,322.0,69.07808587021437,10890.703694294398,12559.0,728.3488439628171,77.3359496511029,5.251533742331288,-0.34741233867636595,0.0010323019336756305,0.06197231783680928,0.18025329579009036,0.6342409533288721,2646.593,24.034567901234567,24.6,23.2,39.50864197530865,43.2,34.4,FP1,0.0
421,FORMULA 1 MOËT & CHANDON BELGIAN GRAND PRIX 2026,2026,30,Racing Bulls,3204.674,31.279,48.182,28.971,SOFT,4.0,229.59628723625246,329.0,70.29027124390639,10810.728130762483,12712.0,782.8191369796313,78.20779931888644,5.746566791510611,-0.163059416243372,0.0012808163972801662,0.2980755498204123,0.39658738102306457,0.6633884668062887,2646.593,24.034567901234567,24.6,23.2,39.50864197530865,43.2,34.4,FP1,0.0
422,FORMULA 1 MOËT & CHANDON BELGIAN GRAND PRIX 2026,2026,31,Haas F1 Team,3989.193,31.392,48.908,29.149,SOFT,2.0,229.61022792186856,330.0,69.8525378576774,10759.033148481043,12037.0,703.7384406512373,77.24911226232987,5.653366583541147,-0.3220572280810658,0.0009704749830107532,0.058255376578063,0.5140370011359988,0.6328568050248422,2646.593,24.034567901234567,24.6,23.2,39.50864197530865,43.2,34.4,FP1,0.0
423,FORMULA 1 MOËT & CHANDON BELGIAN GRAND PRIX 2026,2026,34,Aston Martin,4004.116,32.302,50.909,29.988,SOFT,4.0,222.96455289663427,324.0,67.8518885008822,10412.543825445646,11961.0,896.3882153560388,77.95412241752301,5.3265060240963855,-0.06294953246438033,0.001459558460075296,0.37768427739782146,0.5954065531880834,0.6133994741949637,2646.593,24.034567901234567,24.6,23.2,39.50864197530865,43.2,34.4,FP1,
424,FORMULA 1 MOËT & CHANDON BELGIAN GRAND PRIX 2026,2026,41,Racing Bulls,2663.546,30.967,48.211,29.056,SOFT,2.0,229.93125541530932,326.0,70.95150213682572,10725.590664185647,12604.0,894.096518698349,77.72863316316064,5.809113300492611,-0.43368136840576643,0.0009825557411334198,0.03553269080294011,0.5103497220314267,0.632359855284249,2646.593,24.034567901234567,24.6,23.2,39.50864197530865,43.2,34.4,FP1,1.0
425,FORMULA 1 MOËT & CHANDON BELGIAN GRAND PRIX 2026,2026,43,Alpine,3632.679,31.326,48.618,29.459,SOFT,2.0,228.4261998881689,323.0,70.72287823859659,10874.073079559794,13056.0,617.0830075676943,75.52728745959944,5.374390243902439,-0.1418189286848666,0.0010267171881687908,0.1646924831432875,0.2561497700948061,0.6435449049230508,2646.593,24.034567901234567,24.6,23.2,39.50864197530865,43.2,34.4,FP1,1.0
426,FORMULA 1 MOËT & CHANDON BELGIAN GRAND PRIX 2026,2026,44,Ferrari,3253.015,30.941,47.421,28.853,SOFT,4.0,234.74599290508414,333.0,69.58852235464137,10889.508209321153,12633.0,723.8479534555639,80.79326541448157,5.795739348370927,-0.13042038131767977,0.0012212701463806173,0.2118231812493565,0.10073446451282676,0.6499120301547116,2646.593,24.034567901234567,24.6,23.2,39.50864197530865,43.2,34.4,FP1,1.0
427,FORMULA 1 MOËT & CHANDON BELGIAN GRAND PRIX 2026,2026,55,Williams,3248.744,31.661,49.324,29.877,SOFT,4.0,225.64678825324347,319.0,69.43913256235129,10717.74410963271,12774.0,761.2255294500751,75.9838397457082,5.411407766990291,-0.43724777388279384,0.000903900517643665,0.03686748730847875,0.18098315924809766,0.6703133893032861,2646.593,24.034567901234567,24.6,23.2,39.50864197530865,43.2,34.4,FP1,0.0
428,FORMULA 1 MOËT & CHANDON BELGIAN GRAND PRIX 2026,2026,63,Mercedes,2600.229,30.693,48.29,28.976,SOFT,2.0,230.02938200435827,331.0,72.20788216515767,10704.7055348902,12431.0,737.6512155101904,74.6269875683776,5.573493975903615,-0.401586996488999,0.0008639013754153822,0.0435109785687882,0.18143340696414692,0.6691004748301342,2646.593,24.034567901234567,24.6,23.2,39.50864197530865,43.2,34.4,FP1,0.0
429,FORMULA 1 MOËT & CHANDON BELGIAN GRAND PRIX 2026,2026,77,Cadillac,3355.881,31.377,49.123,29.339,SOFT,2.0,226.36379359495098,327.0,71.01531832777033,10840.565201815605,12366.0,720.039408535892,74.39697042132225,5.535108958837772,-0.18606509567677015,0.001184755048522384,0.1445620263917729,0.3736194562123482,0.7123927450996969,2646.593,24.034567901234567,24.6,23.2,39.50864197530865,43.2,34.4,FP1,0.0
430,FORMULA 1 MOËT & CHANDON BELGIAN GRAND PRIX 2026,2026,81,McLaren,3452.044,30.91,47.383,29.229,SOFT,2.0,230.99971482437766,326.0,72.47054315600457,10998.458477304952,12417.0,755.6572296587102,73.07150982591396,5.940506329113924,-0.09438970550257887,0.00552723043408288,3.1268544549089907,0.49615625099022487,0.7124145075079326,2646.593,24.034567901234567,24.6,23.2,39.50864197530865,43.2,34.4,FP1,1.0
431,FORMULA 1 MOËT & CHANDON BELGIAN GRAND PRIX 2026,2026,87,Haas F1 Team,3965.39,31.161,48.929,28.92,SOFT,2.0,230.5015485779135,331.0,69.64537402521212,10815.554941255872,12274.0,610.292043500153,77.89661585744277,5.729088639200999,-0.3733057367069268,0.0010137388957604382,0.045578479436915446,0.35242170167379366,0.6509486843354517,2646.593,24.034567901234567,24.6,23.2,39.50864197530865,43.2,34.4,FP1,0.0
432,FORMULA 1 MOËT & CHANDON BELGIAN GRAND PRIX 2026,2026,1,McLaren,2641.675,30.657,46.586,28.891,SOFT,2.0,234.40252994237852,322.0,69.85174912551417,10942.684868857823,12261.0,843.9307642163086,76.15592139943413,6.088089330024814,-0.34079376010405965,0.0009927214442914387,0.07490264407099735,0.4929115278142958,0.6872321753887376,2146.312,23.951807228915666,24.7,22.6,33.06506024096386,36.2,30.3,FP2,1.0
433,FORMULA 1 MOËT & CHANDON BELGIAN GRAND PRIX 2026,2026,3,Red Bull Racing,2141.072,30.771,47.008,28.637,SOFT,2.0,235.97779931069985,330.0,69.4671656899794,10855.518673492676,12612.0,650.8451531699436,78.01249742363746,5.908200734394125,-0.3655507948767794,0.0009118403691037868,0.0528814146818253,0.38435811950604565,0.689442441059589,2146.312,23.951807228915666,24.7,22.6,33.06506024096386,36.2,30.3,FP2,1.0
434,FORMULA 1 MOËT & CHANDON BELGIAN GRAND PRIX 2026,2026,5,Audi,3107.954,31.274,47.607,29.071,SOFT,2.0,232.88540192045022,328.0,69.03149821543084,10957.184675953193,12436.0,787.4971751659316,79.82392397901388,5.294840294840295,-0.30375992620608144,0.0010493151639362087,0.07750757280996015,0.49770192149273307,0.6746475765574893,2146.312,23.951807228915666,24.7,22.6,33.06506024096386,36.2,30.3,FP2,1.0
435,FORMULA 1 MOËT & CHANDON BELGIAN GRAND PRIX 2026,2026,6,Red Bull Racing,2098.922,30.807,47.024,28.883,SOFT,2.0,233.26015484214213,329.0,71.54384740698447,10833.68409230136,12334.0,699.1579825443732,76.9953263808892,5.8166047087980175,-0.29845392028355816,0.001147952287102638,0.09384610910113142,0.5736575254307072,0.6951776841221129,2146.312,23.951807228915666,24.7,22.6,33.06506024096386,36.2,30.3,FP2,1.0
436,FORMULA 1 MOËT & CHANDON BELGIAN GRAND PRIX 2026,2026,10,Alpine,2055.101,31.105,48.746,29.104,MEDIUM,7.0,231.0372798637117,326.0,70.55554111253758,10897.84416882497,12590.0,646.1431829087801,76.12950055223664,5.437726723095526,-0.4186128537723091,0.0009579543941176837,0.047760509367369794,0.33536870611976255,0.6594726178095826,2146.312,23.951807228915666,24.7,22.6,33.06506024096386,36.2,30.3,FP2,0.0
437,FORMULA 1 MOËT & CHANDON BELGIAN GRAND PRIX 2026,2026,11,Cadillac,2314.106,31.207,48.479,29.91,SOFT,2.0,228.21948855667205,321.0,68.24533951196115,10560.896383979725,12497.0,934.1031998852635,76.09077681340129,5.778857837181045,0.003242362352384035,0.15648319163913432,128.0316714029587,0.3304158206607539,0.6592991372780882,2146.312,23.951807228915666,24.7,22.6,33.06506024096386,36.2,30.3,FP2,0.0
438,FORMULA 1 MOËT & CHANDON BELGIAN GRAND PRIX 2026,2026,12,Mercedes,2146.312,30.536,46.722,28.686,SOFT,2.0,235.64293447439988,329.0,70.76840953995467,10808.611117380322,12560.0,560.1168188974115,78.26762171175298,5.615763546798029,-0.23685115514888935,0.0010677828042789282,0.14189090834572293,0.24790137849547972,0.6495586921366754,2146.312,23.951807228915666,24.7,22.6,33.06506024096386,36.2,30.3,FP2,1.0
439,FORMULA 1 MOËT & CHANDON BELGIAN GRAND PRIX 2026,2026,14,Aston Martin,2979.363,32.19,49.677,29.551,SOFT,3.0,225.96258166025547,324.0,67.14143370747777,10800.185027580786,12472.0,688.7442510974228,79.7587321318573,5.234169653524492,-0.40713284662159666,0.0009559969646496624,0.03425672780316239,0.275428682149943,0.6785634965782371,2146.312,23.951807228915666,24.7,22.6,33.06506024096386,36.2,30.3,FP2,0.0
440,FORMULA 1 MOËT & CHANDON BELGIAN GRAND PRIX 2026,2026,16,Ferrari,2788.018,31.039,47.504,28.925,SOFT,5.0,176.53204324265698,329.0,103.27233989906429,8047.6900880193425,12089.0,3935.7816872372687,61.65622107351009,5.3021001615508885,-0.05747295537727232,0.012793611632418917,4.367179569324283,0.8738651296992829,0.8375915044484009,2146.312,23.951807228915666,24.7,22.6,33.06506024096386,36.2,30.3,FP2,1.0
441,FORMULA 1 MOËT & CHANDON BELGIAN GRAND PRIX 2026,2026,18,Aston Martin,3087.103,31.764,49.87,29.497,SOFT,4.0,223.44120958867055,327.0,69.08203750384754,10773.349058438687,12450.0,638.7939997205499,78.14592223691913,5.16546762589928,-0.47239827899740006,0.0008569651692708605,0.021318131822561107,0.37790559740019136,0.6783159675594063,2146.312,23.951807228915666,24.7,22.6,33.06506024096386,36.2,30.3,FP2,0.0
442,FORMULA 1 MOËT & CHANDON BELGIAN GRAND PRIX 2026,2026,23,Williams,2126.571,30.961,48.21,28.848,SOFT,2.0,232.24011843739274,327.0,70.66520776197277,10692.719023039852,12283.0,683.0717946593676,77.21878697432385,5.669879518072289,-0.446526719177116,0.0009017710547717265,0.028913883038239243,0.12327331797617488,0.6676073275453696,2146.312,23.951807228915666,24.7,22.6,33.06506024096386,36.2,30.3,FP2,0.0
443,FORMULA 1 MOËT & CHANDON BELGIAN GRAND PRIX 2026,2026,27,Audi,3029.248,31.271,48.05,29.012,SOFT,2.0,231.38320532195596,330.0,70.76842653348412,10908.458309704727,12558.0,775.342648644926,78.90770389527651,5.285714285714286,-0.4502683882858736,0.0009733218480966882,0.02775473312565105,0.45962281693192514,0.675222310697547,2146.312,23.951807228915666,24.7,22.6,33.06506024096386,36.2,30.3,FP2,0.0
444,FORMULA 1 MOËT & CHANDON BELGIAN GRAND PRIX 2026,2026,30,Racing Bulls,2861.021,30.877,47.63,28.927,SOFT,2.0,233.69742948613202,333.0,71.97085036477165,10913.961171280329,12549.0,689.4298635159021,79.01446844513042,5.847374847374847,-0.450011713198027,0.0008791529332201549,0.03000600928728767,0.3383088859413312,0.6417420553286707,2146.312,23.951807228915666,24.7,22.6,33.06506024096386,36.2,30.3,FP2,0.0
445,FORMULA 1 MOËT & CHANDON BELGIAN GRAND PRIX 2026,2026,31,Haas F1 Team,2628.53,31.011,48.037,28.91,SOFT,2.0,231.81522019877139,327.0,69.4746538099629,10747.138594133807,11993.0,606.8987636525003,79.58820638467931,5.7596513075965134,-0.18397500485906057,0.001135804312646808,0.2185369950413019,0.41774181232438234,0.6521272566166448,2146.312,23.951807228915666,24.7,22.6,33.06506024096386,36.2,30.3,FP2,0.0
446,FORMULA 1 MOËT & CHANDON BELGIAN GRAND PRIX 2026,2026,41,Racing Bulls,2887.882,30.816,47.562,28.916,SOFT,4.0,232.03518378920486,329.0,71.98805538684613,10756.51805368722,12886.0,806.1871685887239,78.56004186845645,5.877278250303767,-0.4713884502765775,0.0009250495977014521,0.024135576536868552,0.4430288095992045,0.6466759246373284,2146.312,23.951807228915666,24.7,22.6,33.06506024096386,36.2,30.3,FP2,1.0
447,FORMULA 1 MOËT & CHANDON BELGIAN GRAND PRIX 2026,2026,43,Alpine,2621.872,30.587,47.991,28.569,SOFT,2.0,233.47137777885553,333.0,71.22164477749376,10926.844188738209,12599.0,610.8981346104845,77.33889029526534,5.507556675062972,-0.3619476747725992,0.0009706364762911832,0.05993549280809163,0.2699185739368384,0.637514778006605,2146.312,23.951807228915666,24.7,22.6,33.06506024096386,36.2,30.3,FP2,1.0
448,FORMULA 1 MOËT & CHANDON BELGIAN GRAND PRIX 2026,2026,44,Ferrari,2303.298,30.781,47.257,28.653,SOFT,2.0,235.48178661928497,332.0,68.40948337903569,10986.41652725153,12709.0,640.8775091529596,82.28380971107886,5.763454317897372,-0.27739333712483866,0.0010377151983840985,0.09523352402603077,0.11507227673344655,0.6621777537786467,2146.312,23.951807228915666,24.7,22.6,33.06506024096386,36.2,30.3,FP2,1.0
449,FORMULA 1 MOËT & CHANDON BELGIAN GRAND PRIX 2026,2026,55,Williams,2702.02,30.789,48.659,28.808,SOFT,2.0,212.94749643103717,323.0,70.59477771507925,9581.576489759445,12305.0,2196.3371761659487,71.86535343154068,5.944794952681388,-0.14737066473595994,0.0011750506766270781,0.21938681512300903,0.5061814569358831,0.6914026441474973,2146.312,23.951807228915666,24.7,22.6,33.06506024096386,36.2,30.3,FP2,0.0
450,FORMULA 1 MOËT & CHANDON BELGIAN GRAND PRIX 2026,2026,63,Mercedes,2606.11,30.711,47.234,29.284,SOFT,2.0,233.54408563976992,329.0,70.30153653663146,10715.752955022295,12468.0,694.7515040420735,76.1676047949901,5.664981036662453,-0.17194188785502032,0.0011198811088490525,0.22712328698440906,0.3208171093772089,0.6893121595933854,2146.312,23.951807228915666,24.7,22.6,33.06506024096386,36.2,30.3,FP2,0.0
451,FORMULA 1 MOËT & CHANDON BELGIAN GRAND PRIX 2026,2026,77,Cadillac,2557.908,31.368,48.418,29.413,SOFT,2.0,229.44368071714308,324.0,69.09450684525466,10665.240411684123,12356.0,787.9167660951739,76.5142789296161,5.787207872078721,-0.477852612462472,0.0008614168868311251,0.022640298281598678,0.10572354653081133,0.6859332909954835,2146.312,23.951807228915666,24.7,22.6,33.06506024096386,36.2,30.3,FP2,0.0
452,FORMULA 1 MOËT & CHANDON BELGIAN GRAND PRIX 2026,2026,81,McLaren,3003.316,30.804,47.357,28.765,SOFT,2.0,236.80833346494242,328.0,67.09645375262465,11032.283270547956,12177.0,587.530017310774,77.24131737175564,6.106598984771574,-0.3183689572743477,0.0009769059001332706,0.07264219783700294,0.36190407673102615,0.6761823875232241,2146.312,23.951807228915666,24.7,22.6,33.06506024096386,36.2,30.3,FP2,1.0
453,FORMULA 1 MOËT & CHANDON BELGIAN GRAND PRIX 2026,2026,87,Haas F1 Team,2632.909,30.917,48.083,28.792,SOFT,2.0,231.78397089367056,328.0,70.35736142257475,10913.995796282286,12420.0,672.4683783347099,78.992406410305,5.670792079207921,-0.4361771763779062,0.0009117261778716073,0.02876279646542495,0.4178300204966093,0.6669396915233287,2146.312,23.951807228915666,24.7,22.6,33.06506024096386,36.2,30.3,FP2,0.0
454,FORMULA 1 MOËT & CHANDON BELGIAN GRAND PRIX 2026,2026,1,McLaren,3635.877,30.787,46.646,28.696,SOFT,2.0,235.1610880009956,327.0,69.2883119837993,11009.787034836027,12435.0,714.7534049152605,75.26702160915923,6.071518193224592,-0.3226372274594695,0.0010153576137509144,0.07937700287086462,0.4825624763085068,0.7153104732353321,2453.699,20.254117647058823,21.1,19.1,34.249411764705876,37.1,31.6,FP3,1.0
455,FORMULA 1 MOËT & CHANDON BELGIAN GRAND PRIX 2026,2026,3,Red Bull Racing,3573.314,30.804,47.04,28.294,SOFT,2.0,235.98234941021641,333.0,70.71551877332267,10863.288225667904,12506.0,709.5148843375512,77.28060896547674,5.912935323383085,-0.21874660690042322,0.001218694742407639,0.18476263097233556,0.45715335719499106,0.7132784858264614,2453.699,20.254117647058823,21.1,19.1,34.249411764705876,37.1,31.6,FP3,1.0
456,FORMULA 1 MOËT & CHANDON BELGIAN GRAND PRIX 2026,2026,5,Audi,4012.957,30.969,47.421,28.659,SOFT,2.0,233.11495677671698,332.0,70.37921457580049,10988.46190002862,12736.0,697.2254072355894,78.41765255270418,5.2898368883312425,-0.4466668839987948,0.0009764540850616811,0.021242823998852738,0.3421571354178465,0.6746618203373266,2453.699,20.254117647058823,21.1,19.1,34.249411764705876,37.1,31.6,FP3,1.0
457,FORMULA 1 MOËT & CHANDON BELGIAN GRAND PRIX 2026,2026,6,Red Bull Racing,3297.182,31.074,47.401,28.621,MEDIUM,8.0,233.13946990848476,329.0,69.4818726368798,10667.582576006198,12199.0,916.3118516382618,77.2667936504678,5.947815533980583,-0.27033063167998017,0.0011527521526462944,0.136682791489425,0.5924472963820716,0.7168889370680274,2453.699,20.254117647058823,21.1,19.1,34.249411764705876,37.1,31.6,FP3,1.0
458,FORMULA 1 MOËT & CHANDON BELGIAN GRAND PRIX 2026,2026,10,Alpine,4395.622,30.988,48.241,28.72,SOFT,4.0,229.65664023427445,328.0,69.68042276414302,10845.333764590607,12320.0,616.2885864076203,75.68865711573049,5.444581280788177,-0.47753444708996895,0.0008943840426848845,0.013471047274831768,0.19221687294735032,0.6610348263475608,2453.699,20.254117647058823,21.1,19.1,34.249411764705876,37.1,31.6,FP3,0.0
459,FORMULA 1 MOËT & CHANDON BELGIAN GRAND PRIX 2026,2026,11,Cadillac,4023.191,31.317,48.499,29.174,SOFT,2.0,229.17512438870065,325.0,68.44405236979658,10886.250912855909,12335.0,632.5377362706746,77.72161703164478,5.609181141439206,-0.5038154799287339,0.0008745667541911897,0.021746432538792014,0.17890965148612228,0.6801204679527434,2453.699,20.254117647058823,21.1,19.1,34.249411764705876,37.1,31.6,FP3,0.0
460,FORMULA 1 MOËT & CHANDON BELGIAN GRAND PRIX 2026,2026,12,Mercedes,2453.699,30.527,46.97,28.493,SOFT,2.0,234.7322572541175,332.0,70.27502462279928,10773.345118027068,12348.0,563.1258444975305,76.85835964258763,5.627737226277373,-0.44824168554450794,0.0009336346023914483,0.02425356094170395,0.26095290077995337,0.6827403952351108,2453.699,20.254117647058823,21.1,19.1,34.249411764705876,37.1,31.6,FP3,1.0
461,FORMULA 1 MOËT & CHANDON BELGIAN GRAND PRIX 2026,2026,14,Aston Martin,3779.986,31.169,49.619,29.367,SOFT,2.0,226.42263191341002,327.0,70.05654248385204,10825.875095194895,12574.0,665.11957329165,78.0581014028391,5.222632226322263,-0.356403061030369,0.0010763400459487516,0.03462926351900808,0.27522021593832185,0.6519968441131118,2453.699,20.254117647058823,21.1,19.1,34.249411764705876,37.1,31.6,FP3,0.0
462,FORMULA 1 MOËT & CHANDON BELGIAN GRAND PRIX 2026,2026,16,Ferrari,4354.335,30.997,47.03,28.723,SOFT,4.0,234.39487219165093,331.0,68.7617185934304,10875.41774725174,12273.0,692.6165401106945,80.96835323711224,5.723833543505675,-0.32526692714818733,0.0011964605873257441,0.06940752353921144,0.3130956872402502,0.6758028408229294,2453.699,20.254117647058823,21.1,19.1,34.249411764705876,37.1,31.6,FP3,1.0
463,FORMULA 1 MOËT & CHANDON BELGIAN GRAND PRIX 2026,2026,18,Aston Martin,3782.689,31.4,49.724,29.507,SOFT,2.0,223.7797557980493,327.0,69.63567205062975,10826.742235191668,12574.0,639.4649585917508,78.21221219815382,5.162790697674419,-0.329851125083804,0.0010428388829545024,0.040189505644777475,0.4176810427673776,0.66502666726452,2453.699,20.254117647058823,21.1,19.1,34.249411764705876,37.1,31.6,FP3,0.0
464,FORMULA 1 MOËT & CHANDON BELGIAN GRAND PRIX 2026,2026,23,Williams,3769.126,31.073,48.317,28.6,SOFT,2.0,231.56117391972325,330.0,72.43713364852721,10658.0061480849,12969.0,686.0644260647753,76.88517126779756,5.648241206030151,-0.30047399311561496,0.0011303143468777432,0.06853751720190611,0.13545710855479018,0.6764002592190451,2453.699,20.254117647058823,21.1,19.1,34.249411764705876,37.1,31.6,FP3,0.0
465,FORMULA 1 MOËT & CHANDON BELGIAN GRAND PRIX 2026,2026,27,Audi,3579.229,31.047,47.346,28.531,SOFT,2.0,234.96356284375565,333.0,70.41146370831886,10870.030698811976,12444.0,795.8431329422981,79.44498688772319,5.393300248138958,-0.3308556563076428,0.0010320379624519987,0.05310595368384999,0.4523336443730498,0.666798260630881,2453.699,20.254117647058823,21.1,19.1,34.249411764705876,37.1,31.6,FP3,0.0
466,FORMULA 1 MOËT & CHANDON BELGIAN GRAND PRIX 2026,2026,30,Racing Bulls,1851.62,31.157,47.707,28.826,SOFT,5.0,230.390986916793,328.0,70.63415896272345,10814.182963552665,12415.0,709.9161549704457,79.01423696516486,5.819427148194271,-0.20033293392249638,0.0013062375778208472,0.2385960697417726,0.34153708927675186,0.6417692255436624,2453.699,20.254117647058823,21.1,19.1,34.249411764705876,37.1,31.6,FP3,0.0
467,FORMULA 1 MOËT & CHANDON BELGIAN GRAND PRIX 2026,2026,31,Haas F1 Team,3925.753,31.34,48.623,28.767,SOFT,2.0,232.49890060164705,330.0,68.50979071313917,10700.65799048809,12203.0,628.2052675885488,79.12084080463767,5.7860576923076925,-0.4241460028526054,0.00086987700192505,0.03213581796401364,0.4778637108325918,0.6587538884310249,2453.699,20.254117647058823,21.1,19.1,34.249411764705876,37.1,31.6,FP3,0.0
468,FORMULA 1 MOËT & CHANDON BELGIAN GRAND PRIX 2026,2026,41,Racing Bulls,3772.111,30.708,47.865,28.603,SOFT,3.0,233.45776489220736,333.0,71.994058751902,10813.4489048973,12232.0,676.3763173428658,79.57358745948666,5.839443742098609,-0.20486871563062103,0.0012716854243481155,0.13690103327440833,0.48771352680487745,0.6698478978782582,2453.699,20.254117647058823,21.1,19.1,34.249411764705876,37.1,31.6,FP3,1.0
469,FORMULA 1 MOËT & CHANDON BELGIAN GRAND PRIX 2026,2026,43,Alpine,4414.778,30.779,48.277,28.848,SOFT,4.0,232.2402121021909,326.0,69.63848330554974,10844.98022069762,12973.0,583.429825434763,76.95343435039564,5.536969696969697,-0.38849981423011254,0.0009295531212550605,0.058125340643987715,0.2582936456209038,0.6370117519541512,2453.699,20.254117647058823,21.1,19.1,34.249411764705876,37.1,31.6,FP3,1.0
470,FORMULA 1 MOËT & CHANDON BELGIAN GRAND PRIX 2026,2026,44,Ferrari,3974.108,30.624,47.004,28.754,SOFT,2.0,235.0777949348142,332.0,70.57185751636247,11040.406149634704,12473.0,594.7291202938607,81.52105978815028,5.708020050125313,-0.31394599383090555,0.0010200849874005657,0.07952972547613253,0.02136359911885043,0.675028783043189,2453.699,20.254117647058823,21.1,19.1,34.249411764705876,37.1,31.6,FP3,1.0
471,FORMULA 1 MOËT & CHANDON BELGIAN GRAND PRIX 2026,2026,55,Williams,2053.812,31.06,48.705,28.927,SOFT,4.0,228.19017770742107,328.0,72.66369027306594,10606.034062074232,12215.0,745.9169662142353,76.08096947707217,5.547215496368039,0.03126765699326653,0.007855371482538663,5.687692915514808,0.3166874494234856,0.7143946587565473,2453.699,20.254117647058823,21.1,19.1,34.249411764705876,37.1,31.6,FP3,0.0
472,FORMULA 1 MOËT & CHANDON BELGIAN GRAND PRIX 2026,2026,63,Mercedes,3599.604,30.564,47.005,28.788,SOFT,2.0,234.6082702801425,328.0,69.98156408859512,10788.878359701032,13118.0,605.8409255653328,76.64976136125385,5.609238451935081,-0.23615013695292067,0.0011703932203376963,0.16226389482157552,0.2691248837276421,0.6817588487708389,2453.699,20.254117647058823,21.1,19.1,34.249411764705876,37.1,31.6,FP3,0.0
473,FORMULA 1 MOËT & CHANDON BELGIAN GRAND PRIX 2026,2026,77,Cadillac,4106.538,31.039,48.594,29.011,SOFT,2.0,229.1741179915031,331.0,70.46077387408047,10660.151945295329,12310.0,846.8217372662367,76.12840550277944,5.73792270531401,-0.4086510240793744,0.001048738040363009,0.033602076990843194,0.36597044926532163,0.6638914395332608,2453.699,20.254117647058823,21.1,19.1,34.249411764705876,37.1,31.6,FP3,0.0
474,FORMULA 1 MOËT & CHANDON BELGIAN GRAND PRIX 2026,2026,81,McLaren,3607.542,31.035,47.049,28.701,SOFT,2.0,235.43459840124532,327.0,69.29567622313414,11023.420412954923,12338.0,529.358066994365,74.36337025179722,6.067331670822942,-0.2632322844243223,0.0010583270461053374,0.12988904573778692,0.38516108232727875,0.744824846067768,2453.699,20.254117647058823,21.1,19.1,34.249411764705876,37.1,31.6,FP3,1.0
475,FORMULA 1 MOËT & CHANDON BELGIAN GRAND PRIX 2026,2026,87,Haas F1 Team,3929.315,30.999,48.24,28.681,SOFT,2.0,231.19461401988772,333.0,70.95593817296822,10938.567015051765,12184.0,634.2691265829125,79.05544766354292,5.601941747572815,-0.4201679174298436,0.0009155612827134152,0.03306348465747434,0.40389059731844823,0.6794390085055189,2453.699,20.254117647058823,21.1,19.1,34.249411764705876,37.1,31.6,FP3,0.0
476,FORMULA 1 AWS HUNGARIAN GRAND PRIX 2026,2026,1,McLaren,2746.783,28.234,28.988,23.802,SOFT,4.0,192.47191371902528,324.0,59.08542286640846,10584.257912876417,12142.0,905.8583826287507,52.99839874577808,5.024875621890548,-0.32249704602924834,0.0012448500906312612,0.04425469465698623,0.5845656403274471,0.5245488363804088,2827.333,23.27215189873418,24.0,22.5,42.74936708860759,47.0,37.8,FP1,1.0
477,FORMULA 1 AWS HUNGARIAN GRAND PRIX 2026,2026,3,Red Bull Racing,2549.966,28.031,28.879,22.649,SOFT,2.0,195.88146898745148,320.0,61.591956265059316,10910.58735200998,12603.0,755.224225906342,55.985704059133546,4.624801271860095,-0.43576550110809986,0.0012269739645550735,0.02488421689655426,0.5374556879005654,0.5983688962412026,2827.333,23.27215189873418,24.0,22.5,42.74936708860759,47.0,37.8,FP1,1.0
478,FORMULA 1 AWS HUNGARIAN GRAND PRIX 2026,2026,5,Audi,2971.748,28.104,29.15,23.106,SOFT,2.0,195.73353784253362,324.0,61.7278648679142,10785.123055786704,12932.0,874.0005569430745,60.26036724180921,4.4032786885245905,-0.39886382081290733,0.0012761054353914662,0.026401231061416133,0.5439299582870238,0.5174934503112731,2827.333,23.27215189873418,24.0,22.5,42.74936708860759,47.0,37.8,FP1,0.0
479,FORMULA 1 AWS HUNGARIAN GRAND PRIX 2026,2026,6,Red Bull Racing,2864.788,27.866,29.016,23.115,SOFT,2.0,195.58435162734222,323.0,62.484240553113885,10819.049343841329,12383.0,870.1952655507033,54.251399408719145,4.738175675675675,-0.2020254764714775,0.0014942448191804009,0.13227135787441482,0.5295594126261863,0.5443544199116347,2827.333,23.27215189873418,24.0,22.5,42.74936708860759,47.0,37.8,FP1,1.0
480,FORMULA 1 AWS HUNGARIAN GRAND PRIX 2026,2026,10,Alpine,3552.859,28.558,29.88,23.266,SOFT,3.0,192.62645232536192,320.0,62.26885152457926,10883.342656238845,12944.0,951.8066916847984,59.39493434989335,4.247172859450727,-0.11281892813705707,0.0020563282760806332,0.3492102063511973,0.4853261745953568,0.5196609896037238,2827.333,23.27215189873418,24.0,22.5,42.74936708860759,47.0,37.8,FP1,0.0
481,FORMULA 1 AWS HUNGARIAN GRAND PRIX 2026,2026,11,Cadillac,2959.095,28.609,30.251,23.229,SOFT,2.0,188.6479530007004,322.0,60.90016157078152,10591.879862688764,12538.0,1306.6506940925635,59.10797762760636,4.464285714285714,-0.39238762609061795,0.0012385510964571752,0.026236233217760516,0.664090176712425,0.5562563836671213,2827.333,23.27215189873418,24.0,22.5,42.74936708860759,47.0,37.8,FP1,0.0
482,FORMULA 1 AWS HUNGARIAN GRAND PRIX 2026,2026,14,Aston Martin,3587.93,28.899,29.471,23.18,SOFT,2.0,197.70774787687506,303.0,58.51356476987336,10731.502110338983,12583.0,799.1927742115264,69.9395981096891,4.32890365448505,0.04687714810493384,0.022423246229043677,8.298492384148357,0.5084744179196121,0.5912901470019971,2827.333,23.27215189873418,24.0,22.5,42.74936708860759,47.0,37.8,FP1,0.0
483,FORMULA 1 AWS HUNGARIAN GRAND PRIX 2026,2026,16,Ferrari,2827.333,27.846,28.625,22.604,SOFT,2.0,198.01904868500483,322.0,60.45887335024427,10768.394879654348,12292.0,801.8412287320767,63.62924489001276,4.7257240204429305,-0.40573036209659946,0.0012436175192801096,0.02795982213860379,0.49348882810524675,0.5784965717738046,2827.333,23.27215189873418,24.0,22.5,42.74936708860759,47.0,37.8,FP1,1.0
484,FORMULA 1 AWS HUNGARIAN GRAND PRIX 2026,2026,18,Aston Martin,1235.764,29.636,30.353,23.482,HARD,4.0,189.39593442592556,303.0,57.45028227254129,10472.605009661826,12234.0,894.2612706361505,61.31525141845439,4.215530903328051,-0.3077389210538052,0.001419092025590402,0.05460909405542675,0.4677531717031594,0.576035926480678,2827.333,23.27215189873418,24.0,22.5,42.74936708860759,47.0,37.8,FP1,0.0
485,FORMULA 1 AWS HUNGARIAN GRAND PRIX 2026,2026,23,Williams,2814.176,28.505,29.742,23.572,SOFT,2.0,192.2805825323358,325.0,63.247445597125946,10707.25417260266,12463.0,885.7685742423316,58.051425851581996,4.32520325203252,-0.45086708490030697,0.0012462871824270758,0.02650699640964439,0.48505853444734254,0.5704277438325862,2827.333,23.27215189873418,24.0,22.5,42.74936708860759,47.0,37.8,FP1,0.0
486,FORMULA 1 AWS HUNGARIAN GRAND PRIX 2026,2026,25,Cadillac,2717.767,28.944,30.707,23.467,SOFT,2.0,186.9696063855473,323.0,62.45505297621573,10302.237837462917,12134.0,981.5859339757715,53.83910900097655,4.543513957307061,-0.3584908443360502,0.00125437552271969,0.0360083032527226,0.5785901682053533,0.549402766637957,2827.333,23.27215189873418,24.0,22.5,42.74936708860759,47.0,37.8,FP1,
487,FORMULA 1 AWS HUNGARIAN GRAND PRIX 2026,2026,27,Audi,2988.154,28.13,29.377,23.116,SOFT,5.0,193.405974915978,324.0,61.76730995002332,10571.336718939077,12225.0,777.2737473860999,60.78908785507693,4.496774193548387,-0.4842301824513489,0.0011328232084965343,0.020267616270202595,0.38367643579404237,0.4767521617246889,2827.333,23.27215189873418,24.0,22.5,42.74936708860759,47.0,37.8,FP1,1.0
488,FORMULA 1 AWS HUNGARIAN GRAND PRIX 2026,2026,30,Racing Bulls,2654.269,28.201,29.385,23.28,SOFT,2.0,194.97589646885777,327.0,62.946303540154574,10975.268951346296,12637.0,949.2505925341248,60.64193518616307,4.545454545454546,-0.26996563408533425,0.001365211633969063,0.07296504577564825,0.5852367515953102,0.5130188883880896,2827.333,23.27215189873418,24.0,22.5,42.74936708860759,47.0,37.8,FP1,1.0
489,FORMULA 1 AWS HUNGARIAN GRAND PRIX 2026,2026,31,Haas F1 Team,3636.232,28.408,29.482,23.161,SOFT,5.0,191.08215219409175,331.0,61.09469326917604,10322.372317653699,12159.0,1064.5019772463093,58.66781543917284,4.679661016949153,-0.4130908860398264,0.0012397549657697361,0.02419557914223376,0.7158844402934202,0.5208134830438217,2827.333,23.27215189873418,24.0,22.5,42.74936708860759,47.0,37.8,FP1,0.0
490,FORMULA 1 AWS HUNGARIAN GRAND PRIX 2026,2026,41,Racing Bulls,2643.515,28.485,29.119,23.156,SOFT,2.0,193.87999965513606,323.0,62.156925143055126,10841.954094039711,12997.0,946.1301708683598,61.19099738239462,4.6336,-0.4103942736042384,0.0012664887296300362,0.020342331662670902,0.49877025086925264,0.5218482527133932,2827.333,23.27215189873418,24.0,22.5,42.74936708860759,47.0,37.8,FP1,1.0
491,FORMULA 1 AWS HUNGARIAN GRAND PRIX 2026,2026,44,Ferrari,2964.389,27.931,28.907,22.78,SOFT,2.0,197.31212552918285,321.0,60.89508476002985,10549.853002722903,12518.0,921.7433361954158,63.052468060437,4.828099173553719,-0.2979677426708396,0.0014112790350414048,0.04622026929717438,0.43678804419237466,0.5494593556313575,2827.333,23.27215189873418,24.0,22.5,42.74936708860759,47.0,37.8,FP1,1.0
492,FORMULA 1 AWS HUNGARIAN GRAND PRIX 2026,2026,50,Haas F1 Team,4094.848,28.653,29.86,23.488,SOFT,7.0,191.82159162846088,322.0,61.369064764613,10173.80627973752,12013.0,956.9271991805801,58.369061051942,4.84742951907131,-0.33263414067938263,0.0013276794601809444,0.06791498445378183,0.529334360128158,0.4986557549420563,2827.333,23.27215189873418,24.0,22.5,42.74936708860759,47.0,37.8,FP1,
493,FORMULA 1 AWS HUNGARIAN GRAND PRIX 2026,2026,55,Williams,1573.533,29.046,30.657,24.031,MEDIUM,7.0,188.5299841245687,322.0,62.08720998543924,10586.829024971123,12190.0,883.5215920859881,57.25615505160227,4.298076923076923,-0.3395862309400656,0.0013116355829266692,0.04052038696409257,0.43843533993703043,0.5589366135454831,2827.333,23.27215189873418,24.0,22.5,42.74936708860759,47.0,37.8,FP1,0.0
494,FORMULA 1 AWS HUNGARIAN GRAND PRIX 2026,2026,61,Alpine,2993.974,28.618,29.851,23.699,SOFT,5.0,190.6027567437352,329.0,63.54878644415295,10510.68365965492,12063.0,688.781923103115,58.41806780288927,4.418383518225039,-0.5012714766160307,0.0011386080371686902,0.016809483949990132,0.42302603316449006,0.5641723549960577,2827.333,23.27215189873418,24.0,22.5,42.74936708860759,47.0,37.8,FP1,
495,FORMULA 1 AWS HUNGARIAN GRAND PRIX 2026,2026,63,Mercedes,2489.439,28.191,29.064,22.811,SOFT,2.0,195.40930131444304,322.0,62.29032468217291,10687.257323685275,12660.0,860.8623489454292,59.37443849702192,4.488636363636363,-0.3545264675451702,0.001226550923653408,0.048372521571562285,0.3778025615365266,0.5417380208223787,2827.333,23.27215189873418,24.0,22.5,42.74936708860759,47.0,37.8,FP1,1.0
496,FORMULA 1 AWS HUNGARIAN GRAND PRIX 2026,2026,67,McLaren,1464.268,28.519,29.806,23.565,MEDIUM,6.0,189.4967952756698,325.0,61.56355471705459,10657.119122348042,12477.0,970.382189748843,53.42209307401685,4.929032258064516,-0.4653921515191323,0.0011686099898330416,0.01772779942205768,0.5443558977879303,0.5873838300980271,2827.333,23.27215189873418,24.0,22.5,42.74936708860759,47.0,37.8,FP1,
497,FORMULA 1 AWS HUNGARIAN GRAND PRIX 2026,2026,72,Mercedes,3589.869,28.3,29.29,22.877,SOFT,2.0,195.06693396086948,328.0,63.926515402457895,10731.376248626735,12732.0,1023.6053038713526,59.128700032366154,4.395939086294416,-0.43269956170072194,0.0012180226397739123,0.028432378550606017,0.5363144282476403,0.509189110505672,2827.333,23.27215189873418,24.0,22.5,42.74936708860759,47.0,37.8,FP1,
498,FORMULA 1 AWS HUNGARIAN GRAND PRIX 2026,2026,1,McLaren,2271.313,27.782,28.54,22.906,SOFT,2.0,196.65382464716643,325.0,61.66139454786358,10673.680061876812,12578.0,956.9871338516832,54.66269795854132,5.115254237288136,-0.4214746882528149,0.0012721773073791163,0.029622280582146644,0.5806464586657035,0.530412062319034,3454.958,23.58780487804878,23.9,23.1,30.342682926829273,33.7,27.7,FP2,1.0
499,FORMULA 1 AWS HUNGARIAN GRAND PRIX 2026,2026,3,Red Bull Racing,2295.665,27.826999999999998,28.636,22.958,SOFT,2.0,197.4084746144401,320.0,62.422249618318915,10799.57604294606,12645.0,868.0665129068276,56.388462079437325,4.743676222596965,-0.4499692589099803,0.0012038815959386183,0.02668188663776835,0.6037438177841744,0.6270798374691974,3454.958,23.58780487804878,23.9,23.1,30.342682926829273,33.7,27.7,FP2,1.0
500,FORMULA 1 AWS HUNGARIAN GRAND PRIX 2026,2026,5,Audi,3470.005,28.225,29.191,23.058,SOFT,6.0,194.24052340359432,323.0,62.55362141207774,10730.205572589719,12854.0,861.40544127504,61.615506834722986,4.408723747980614,-0.3518981184816993,0.0012604975625749853,0.041662648280574366,0.4635727360094672,0.564573126274064,3454.958,23.58780487804878,23.9,23.1,30.342682926829273,33.7,27.7,FP2,0.0
501,FORMULA 1 AWS HUNGARIAN GRAND PRIX 2026,2026,6,Red Bull Racing,2316.292,27.981,28.794,23.025,SOFT,2.0,196.02145092661917,322.0,62.40708900127745,10954.816211911733,12541.0,818.6949644071859,56.33539493423135,4.66006600660066,-0.4313992217973859,0.0011901145174204966,0.020893808959542345,0.4777941585056169,0.5637309456098052,3454.958,23.58780487804878,23.9,23.1,30.342682926829273,33.7,27.7,FP2,1.0
502,FORMULA 1 AWS HUNGARIAN GRAND PRIX 2026,2026,10,Alpine,3393.6,28.07,29.429,23.317,SOFT,5.0,192.93924655036835,329.0,62.183598052955055,10990.274851121512,12834.0,800.1836665439282,59.43916478369076,4.234797297297297,-0.25223130226871743,0.0013242606905832432,0.058750054935327485,0.3959864362901897,0.4845314381989451,3454.958,23.58780487804878,23.9,23.1,30.342682926829273,33.7,27.7,FP2,0.0
503,FORMULA 1 AWS HUNGARIAN GRAND PRIX 2026,2026,11,Cadillac,2334.697,28.436,29.833,23.523,SOFT,2.0,191.05614022976278,324.0,62.097459756535265,10788.20896821896,12568.0,885.733732056413,58.307213042435805,4.413738019169329,-0.407046571129537,0.0012591688634953108,0.03972195841608906,0.5585304064082112,0.5616590728585266,3454.958,23.58780487804878,23.9,23.1,30.342682926829273,33.7,27.7,FP2,0.0
504,FORMULA 1 AWS HUNGARIAN GRAND PRIX 2026,2026,12,Mercedes,1951.545,28.061,29.327,23.305,MEDIUM,10.0,194.91019987135977,326.0,63.82532110089205,10725.393666687862,12241.0,809.5650367949127,59.92046906469476,4.424040066777963,-0.45312670906980007,0.001143698516196945,0.019409851996557082,0.5009478152748211,0.5879748253305224,3454.958,23.58780487804878,23.9,23.1,30.342682926829273,33.7,27.7,FP2,1.0
505,FORMULA 1 AWS HUNGARIAN GRAND PRIX 2026,2026,14,Aston Martin,3034.484,28.691,29.543,23.485,SOFT,3.0,190.46380828911086,312.0,59.65826036091244,10738.607012998693,12236.0,876.7681680435286,60.20809996160554,4.063391442155309,-0.43756881913794154,0.0012089991710719263,0.02634860960503753,0.5896859818893923,0.5578551250658075,3454.958,23.58780487804878,23.9,23.1,30.342682926829273,33.7,27.7,FP2,0.0
506,FORMULA 1 AWS HUNGARIAN GRAND PRIX 2026,2026,16,Ferrari,3183.321,27.689,28.492,22.696,SOFT,5.0,200.69095184773428,329.0,61.81179800595431,10779.725586574914,12258.0,787.1847297634057,64.15094007222801,4.741554054054054,-0.32254706095121705,0.0014114921050832727,0.06516878376190986,0.6183659867592863,0.5901439036942222,3454.958,23.58780487804878,23.9,23.1,30.342682926829273,33.7,27.7,FP2,1.0
507,FORMULA 1 AWS HUNGARIAN GRAND PRIX 2026,2026,23,Williams,2358.397,28.137,29.38,23.456,SOFT,2.0,193.9411347650114,322.0,62.79323460030453,10837.988586417245,12830.0,862.2753771582697,59.01927933365907,4.376623376623376,-0.4434057344247581,0.0011818550129106696,0.017702680977019453,0.41593371208359875,0.5193344029306203,3454.958,23.58780487804878,23.9,23.1,30.342682926829273,33.7,27.7,FP2,0.0
508,FORMULA 1 AWS HUNGARIAN GRAND PRIX 2026,2026,27,Audi,3067.4,28.06,28.903,23.162,SOFT,6.0,196.6925166328149,323.0,62.84585633319471,10761.774667770751,12469.0,773.8215326569048,61.322102139355756,4.49672131147541,-0.5073216329093873,0.0011458239032005563,0.014335070889332262,0.27361482143735116,0.48663767804301666,3454.958,23.58780487804878,23.9,23.1,30.342682926829273,33.7,27.7,FP2,1.0
509,FORMULA 1 AWS HUNGARIAN GRAND PRIX 2026,2026,30,Racing Bulls,3059.766,28.116,28.838,23.087,SOFT,5.0,194.4483812860445,324.0,61.985985551411886,10957.422769464933,12837.0,917.8579617626419,62.35335581853867,4.595041322314049,-0.34619308849042135,0.0012482615083253318,0.04563973833364971,0.5496618008205689,0.5401243954474388,3454.958,23.58780487804878,23.9,23.1,30.342682926829273,33.7,27.7,FP2,1.0
510,FORMULA 1 AWS HUNGARIAN GRAND PRIX 2026,2026,31,Haas F1 Team,3102.731,28.256,29.101,23.2,SOFT,2.0,195.08970679968348,327.0,63.31423397025068,10326.972981280345,12170.0,1117.0937296291693,61.78396399729225,4.812709030100335,-0.2541514652517013,0.0013497069040737605,0.05729974707771259,0.7269554160915397,0.5411349659089464,3454.958,23.58780487804878,23.9,23.1,30.342682926829273,33.7,27.7,FP2,0.0
511,FORMULA 1 AWS HUNGARIAN GRAND PRIX 2026,2026,41,Racing Bulls,3052.169,28.033,28.845,23.375,SOFT,5.0,196.34371996382555,323.0,62.74228156805077,10700.519055351284,12842.0,892.4152318626536,61.53704274506358,4.810855263157895,-0.33383918769427023,0.0012652745529401737,0.04778647548746778,0.45977022164626197,0.48639990293203295,3454.958,23.58780487804878,23.9,23.1,30.342682926829273,33.7,27.7,FP2,1.0
512,FORMULA 1 AWS HUNGARIAN GRAND PRIX 2026,2026,43,Alpine,1313.999,28.744,30.085,23.701999999999998,MEDIUM,5.0,189.9171781480103,326.0,60.87127173466294,10722.423542116172,12279.0,743.7467036907685,57.882290465636196,4.2724252491694354,-0.34378431922959707,0.0013722198524747178,0.04562773701529027,0.37208440264097525,0.5056838923544652,3454.958,23.58780487804878,23.9,23.1,30.342682926829273,33.7,27.7,FP2,0.0
513,FORMULA 1 AWS HUNGARIAN GRAND PRIX 2026,2026,44,Ferrari,3454.958,27.673000000000002,28.449,22.607,SOFT,6.0,199.51597041977857,325.0,60.8760158041328,10693.734080524731,12460.0,941.4130510662715,64.18728469048706,4.821848739495798,-0.34333926336009424,0.0012350936770002918,0.05993789625372875,0.40723285098631784,0.5887419851319422,3454.958,23.58780487804878,23.9,23.1,30.342682926829273,33.7,27.7,FP2,1.0
514,FORMULA 1 AWS HUNGARIAN GRAND PRIX 2026,2026,55,Williams,2344.01,28.332,29.531,23.563,SOFT,2.0,192.77358433759147,320.0,62.12259297963395,10724.26940059223,12062.0,832.4615190086308,59.140958491322294,4.4192,-0.46806985201337653,0.001151571078203899,0.016647283354990893,0.3757132132820643,0.5511354362692515,3454.958,23.58780487804878,23.9,23.1,30.342682926829273,33.7,27.7,FP2,0.0
515,FORMULA 1 AWS HUNGARIAN GRAND PRIX 2026,2026,63,Mercedes,2380.069,27.855,28.699,23.108,SOFT,2.0,198.72649780712368,327.0,62.74924668018274,10743.252281343372,12690.0,896.7015920103831,59.718666325723945,4.5647840531561465,-0.3256279679922929,0.0012381315897952245,0.0503527577780354,0.42468606693150945,0.5394116034373955,3454.958,23.58780487804878,23.9,23.1,30.342682926829273,33.7,27.7,FP2,1.0
516,FORMULA 1 AWS HUNGARIAN GRAND PRIX 2026,2026,77,Cadillac,3367.079,28.301,29.895,23.246,SOFT,5.0,193.10364263598447,326.0,62.78801747467071,10480.104247597674,12139.0,916.4111193412472,59.952892443212946,4.707920792079208,-0.41842863254872076,0.0013060202735337041,0.030512041518698716,0.5276319811316567,0.5514195737625999,3454.958,23.58780487804878,23.9,23.1,30.342682926829273,33.7,27.7,FP2,0.0
517,FORMULA 1 AWS HUNGARIAN GRAND PRIX 2026,2026,81,McLaren,3190.805,27.819,28.798000000000002,23.484,SOFT,5.0,194.89605271764728,325.0,63.233566063921536,10901.262336098314,12749.0,778.8603890904866,53.42524534976512,4.908940397350993,-0.3805751223156093,0.0012815682858187821,0.025473142030795072,0.5246409783820063,0.5787948406233903,3454.958,23.58780487804878,23.9,23.1,30.342682926829273,33.7,27.7,FP2,0.0
518,FORMULA 1 AWS HUNGARIAN GRAND PRIX 2026,2026,87,Haas F1 Team,3324.639,28.271,29.314,23.365,SOFT,4.0,191.6700594503632,325.0,61.258512008522736,10533.761642247482,12214.0,842.3422439933614,59.629039877851866,4.661184210526316,-0.2564800355695299,0.0013967813359651387,0.0521916636224185,0.5502941094719229,0.5376786647264484,3454.958,23.58780487804878,23.9,23.1,30.342682926829273,33.7,27.7,FP2,0.0
519,FORMULA 1 AWS HUNGARIAN GRAND PRIX 2026,2026,1,McLaren,3889.49,27.632,27.839,22.468,SOFT,6.0,201.00137682497964,330.0,62.775322036824925,10842.397796213312,12493.0,813.463653822234,58.28205211274817,5.154605263157895,-0.47096044582798213,0.001139145659484853,0.017910384970182318,0.4815349558525999,0.542706035579047,3889.49,24.865,26.0,23.3,52.089999999999996,54.5,48.8,FP3,1.0
520,FORMULA 1 AWS HUNGARIAN GRAND PRIX 2026,2026,3,Red Bull Racing,3628.32,27.652,28.282,22.722,SOFT,2.0,199.55183655208165,329.0,63.12527055971385,10733.968333820847,12594.0,825.7137320185775,56.948499539306404,4.882550335570469,-0.505640527055974,0.001175702913084707,0.01609779903732618,0.5584969423800241,0.5959584612864086,3889.49,24.865,26.0,23.3,52.089999999999996,54.5,48.8,FP3,1.0
521,FORMULA 1 AWS HUNGARIAN GRAND PRIX 2026,2026,5,Audi,3743.64,28.061,28.497,22.78,SOFT,2.0,197.52816220860757,329.0,63.02656558820433,10861.752371732371,13093.0,823.7829761695572,61.6548965688986,4.4229452054794525,-0.45260092935421725,0.001150180245106067,0.020764648542671238,0.5525084698995909,0.5177289157023541,3889.49,24.865,26.0,23.3,52.089999999999996,54.5,48.8,FP3,0.0
522,FORMULA 1 AWS HUNGARIAN GRAND PRIX 2026,2026,6,Red Bull Racing,4394.993,27.845,28.337,22.761,SOFT,7.0,198.28243694635486,330.0,63.00714251323912,10737.361348074282,12319.0,846.3682770571029,58.58444529170436,4.825503355704698,-0.3418389787168921,0.001360879668367704,0.032212412274192394,0.5395494199159748,0.6128901745608372,3889.49,24.865,26.0,23.3,52.089999999999996,54.5,48.8,FP3,1.0
523,FORMULA 1 AWS HUNGARIAN GRAND PRIX 2026,2026,10,Alpine,3953.333,27.95,28.95,22.823,SOFT,2.0,196.48347188867334,334.0,63.98979372323393,11076.019739392348,12791.0,799.0899232585434,60.26230797032542,4.276845637583893,-0.3491563251936466,0.0012535741806035767,0.03410344224131786,0.3914211422590541,0.5128794572460733,3889.49,24.865,26.0,23.3,52.089999999999996,54.5,48.8,FP3,0.0
524,FORMULA 1 AWS HUNGARIAN GRAND PRIX 2026,2026,12,Mercedes,4053.712,27.751,27.933,22.384,SOFT,5.0,203.1007596210127,338.0,63.10641931594606,10875.938737768125,12297.0,709.0695539715297,62.431781563036985,4.593425605536332,-0.41041634901524965,0.0012318837480158335,0.021264014763789894,0.4547137981113229,0.5133459702081539,3889.49,24.865,26.0,23.3,52.089999999999996,54.5,48.8,FP3,1.0
525,FORMULA 1 AWS HUNGARIAN GRAND PRIX 2026,2026,14,Aston Martin,3648.275,28.349,28.945,23.099,SOFT,2.0,194.61022581787307,317.0,61.13160449875364,10741.926046614022,12374.0,839.2492775959118,61.85556460864436,4.2127303182579565,-0.4671565158613756,0.0012182205649208851,0.02171875411691292,0.5704632901355638,0.5466372959624317,3889.49,24.865,26.0,23.3,52.089999999999996,54.5,48.8,FP3,0.0
526,FORMULA 1 AWS HUNGARIAN GRAND PRIX 2026,2026,16,Ferrari,3816.359,27.665,28.277,22.349,SOFT,2.0,198.5942609301742,332.0,62.245152650532475,10856.183120125652,12560.0,775.9015683512222,64.57149721139646,4.6605657237936775,-0.47597545014338877,0.001164575547383334,0.016853280141499335,0.5797223323696713,0.5750308751305222,3889.49,24.865,26.0,23.3,52.089999999999996,54.5,48.8,FP3,1.0
527,FORMULA 1 AWS HUNGARIAN GRAND PRIX 2026,2026,18,Aston Martin,3764.148,28.877,28.947,23.109,SOFT,3.0,194.3832019296611,315.0,60.38205841904538,10550.465273888321,12456.0,818.8677953667637,62.83156219273946,4.343333333333334,-0.494853311913612,0.0011147410188990484,0.01632587606141041,0.48091969893935943,0.5870745396057435,3889.49,24.865,26.0,23.3,52.089999999999996,54.5,48.8,FP3,0.0
528,FORMULA 1 AWS HUNGARIAN GRAND PRIX 2026,2026,23,Williams,2588.91,28.467,29.522,23.524,SOFT,4.0,191.37802364555057,329.0,63.48134502378787,10764.213279533897,12566.0,841.3969265074181,57.99573739193006,4.359805510534846,-0.4743036376265178,0.0011578830186737765,0.020630559480813167,0.38619113243347514,0.4857016619185657,3889.49,24.865,26.0,23.3,52.089999999999996,54.5,48.8,FP3,0.0
529,FORMULA 1 AWS HUNGARIAN GRAND PRIX 2026,2026,27,Audi,3713.551,27.936,28.352,22.872,SOFT,2.0,197.79132239689827,331.0,63.46113324603955,10682.528463515702,12899.0,839.6151732160193,60.22960777524085,4.5770547945205475,-0.40512656037213723,0.001264829258679844,0.03736603372358798,0.37745185929509323,0.43473587391904683,3889.49,24.865,26.0,23.3,52.089999999999996,54.5,48.8,FP3,1.0
530,FORMULA 1 AWS HUNGARIAN GRAND PRIX 2026,2026,30,Racing Bulls,3882.787,28.145,28.258,22.685,SOFT,2.0,198.22582441036775,326.0,62.65474548022905,10837.921413879429,12680.0,917.8791511258007,61.923662320842254,4.782820097244732,-0.3921728241772258,0.0012413240245267925,0.04102216639418723,0.5742090878349575,0.5355212917417006,3889.49,24.865,26.0,23.3,52.089999999999996,54.5,48.8,FP3,1.0
531,FORMULA 1 AWS HUNGARIAN GRAND PRIX 2026,2026,31,Haas F1 Team,3976.447,28.279,29.047,22.969,SOFT,2.0,194.72396142323907,332.0,64.0634220157845,10315.692168315794,11937.0,1127.0248574032178,58.814620079081756,4.8107202680067,-0.34842209271154084,0.0013307041914180082,0.037651764492353614,0.7064106742496551,0.5104267785836377,3889.49,24.865,26.0,23.3,52.089999999999996,54.5,48.8,FP3,0.0
532,FORMULA 1 AWS HUNGARIAN GRAND PRIX 2026,2026,41,Racing Bulls,4444.377,28.079,28.647,23.169,SOFT,4.0,196.09237922164513,333.0,63.05535760338753,10663.243181334694,12755.0,932.3018102453354,62.07453608760242,4.839464882943144,-0.02370323591254855,0.003168845813711872,0.845271147941192,0.5264904878321854,0.4686175275593142,3889.49,24.865,26.0,23.3,52.089999999999996,54.5,48.8,FP3,1.0
533,FORMULA 1 AWS HUNGARIAN GRAND PRIX 2026,2026,43,Alpine,4011.775,28.037,28.954,23.064,SOFT,2.0,195.70419711036664,338.0,63.3154905471254,10803.176183640784,12283.0,709.7954839192078,58.25316820516803,4.3879598662207355,-0.27764363384751,0.0014707528237872616,0.06491484171217159,0.4569621309119051,0.5181978429453261,3889.49,24.865,26.0,23.3,52.089999999999996,54.5,48.8,FP3,0.0
534,FORMULA 1 AWS HUNGARIAN GRAND PRIX 2026,2026,44,Ferrari,3843.004,27.589,28.314,22.153,SOFT,2.0,200.5747166077637,334.0,61.728838072049555,10734.329933475132,12588.0,911.7651853136015,63.56640070055045,4.880327868852459,-0.45031731472614517,0.0011386825744048692,0.019853904136537183,0.4571368793239833,0.5775066367174578,3889.49,24.865,26.0,23.3,52.089999999999996,54.5,48.8,FP3,1.0
535,FORMULA 1 AWS HUNGARIAN GRAND PRIX 2026,2026,55,Williams,3363.475,28.434,29.61,23.362,SOFT,9.0,192.07141651429635,328.0,62.61071354413961,10746.85798441688,12772.0,862.8742842785294,59.8976833882602,4.3569078947368425,-0.32396638026543406,0.0013123025804926316,0.04178249003474685,0.4049447140838456,0.537286029944782,3889.49,24.865,26.0,23.3,52.089999999999996,54.5,48.8,FP3,0.0
536,FORMULA 1 AWS HUNGARIAN GRAND PRIX 2026,2026,63,Mercedes,3965.777,27.9,28.319,22.322,SOFT,7.0,196.99985329691836,332.0,62.80700616429458,10571.752010799808,12393.0,875.3738326787728,60.53932597387268,4.66723259762309,-0.25868041217397897,0.0013462223723611916,0.08313081619129382,0.49498981137100373,0.5622795459453277,3889.49,24.865,26.0,23.3,52.089999999999996,54.5,48.8,FP3,1.0
537,FORMULA 1 AWS HUNGARIAN GRAND PRIX 2026,2026,77,Cadillac,3221.063,28.527,29.616,23.156,SOFT,5.0,193.5151199207827,333.0,63.846660951459405,10470.381277964158,12241.0,927.04916453559,60.51324959532502,4.752427184466019,-0.41493890407656014,0.001204223838365844,0.028287805196293713,0.5706530663115459,0.5151180314617699,3889.49,24.865,26.0,23.3,52.089999999999996,54.5,48.8,FP3,0.0
538,FORMULA 1 AWS HUNGARIAN GRAND PRIX 2026,2026,81,McLaren,3875.868,27.778,28.109,22.551,SOFT,6.0,200.13510968660205,329.0,62.52787664962763,10996.15052725421,12409.0,723.8204982357399,56.62461940521082,5.027642276422764,-0.3974780942349147,0.0011938704498269614,0.035901821017544,0.48593782827694965,0.5593660020279377,3889.49,24.865,26.0,23.3,52.089999999999996,54.5,48.8,FP3,0.0
539,FORMULA 1 AWS HUNGARIAN GRAND PRIX 2026,2026,87,Haas F1 Team,4282.76,28.198,29.132,22.982,SOFT,5.0,192.60532354572473,333.0,63.11060890860989,10668.372298967328,12272.0,863.4112115040255,60.03867589952289,4.572379367720466,-0.32883683463005,0.001424951859764117,0.05280190991890699,0.5476333584428001,0.5640741561750271,3889.49,24.865,26.0,23.3,52.089999999999996,54.5,48.8,FP3,0.0
540,FORMULA 1 HEINEKEN DUTCH GRAND PRIX 2026,2026,1,McLaren,4423.233,25.175,25.529,22.366,SOFT,6.0,207.8940021384603,323.0,64.51065692996339,10958.01204858305,12910.0,746.3036320876508,60.134613375571185,5.297247706422018,-0.464467523583861,0.0012420185279735127,0.02414482262460757,0.31395295916238924,0.6059170066004584,4274.816,18.78048780487805,19.4,18.0,26.991463414634147,30.7,22.7,FP1,1.0
541,FORMULA 1 HEINEKEN DUTCH GRAND PRIX 2026,2026,3,Red Bull Racing,3904.862,25.514,26.323,22.488,SOFT,2.0,203.82652292103927,312.0,64.27180841576411,10511.428127524137,12201.0,866.795935323774,56.907820733238914,5.110091743119266,-0.2618439903343402,0.0015941228323256194,0.06689808009618893,0.5601481166138111,0.638008695429688,4274.816,18.78048780487805,19.4,18.0,26.991463414634147,30.7,22.7,FP1,0.0
542,FORMULA 1 HEINEKEN DUTCH GRAND PRIX 2026,2026,5,Audi,4051.598,25.563,26.091,22.338,MEDIUM,2.0,206.89466740877796,314.0,65.14004565755258,10738.67747760224,12606.0,846.3339844707989,62.54532641000061,4.726605504587156,-0.12828383162450774,0.0017045312521271406,0.18135515079935566,0.5623918431525041,0.5913588998358325,4274.816,18.78048780487805,19.4,18.0,26.991463414634147,30.7,22.7,FP1,0.0
543,FORMULA 1 HEINEKEN DUTCH GRAND PRIX 2026,2026,10,Alpine,3961.794,25.367,26.1,22.444,SOFT,2.0,205.44265753954437,322.0,67.19295099408241,10797.760425141521,12229.0,695.0934448080643,61.211090431610344,4.675977653631285,-0.45509757610390333,0.0012062964345658476,0.014160837037267232,0.4005806753919082,0.5649524793307567,4274.816,18.78048780487805,19.4,18.0,26.991463414634147,30.7,22.7,FP1,1.0
544,FORMULA 1 HEINEKEN DUTCH GRAND PRIX 2026,2026,11,Cadillac,4125.733,26.19,26.746,22.764,SOFT,2.0,201.08009842449243,312.0,65.02734454095139,10734.633736635438,12150.0,678.7117463672168,62.876182935006156,4.783303730017762,-0.35353768628046484,0.0013669619998423186,0.05113979746672798,0.4355796308662581,0.627461966840083,4274.816,18.78048780487805,19.4,18.0,26.991463414634147,30.7,22.7,FP1,0.0
545,FORMULA 1 HEINEKEN DUTCH GRAND PRIX 2026,2026,12,Mercedes,4274.816,25.042,25.714,22.193,SOFT,4.0,208.8608106274806,317.0,66.16624381324887,10684.158284589746,12236.0,838.8080179641888,67.05874512511586,4.859459459459459,-0.3021262010271545,0.0012562319029110216,0.05298713254445676,0.5663396010987931,0.6542485868215353,4274.816,18.78048780487805,19.4,18.0,26.991463414634147,30.7,22.7,FP1,1.0
546,FORMULA 1 HEINEKEN DUTCH GRAND PRIX 2026,2026,14,Aston Martin,3956.2,25.51,26.437,22.564,SOFT,2.0,208.92996022665528,311.0,63.87029250606387,10644.717048348964,12310.0,572.529095384954,67.20235194934436,4.786372007366483,-0.034118516671656954,0.019685044522591393,9.808550557059085,0.2916768212271584,0.5269172703397565,4274.816,18.78048780487805,19.4,18.0,26.991463414634147,30.7,22.7,FP1,1.0
547,FORMULA 1 HEINEKEN DUTCH GRAND PRIX 2026,2026,16,Ferrari,4308.178,25.221,25.961,22.056,SOFT,7.0,208.1119750062681,314.0,65.00097611802107,10987.394100472979,12414.0,617.3465497840469,67.11770257467943,4.8901098901098905,-0.4264330708374235,0.0012699139939877065,0.024472997589362246,0.3558627788408113,0.6233182800836451,4274.816,18.78048780487805,19.4,18.0,26.991463414634147,30.7,22.7,FP1,1.0
548,FORMULA 1 HEINEKEN DUTCH GRAND PRIX 2026,2026,18,Aston Martin,3863.881,26.01,26.479,22.71,SOFT,2.0,202.89247935069443,312.0,64.23307982496584,10588.312588300398,12856.0,718.6445675115606,63.7936656518607,4.642348754448399,-0.03135232383756422,0.01062861395607258,5.07513139843744,0.42959667786903905,0.5962798283692101,4274.816,18.78048780487805,19.4,18.0,26.991463414634147,30.7,22.7,FP1,0.0
549,FORMULA 1 HEINEKEN DUTCH GRAND PRIX 2026,2026,22,Racing Bulls,3911.598,25.798000000000002,26.543,22.769,MEDIUM,2.0,205.52459145654558,312.0,65.17075014878269,10452.922190288142,12548.0,1142.5889974604013,65.32754877073594,5.207956600361664,-0.1899428313534089,0.0015254593739744853,0.14927101626559747,0.5145904415643334,0.6046290343889794,4274.816,18.78048780487805,19.4,18.0,26.991463414634147,30.7,22.7,FP1,0.0
550,FORMULA 1 HEINEKEN DUTCH GRAND PRIX 2026,2026,23,Williams,3993.802,25.837,26.736,22.784,MEDIUM,2.0,202.75662407487883,317.0,63.91623444984123,10614.565280185167,12219.0,764.4219841052469,60.598024577975934,4.752688172043011,-0.4264760624143849,0.001214007739425713,0.023531052433040628,0.32592251306261655,0.5535678695895085,4274.816,18.78048780487805,19.4,18.0,26.991463414634147,30.7,22.7,FP1,0.0
551,FORMULA 1 HEINEKEN DUTCH GRAND PRIX 2026,2026,27,Audi,3999.267,25.434,26.079,22.271,MEDIUM,2.0,204.56742645066728,317.0,65.53920075042488,10632.04684147294,12727.0,855.2250288352461,64.33957312943929,4.732110091743119,-0.3898987150593473,0.0012980947110302786,0.03462154332697143,0.475549735257403,0.5490794463375362,4274.816,18.78048780487805,19.4,18.0,26.991463414634147,30.7,22.7,FP1,1.0
552,FORMULA 1 HEINEKEN DUTCH GRAND PRIX 2026,2026,30,Red Bull Racing,4209.837,25.751,26.249,22.861,SOFT,6.0,205.25696746923,312.0,65.15689351727143,10588.400277757833,12326.0,989.8295144360296,59.95160365165547,5.068904593639576,-0.37331425979395055,0.00137846536567527,0.0413486644131038,0.6562518771784746,0.6386901681625246,4274.816,18.78048780487805,19.4,18.0,26.991463414634147,30.7,22.7,FP1,1.0
553,FORMULA 1 HEINEKEN DUTCH GRAND PRIX 2026,2026,31,Haas F1 Team,4287.335,25.85,26.572,22.475,SOFT,2.0,203.8759600936391,313.0,64.81225665216218,10441.591361364084,11977.0,1015.0685241138202,64.93844711121876,5.024604569420035,-0.3170178536442895,0.0012548098529685996,0.056587972454018885,0.6916921480246134,0.571649902180575,4274.816,18.78048780487805,19.4,18.0,26.991463414634147,30.7,22.7,FP1,0.0
554,FORMULA 1 HEINEKEN DUTCH GRAND PRIX 2026,2026,41,Racing Bulls,4215.28,25.393,26.313,22.579,MEDIUM,6.0,206.6993329400183,314.0,65.99970892429424,10574.743936543464,12523.0,1048.0238063513175,66.18149882497522,5.169014084507042,-0.2406923157046914,0.0015422545540881298,0.12914939626632196,0.548042111231689,0.585024183221029,4274.816,18.78048780487805,19.4,18.0,26.991463414634147,30.7,22.7,FP1,0.0
555,FORMULA 1 HEINEKEN DUTCH GRAND PRIX 2026,2026,43,Alpine,3707.154,25.782,26.562,22.482,SOFT,2.0,205.07981178244606,319.0,65.50304823235967,10671.339583385598,12630.0,669.2126424817874,60.60875528810131,4.779385171790235,-0.3930046060267634,0.0011955030533769414,0.02873872294215181,0.2797917468669114,0.550709198656166,4274.816,18.78048780487805,19.4,18.0,26.991463414634147,30.7,22.7,FP1,0.0
556,FORMULA 1 HEINEKEN DUTCH GRAND PRIX 2026,2026,44,Ferrari,3983.596,25.09,25.915,22.134,SOFT,2.0,210.28954385126707,321.0,64.28882450130716,10770.980654969184,12315.0,846.4152961335141,64.93017985014068,5.025925925925926,-0.417035053083205,0.0012505948976600895,0.02216512213400732,0.48316681228818287,0.5999988760865862,4274.816,18.78048780487805,19.4,18.0,26.991463414634147,30.7,22.7,FP1,1.0
557,FORMULA 1 HEINEKEN DUTCH GRAND PRIX 2026,2026,55,Williams,4317.457,26.092,27.361,22.892,MEDIUM,8.0,196.0856463571136,321.0,66.05008712658808,10749.759088331903,12490.0,818.1033826674446,58.13983503205978,4.431338028169014,-0.12063295604348914,0.0017003045483352426,0.18622964150438834,0.3381972206761524,0.5667863587835527,4274.816,18.78048780487805,19.4,18.0,26.991463414634147,30.7,22.7,FP1,0.0
558,FORMULA 1 HEINEKEN DUTCH GRAND PRIX 2026,2026,63,Mercedes,4444.071,25.043,25.794,22.237,SOFT,6.0,0.0,0.0,0.0,0.0,0.0,0.0,0.0,0.0,,0.8060012121113461,376.6951373308252,,,4274.816,18.78048780487805,19.4,18.0,26.991463414634147,30.7,22.7,FP1,1.0
559,FORMULA 1 HEINEKEN DUTCH GRAND PRIX 2026,2026,77,Cadillac,4116.837,26.068,26.832,22.68,SOFT,2.0,202.0235230046978,316.4178578285714,64.52483554388877,10713.125961353107,12453.0,783.4805417050729,62.13165324831843,4.8120567375886525,-0.035008406685888414,0.02855450411746052,15.311375316452667,0.34102809053560507,0.5752413641530713,4274.816,18.78048780487805,19.4,18.0,26.991463414634147,30.7,22.7,FP1,0.0
560,FORMULA 1 HEINEKEN DUTCH GRAND PRIX 2026,2026,81,McLaren,3873.072,25.189,25.859,22.56,SOFT,2.0,206.87464229111777,320.0,65.21745585096507,10952.126043921106,12341.0,699.8374440691724,58.896190471997784,5.270417422867514,-0.2349945767302591,0.0015602523348797299,0.09956131176044121,0.33530470963966424,0.6339367420896843,4274.816,18.78048780487805,19.4,18.0,26.991463414634147,30.7,22.7,FP1,1.0
561,FORMULA 1 HEINEKEN DUTCH GRAND PRIX 2026,2026,87,Haas F1 Team,4021.878,25.852,26.576999999999998,22.445,SOFT,2.0,203.5212238264696,316.0,64.37496415274748,10573.79721643199,12129.0,901.683421523916,63.88346475968849,4.947463768115942,-0.3936168540317612,0.0012619296909723637,0.023160072776446983,0.549596179310018,0.5546480762563734,4274.816,18.78048780487805,19.4,18.0,26.991463414634147,30.7,22.7,FP1,0.0
562,FORMULA 1 PIRELLI GRAN PREMIO D’ITALIA 2026,2026,1,McLaren,1758.545,27.434,28.37,27.915,MEDIUM,8.0,249.74627074931894,331.0,68.69153235775178,11128.89886751203,12308.0,644.8514541639395,77.9972287138792,6.420382165605096,-0.36735521556387807,0.0006940871650621746,0.05041147474741868,0.4126600540577344,0.6594747355811397,2558.936,31.01875,31.9,30.2,51.34125,53.8,47.1,FP1,1.0
563,FORMULA 1 PIRELLI GRAN PREMIO D’ITALIA 2026,2026,5,Audi,3880.083,27.854,28.219,27.933,SOFT,2.0,249.4375911373554,323.0,64.45184123498738,10824.93114684876,12125.0,639.5880643745087,80.45903563629699,6.238249594813614,-0.0096350014286353,0.0012787511389034042,0.3603617947587673,0.3282996378560011,0.6172545363839153,2558.936,31.01875,31.9,30.2,51.34125,53.8,47.1,FP1,0.0
564,FORMULA 1 PIRELLI GRAN PREMIO D’ITALIA 2026,2026,12,Mercedes,2494.982,27.277,28.205,28.162,SOFT,3.0,245.94790953715182,335.0,66.8704001796684,11007.186001979451,12091.0,595.8699777880464,79.74498368067778,5.811410459587956,-0.4543931317414056,0.0007046212960807069,0.02665967648393396,0.4824813785901599,0.600059094926892,2558.936,31.01875,31.9,30.2,51.34125,53.8,47.1,FP1,1.0
565,FORMULA 1 PIRELLI GRAN PREMIO D’ITALIA 2026,2026,14,Aston Martin,4433.571,28.122,29.13,28.82,MEDIUM,7.0,239.46866943067482,319.0,63.05151921067969,10674.443782933362,12037.0,640.6267262104531,80.3235899223044,5.72952086553323,-0.4554599059669675,0.0006597896312031049,0.02859804864200425,0.4366338833827473,0.5856871612272225,2558.936,31.01875,31.9,30.2,51.34125,53.8,47.1,FP1,0.0
566,FORMULA 1 PIRELLI GRAN PREMIO D’ITALIA 2026,2026,16,Ferrari,2558.936,27.224,28.105,27.679,MEDIUM,2.0,250.26596126612299,341.0,66.45669942325,11072.042870577448,12236.0,590.35218177177,83.69958177841809,6.052215189873418,0.0132984490487748,0.0020348598306180565,0.8289739772061633,0.451780028100522,0.6186970933876427,2558.936,31.01875,31.9,30.2,51.34125,53.8,47.1,FP1,0.0
567,FORMULA 1 PIRELLI GRAN PREMIO D’ITALIA 2026,2026,18,Aston Martin,3110.459,28.479,28.924,28.663,MEDIUM,6.0,243.2632478950738,316.0,61.19596596941125,10554.561996259037,12330.0,577.9861921210887,82.96353894143733,6.009331259720062,-0.489415625106389,0.0006275490303363643,0.019132489393685222,0.28752337067120426,0.6444099759725975,2558.936,31.01875,31.9,30.2,51.34125,53.8,47.1,FP1,0.0
568,FORMULA 1 PIRELLI GRAN PREMIO D’ITALIA 2026,2026,22,Racing Bulls,2556.584,27.685,28.629,28.257,MEDIUM,2.0,245.3980966833882,326.0,66.85395863479292,10795.301126210512,12267.0,702.1781697397374,80.68518859498941,6.244582043343653,-0.14091333317911542,0.0012371289684495945,0.2252487173808908,0.5008559590278648,0.6338846119462737,2558.936,31.01875,31.9,30.2,51.34125,53.8,47.1,FP1,1.0
569,FORMULA 1 PIRELLI GRAN PREMIO D’ITALIA 2026,2026,25,Cadillac,1715.117,28.655,30.791,30.476,HARD,4.0,232.14624177685457,319.0,66.02419264696344,10709.059068659342,12183.0,687.0334367341421,76.89595996458152,5.736296296296296,-0.363285502227987,0.0007401081047555762,0.046983696333800395,0.3970223945814877,0.6755512856577846,2558.936,31.01875,31.9,30.2,51.34125,53.8,47.1,FP1,
570,FORMULA 1 PIRELLI GRAN PREMIO D’ITALIA 2026,2026,27,Audi,3286.723,28.079,28.373,28.174,SOFT,6.0,245.84360203996303,318.0,62.5352948002971,10646.483308147672,12029.0,672.0037570119524,81.83033514896715,6.289808917197452,-0.525679103092419,0.0006356915444249102,0.015378238307845874,0.35112968092478836,0.6298194249921255,2558.936,31.01875,31.9,30.2,51.34125,53.8,47.1,FP1,0.0
571,FORMULA 1 PIRELLI GRAN PREMIO D’ITALIA 2026,2026,30,Red Bull Racing,3529.687,27.543,28.222,27.668,SOFT,11.0,247.81768888572796,324.0,67.95124228473323,10866.042332230456,12286.0,733.5253039708699,78.00538711390614,6.302737520128824,-0.2906998181669978,0.0008084960868532703,0.0641132089046686,0.5326307163109812,0.6493309149928743,2558.936,31.01875,31.9,30.2,51.34125,53.8,47.1,FP1,0.0
572,FORMULA 1 PIRELLI GRAN PREMIO D’ITALIA 2026,2026,31,Haas F1 Team,2711.897,28.04,29.051,28.761,HARD,11.0,242.42437075683884,323.0,65.64492218697822,10816.516171786045,11951.0,652.4543368691848,81.16840196267128,6.038402457757297,-0.46665826795428733,0.0006467270605571041,0.025712047338919835,0.4937867878925911,0.6070953287125662,2558.936,31.01875,31.9,30.2,51.34125,53.8,47.1,FP1,0.0
573,FORMULA 1 PIRELLI GRAN PREMIO D’ITALIA 2026,2026,36,Red Bull Racing,3797.601,27.768,28.786,28.319,SOFT,2.0,244.50587870690552,326.0,67.3344682458425,10896.90350912337,12156.0,683.5270911932031,77.33122213215896,6.164615384615384,-0.4082558782624428,0.0007018945214974625,0.0453182104937694,0.4855684665037729,0.6540798786127614,2558.936,31.01875,31.9,30.2,51.34125,53.8,47.1,FP1,
574,FORMULA 1 PIRELLI GRAN PREMIO D’ITALIA 2026,2026,41,Racing Bulls,2547.469,27.558,28.344,27.9,MEDIUM,2.0,247.2264030486681,327.0,66.55931858622061,10816.255022207088,12195.0,735.2163890677858,81.55990160752407,6.289514866979656,-0.5083839771365883,0.0006292879704891412,0.024018473581390212,0.5030812011912349,0.5998947422525497,2558.936,31.01875,31.9,30.2,51.34125,53.8,47.1,FP1,1.0
575,FORMULA 1 PIRELLI GRAN PREMIO D’ITALIA 2026,2026,43,Alpine,1762.288,27.31,28.548000000000002,28.17,MEDIUM,8.0,246.88936042450712,339.0,69.25830966556099,10898.595610061177,12158.0,676.261085017801,81.28303226139347,5.9088,-0.26204594517134877,0.0009509757504781154,0.11019000758452543,0.4703740689768204,0.6278887612141298,2558.936,31.01875,31.9,30.2,51.34125,53.8,47.1,FP1,1.0
576,FORMULA 1 PIRELLI GRAN PREMIO D’ITALIA 2026,2026,44,Ferrari,3553.8,27.345,28.245,27.591,MEDIUM,9.0,250.38818731113153,335.0,65.76076810223653,11075.406620404196,12403.0,692.2699180304446,82.35046112128298,6.088815789473684,-0.4689984350740009,0.0006216792140008585,0.023286809883833904,0.2909742755926334,0.6297477527453783,2558.936,31.01875,31.9,30.2,51.34125,53.8,47.1,FP1,1.0
577,FORMULA 1 PIRELLI GRAN PREMIO D’ITALIA 2026,2026,46,Williams,3832.264,27.418,28.77,28.552,SOFT,6.0,244.33850847012118,334.0,69.7984481123809,10884.520399562327,12233.0,697.6297555356485,78.10151183917846,5.850863422291994,-0.5681198687631384,0.0005784528319742638,0.01227734883051679,0.4421959788496866,0.614617592886419,2558.936,31.01875,31.9,30.2,51.34125,53.8,47.1,FP1,
578,FORMULA 1 PIRELLI GRAN PREMIO D’ITALIA 2026,2026,55,Williams,3676.593,27.561,28.744,28.522,MEDIUM,6.0,243.34859559104535,331.0,68.77970706367387,10771.022290325092,12104.0,720.7232472247097,79.65241926903049,5.942161339421613,-0.4541187114053541,0.0006590064730760192,0.0314392245623283,0.4882805505216893,0.6059557085839875,2558.936,31.01875,31.9,30.2,51.34125,53.8,47.1,FP1,0.0
579,FORMULA 1 PIRELLI GRAN PREMIO D’ITALIA 2026,2026,61,Alpine,4353.888,27.272,28.432,28.473,SOFT,9.0,245.6492425367283,338.0,70.69828659025139,10879.093259770332,11924.0,599.4366864904235,80.00407085090954,5.854660347551343,-0.24800835791050072,0.0008793960760156776,0.121144260608849,0.5727758687703318,0.6277128426071018,2558.936,31.01875,31.9,30.2,51.34125,53.8,47.1,FP1,
580,FORMULA 1 PIRELLI GRAN PREMIO D’ITALIA 2026,2026,63,Mercedes,2500.436,27.39,28.011,27.911,SOFT,2.0,248.964873642925,334.0,67.1571613898188,10783.526362942546,12582.0,732.1247285769326,80.43180320550385,6.2025316455696204,-0.46540134537892597,0.0006581391401052993,0.029118873275117512,0.2212570676192637,0.6071662838158199,2558.936,31.01875,31.9,30.2,51.34125,53.8,47.1,FP1,1.0
581,FORMULA 1 PIRELLI GRAN PREMIO D’ITALIA 2026,2026,77,Cadillac,3311.328,27.962,29.157,28.865,MEDIUM,6.0,241.07938509911872,322.0,65.00929319650356,10703.704957641326,12021.0,912.5362376077916,80.02843881948785,6.0819165378670785,-0.43931131642494026,0.0006404325341843986,0.03674639943810964,0.5367471005986963,0.644159777560781,2558.936,31.01875,31.9,30.2,51.34125,53.8,47.1,FP1,0.0
582,FORMULA 1 PIRELLI GRAN PREMIO D’ITALIA 2026,2026,81,McLaren,3128.638,27.622,28.343,28.219,SOFT,6.0,246.5095000465688,325.0,65.61962042782558,11110.788671782691,12483.0,537.8777970899641,78.07189622302302,6.410339256865913,-0.49326523494950103,0.0006311654483742029,0.01576978783748921,0.2230941339543808,0.6348906576827106,2558.936,31.01875,31.9,30.2,51.34125,53.8,47.1,FP1,1.0
583,FORMULA 1 PIRELLI GRAN PREMIO D’ITALIA 2026,2026,87,Haas F1 Team,3453.714,27.728,28.503,28.415,SOFT,6.0,245.68881736539586,329.0,65.2372582875317,10996.503383809852,12257.0,693.0539340584149,82.17516599959832,6.0736677115987465,-0.06427795606571649,0.0035954463807993196,1.9292414630481525,0.3556191858274549,0.6263759023130413,2558.936,31.01875,31.9,30.2,51.34125,53.8,47.1,FP1,0.0
584,FORMULA 1 PIRELLI GRAN PREMIO D’ITALIA 2026,2026,1,McLaren,2805.178,27.179,27.859,27.905,SOFT,3.0,250.15358948649148,335.0,67.1417496860694,11039.367038960974,12520.0,742.3111716740973,78.2207879505349,6.510500807754442,-0.34285527684813816,0.0006870142427409759,0.04945508758466967,0.48405596734339623,0.603506915202042,2801.61,33.742168674698796,34.4,33.3,54.94819277108432,57.5,51.8,FP2,1.0
585,FORMULA 1 PIRELLI GRAN PREMIO D’ITALIA 2026,2026,3,Red Bull Racing,2924.968,27.492,28.245,27.64,SOFT,4.0,248.55886616984387,329.0,65.88868142299788,10876.780087014044,12340.0,709.0263775043549,79.54355627471631,6.3278955954323,-0.31507696076744685,0.0009994031351290543,0.07553011856262354,0.4659182382832094,0.6591690969198999,2801.61,33.742168674698796,34.4,33.3,54.94819277108432,57.5,51.8,FP2,1.0
586,FORMULA 1 PIRELLI GRAN PREMIO D’ITALIA 2026,2026,5,Audi,1962.166,27.587,28.404,27.785,HARD,10.0,246.49872106020925,325.0,67.21681207741283,10778.656048444007,12073.0,607.5407401346321,81.09900783131071,6.195161290322581,-0.29246089439647327,0.000862153785334993,0.0703653124696539,0.5188499540219593,0.5732070405627707,2801.61,33.742168674698796,34.4,33.3,54.94819277108432,57.5,51.8,FP2,0.0
587,FORMULA 1 PIRELLI GRAN PREMIO D’ITALIA 2026,2026,10,Alpine,3093.507,27.15,28.282,28.341,SOFT,5.0,246.90142386171345,338.0,64.34065804982062,11062.405529079882,12697.0,574.4406862001836,81.23310489003886,5.857827476038339,-0.06711578754329606,0.004380542396490548,2.366721991831491,0.34946131126602437,0.5673057829846389,2801.61,33.742168674698796,34.4,33.3,54.94819277108432,57.5,51.8,FP2,1.0
588,FORMULA 1 PIRELLI GRAN PREMIO D’ITALIA 2026,2026,11,Cadillac,3099.365,27.636,28.955,28.491,SOFT,5.0,244.96078615814758,327.0,66.00925444774906,10680.119188284629,12224.0,898.1544460874557,80.74175829724024,6.1921875,-0.5357515361732652,0.0006480720787923139,0.017461043326596273,0.4994021586740444,0.6028644345942716,2801.61,33.742168674698796,34.4,33.3,54.94819277108432,57.5,51.8,FP2,0.0
589,FORMULA 1 PIRELLI GRAN PREMIO D’ITALIA 2026,2026,12,Mercedes,2190.606,27.297,27.784,27.619,SOFT,4.0,253.17913532308225,332.0,65.05987099555216,10919.46258375624,12362.0,609.2887465941191,82.9799923092987,6.096930533117932,-0.3424152419533377,0.0007151753030082138,0.04688256632306444,0.3830868595832958,0.5660944626998647,2801.61,33.742168674698796,34.4,33.3,54.94819277108432,57.5,51.8,FP2,1.0
590,FORMULA 1 PIRELLI GRAN PREMIO D’ITALIA 2026,2026,14,Aston Martin,3538.985,27.93,28.785,28.312,SOFT,5.0,245.17606553497518,316.0,62.01207674071998,10827.988903528296,11884.0,665.2439516549886,82.28244216285897,5.778649921507064,-0.47747519350323614,0.0006338526131370629,0.017417539058050612,0.5686855581440685,0.6424125667152744,2801.61,33.742168674698796,34.4,33.3,54.94819277108432,57.5,51.8,FP2,0.0
591,FORMULA 1 PIRELLI GRAN PREMIO D’ITALIA 2026,2026,16,Ferrari,2705.961,27.259,27.874,27.546,SOFT,2.0,249.6840010796492,333.0,66.20396829473265,10951.144117954376,12297.0,673.9240824189424,83.791027622652,6.155737704918033,-0.05601803881648145,0.004238142560276649,2.0165035486373335,0.39999315570417077,0.6171613833039468,2801.61,33.742168674698796,34.4,33.3,54.94819277108432,57.5,51.8,FP2,0.0
592,FORMULA 1 PIRELLI GRAN PREMIO D’ITALIA 2026,2026,18,Aston Martin,2698.811,27.94,28.88,28.433,SOFT,2.0,246.90756031986774,322.0,62.994177313287366,10616.218019979771,11816.0,573.2385500779158,83.85241171057686,6.0652866242038215,-0.347940923726473,0.0007347863062023212,0.052088919631225764,0.4703783628283099,0.59471563917873,2801.61,33.742168674698796,34.4,33.3,54.94819277108432,57.5,51.8,FP2,0.0
593,FORMULA 1 PIRELLI GRAN PREMIO D’ITALIA 2026,2026,22,Racing Bulls,2682.563,27.47,28.349,27.636,SOFT,2.0,249.1518754276224,329.0,68.93371811263512,10852.548470714119,12305.0,773.7633469509663,79.62696412681002,6.2907348242811505,-0.24090115177830224,0.0008552047231058847,0.12689119129456022,0.5876140981950675,0.646739797779498,2801.61,33.742168674698796,34.4,33.3,54.94819277108432,57.5,51.8,FP2,1.0
594,FORMULA 1 PIRELLI GRAN PREMIO D’ITALIA 2026,2026,23,Williams,2687.3,27.254,28.489,28.11,SOFT,2.0,246.947068833393,336.0,68.8779876798517,10800.119102565746,12826.0,738.2839393620937,79.4277925590654,6.031746031746032,-0.22715534727762338,0.0008615945677927536,0.13486907135294243,0.500587819695611,0.6085253168564796,2801.61,33.742168674698796,34.4,33.3,54.94819277108432,57.5,51.8,FP2,0.0
595,FORMULA 1 PIRELLI GRAN PREMIO D’ITALIA 2026,2026,27,Audi,2680.082,27.55,28.41,27.772,SOFT,2.0,248.13548192134337,327.0,68.30426325688656,10796.776008688836,12163.0,633.0949218233486,81.06781319981084,6.237261146496815,-0.48387847784194515,0.0006259960650902639,0.016112362099305767,0.4366935708485885,0.5982384876190723,2801.61,33.742168674698796,34.4,33.3,54.94819277108432,57.5,51.8,FP2,0.0
596,FORMULA 1 PIRELLI GRAN PREMIO D’ITALIA 2026,2026,30,Red Bull Racing,1723.421,27.49,28.426,27.744,SOFT,8.0,248.32440212819503,329.0,67.28742376735498,10862.013809571827,12174.0,761.5741518863314,79.81776583636685,6.274796747967479,-0.46607146869777566,0.0007020453505707844,0.01993856059915629,0.5873162400026003,0.6363060853256763,2801.61,33.742168674698796,34.4,33.3,54.94819277108432,57.5,51.8,FP2,0.0
597,FORMULA 1 PIRELLI GRAN PREMIO D’ITALIA 2026,2026,31,Haas F1 Team,3239.793,27.393,28.759,28.255,SOFT,5.0,246.55843782335327,332.0,67.35702397621974,10754.358693663304,11979.0,641.3847216714826,81.00645098921039,6.21256038647343,-0.525172800831363,0.0006467370425610448,0.01342625313368959,0.4662416781126769,0.5945005762274129,2801.61,33.742168674698796,34.4,33.3,54.94819277108432,57.5,51.8,FP2,0.0
598,FORMULA 1 PIRELLI GRAN PREMIO D’ITALIA 2026,2026,41,Racing Bulls,3028.417,27.504,28.202,27.643,SOFT,5.0,251.00917506000215,328.0,67.5644818767799,10874.087831610359,12331.0,735.7535664131601,81.78915899682504,6.353130016051364,-0.41963092963892856,0.0007290184461364549,0.03305575228700589,0.5863939962561838,0.6112956399831666,2801.61,33.742168674698796,34.4,33.3,54.94819277108432,57.5,51.8,FP2,1.0
599,FORMULA 1 PIRELLI GRAN PREMIO D’ITALIA 2026,2026,43,Alpine,2600.492,27.088,28.204,28.327,SOFT,2.0,249.1507337905778,338.0,65.45288542642713,11002.061840742232,12042.0,582.9804965439539,81.08897760353298,5.909516380655226,-0.42755291032261716,0.0006724599791757598,0.029261899912455022,0.5125542331809,0.5634277571849394,2801.61,33.742168674698796,34.4,33.3,54.94819277108432,57.5,51.8,FP2,1.0
600,FORMULA 1 PIRELLI GRAN PREMIO D’ITALIA 2026,2026,44,Ferrari,2714.33,27.174,28.145,27.697,SOFT,2.0,252.0764995279348,332.0,63.106950893672185,11024.541011365898,12356.0,742.6231656582801,83.59112783212578,6.240131578947368,-0.3847686061501394,0.000722013991554662,0.03253492072949556,0.1807428123268685,0.5722868150303864,2801.61,33.742168674698796,34.4,33.3,54.94819277108432,57.5,51.8,FP2,1.0
601,FORMULA 1 PIRELLI GRAN PREMIO D’ITALIA 2026,2026,55,Williams,2691.687,27.07,28.63,28.2,SOFT,2.0,247.34663810740778,334.0,69.44371431721383,10852.81415580391,11891.0,703.594332906423,79.67889038828523,6.006420545746389,-0.4356540805839929,0.0006759654781467357,0.03203799698229425,0.5344129122108368,0.5937826006764261,2801.61,33.742168674698796,34.4,33.3,54.94819277108432,57.5,51.8,FP2,0.0
602,FORMULA 1 PIRELLI GRAN PREMIO D’ITALIA 2026,2026,63,Mercedes,2801.61,27.044,27.794,27.721,SOFT,6.0,251.0256446715768,336.0,67.66202985727209,10824.368354414422,12319.0,676.6959794623737,80.5381925991836,6.15359477124183,-0.5031599225259823,0.0006662954419448877,0.01617386233814079,0.2628413522707438,0.6066095714621266,2801.61,33.742168674698796,34.4,33.3,54.94819277108432,57.5,51.8,FP2,1.0
603,FORMULA 1 PIRELLI GRAN PREMIO D’ITALIA 2026,2026,77,Cadillac,2742.464,27.636,28.878,28.635,SOFT,2.0,244.01438302923893,329.0,66.86234744911718,10572.73632804659,12131.0,981.3286786203474,78.61125263498,6.242424242424242,-0.39843995022676715,0.0006866538972050689,0.03742112175137164,0.5332709423675267,0.608623311031667,2801.61,33.742168674698796,34.4,33.3,54.94819277108432,57.5,51.8,FP2,0.0
604,FORMULA 1 PIRELLI GRAN PREMIO D’ITALIA 2026,2026,81,McLaren,2833.473,27.348,27.945,27.735,SOFT,3.0,252.16044567878373,332.0,65.44715492614759,11125.178986166982,12316.0,622.5508439200751,79.02810581377935,6.526916802610114,-0.132725218683637,0.0010520422662699334,0.2988337444851702,0.39943272433480165,0.6111429441059059,2801.61,33.742168674698796,34.4,33.3,54.94819277108432,57.5,51.8,FP2,1.0
605,FORMULA 1 PIRELLI GRAN PREMIO D’ITALIA 2026,2026,87,Haas F1 Team,3204.151,27.244,28.301,27.825,SOFT,6.0,247.57572341855098,335.0,69.00624241879677,11008.896686867132,12337.0,703.0348499956807,80.90078132238256,6.04140127388535,-0.4528474401933771,0.0006544808428845975,0.016441130184582535,0.5083534352034342,0.6077561946632872,2801.61,33.742168674698796,34.4,33.3,54.94819277108432,57.5,51.8,FP2,0.0
606,FORMULA 1 PIRELLI GRAN PREMIO D’ITALIA 2026,2026,1,McLaren,4105.294,27.318,27.704,27.603,SOFT,4.0,251.5145843286909,334.0,65.61794103183546,11081.579344011097,12562.0,740.2025311408453,80.02175332215575,6.49198717948718,-0.476663982720954,0.000656192085815713,0.029490006784963687,0.4887672657232267,0.6409311870758964,4088.919,31.3325,32.3,30.1,51.4825,54.0,48.8,FP3,1.0
607,FORMULA 1 PIRELLI GRAN PREMIO D’ITALIA 2026,2026,3,Red Bull Racing,4111.149,27.26,28.027,27.282,SOFT,8.0,250.91564415805234,331.0,68.03022206722225,10906.282780798125,12354.0,735.7989838893459,78.11595989192516,6.329563812600969,-0.4801301272121701,0.0006887687177329559,0.02693889065357408,0.55967362424882,0.6657651655938115,4088.919,31.3325,32.3,30.1,51.4825,54.0,48.8,FP3,1.0
608,FORMULA 1 PIRELLI GRAN PREMIO D’ITALIA 2026,2026,5,Audi,4114.111,27.401,28.208,27.689,SOFT,5.0,250.79823713548086,329.0,66.51962725276262,10810.013952232652,12154.0,604.7069290010588,81.93645383059162,6.274760383386582,-0.5092600836725115,0.0006426685082080316,0.020618578310216046,0.4220948306536624,0.6267519723374132,4088.919,31.3325,32.3,30.1,51.4825,54.0,48.8,FP3,0.0
609,FORMULA 1 PIRELLI GRAN PREMIO D’ITALIA 2026,2026,10,Alpine,4429.69,27.236,28.028,27.634,SOFT,5.0,252.9782903338984,333.0,65.52164318112084,10862.343059723842,12299.0,581.0832816672107,84.73263370892016,6.2375,0.04406444090282429,0.007540173384458329,1.887167060889283,0.19004595361929846,0.5812942573802187,4088.919,31.3325,32.3,30.1,51.4825,54.0,48.8,FP3,1.0
610,FORMULA 1 PIRELLI GRAN PREMIO D’ITALIA 2026,2026,11,Cadillac,2595.296,27.569,28.911,28.551,SOFT,8.0,246.04504208948444,334.0,66.01064560241332,10684.83039820562,12271.0,732.7075626745411,80.32403787402531,6.20919175911252,-0.4366108464919314,0.0006854232983115933,0.028423021490806447,0.41967258973808236,0.6011309087737877,4088.919,31.3325,32.3,30.1,51.4825,54.0,48.8,FP3,0.0
611,FORMULA 1 PIRELLI GRAN PREMIO D’ITALIA 2026,2026,12,Mercedes,4046.5,27.147,27.935,27.498,SOFT,6.0,251.82111818565662,333.0,67.41996274767622,10959.075542980103,12368.0,568.7997256959312,80.39933692202554,6.0256410256410255,-0.5063535886090068,0.0006333880337654862,0.023015955250449718,0.38066181427124185,0.6063372292010131,4088.919,31.3325,32.3,30.1,51.4825,54.0,48.8,FP3,1.0
612,FORMULA 1 PIRELLI GRAN PREMIO D’ITALIA 2026,2026,14,Aston Martin,4092.755,27.833,28.649,28.437,SOFT,8.0,242.99383309446313,323.0,62.95789868459441,10861.932550235026,11812.0,590.9409401372419,82.41173503100052,5.7291338582677165,-0.5209268153643881,0.0006226630630279389,0.017738076037178054,0.4907212356724484,0.611772441856845,4088.919,31.3325,32.3,30.1,51.4825,54.0,48.8,FP3,0.0
613,FORMULA 1 PIRELLI GRAN PREMIO D’ITALIA 2026,2026,16,Ferrari,3868.227,27.307,28.016,27.385,SOFT,2.0,249.62116121941722,333.0,68.10225932125483,11080.78602382862,12319.0,637.2842256781892,83.24673878584703,6.0448,-0.0012096148881519944,0.0020463377311142976,0.8815412910867092,0.47500598715074555,0.6365915851056343,4088.919,31.3325,32.3,30.1,51.4825,54.0,48.8,FP3,0.0
614,FORMULA 1 PIRELLI GRAN PREMIO D’ITALIA 2026,2026,18,Aston Martin,4224.729,27.978,28.945,28.632,SOFT,9.0,241.9526475499363,323.0,61.89863319092124,10538.700246062977,12166.0,641.1000665746208,83.15333767259372,5.975646879756469,-0.5434080219405223,0.0005826288258890342,0.012207780026126026,0.36968866003610434,0.6271645355353405,4088.919,31.3325,32.3,30.1,51.4825,54.0,48.8,FP3,0.0
615,FORMULA 1 PIRELLI GRAN PREMIO D’ITALIA 2026,2026,22,Racing Bulls,2770.097,27.672,28.333,27.812,SOFT,5.0,251.15905500707197,325.0,61.68626515084511,10843.699288360296,12268.0,640.9683238964246,83.06697828532383,6.422580645161291,-0.21025689630246666,0.0009775686013679126,0.18060661594699595,0.45190708791553336,0.5780736624744595,4088.919,31.3325,32.3,30.1,51.4825,54.0,48.8,FP3,1.0
616,FORMULA 1 PIRELLI GRAN PREMIO D’ITALIA 2026,2026,23,Williams,1985.313,27.35,28.697,28.39,SOFT,6.0,245.13959123669116,333.0,70.03590140292273,10727.49281547683,12617.0,764.5136959977376,78.32852870546704,6.007898894154819,-0.4704059741780914,0.0006766995022405464,0.024359702709061314,0.527469791916834,0.6047339053392397,4088.919,31.3325,32.3,30.1,51.4825,54.0,48.8,FP3,0.0
617,FORMULA 1 PIRELLI GRAN PREMIO D’ITALIA 2026,2026,27,Audi,3727.662,27.214,28.253,27.659,SOFT,2.0,252.16525038739044,332.0,68.29594313241111,10956.670050777922,12352.0,725.5410375640602,80.8371487791482,6.207278481012659,-0.5174174203898506,0.000609643190656841,0.016053109582399503,0.5935673561838049,0.6231101470379854,4088.919,31.3325,32.3,30.1,51.4825,54.0,48.8,FP3,0.0
618,FORMULA 1 PIRELLI GRAN PREMIO D’ITALIA 2026,2026,30,Red Bull Racing,4067.169,27.45,28.179,27.574,SOFT,4.0,248.47494434045637,331.0,68.07309677387363,10885.41363086422,12198.0,777.6323088195405,79.33047090983771,6.3164763458401305,-0.5478362962833648,0.0006041891724597451,0.01605028027511276,0.5789799137201431,0.6488638837079216,4088.919,31.3325,32.3,30.1,51.4825,54.0,48.8,FP3,0.0
619,FORMULA 1 PIRELLI GRAN PREMIO D’ITALIA 2026,2026,31,Haas F1 Team,4059.434,27.461,28.644,27.915,SOFT,5.0,246.9251456384052,330.0,66.4675994199441,10780.17047917707,11952.0,625.9482634232426,80.68259928692054,6.1744,-0.4089127018140731,0.000688998208169594,0.03995361666171137,0.48161262905310365,0.5984687973190308,4088.919,31.3325,32.3,30.1,51.4825,54.0,48.8,FP3,0.0
620,FORMULA 1 PIRELLI GRAN PREMIO D’ITALIA 2026,2026,41,Racing Bulls,3729.349,27.232,28.192,27.3,SOFT,2.0,251.74669550855813,333.0,68.69932926232285,10954.059582401424,12331.0,760.0784112762137,82.9192751736184,6.335987261146497,-0.18271736594600366,0.0009707074146898068,0.20399991085354388,0.5437360669646621,0.5926795191773,4088.919,31.3325,32.3,30.1,51.4825,54.0,48.8,FP3,1.0
621,FORMULA 1 PIRELLI GRAN PREMIO D’ITALIA 2026,2026,43,Alpine,3769.475,27.098,28.174,27.829,SOFT,2.0,259.68978539377787,332.0,62.10603038400938,10943.815993362561,12095.0,565.0898434964777,84.00957966589728,6.252764612954186,0.0199826514833322,0.008830014583866182,2.6714879885037535,0.45096977200744814,0.5926902935906476,4088.919,31.3325,32.3,30.1,51.4825,54.0,48.8,FP3,1.0
622,FORMULA 1 PIRELLI GRAN PREMIO D’ITALIA 2026,2026,44,Ferrari,4108.003,27.046,27.896,27.503,SOFT,4.0,250.5934100245248,337.0,67.03443660675767,10989.492570112361,12573.0,737.0180368884173,81.85577403738918,6.1777059773828755,-0.31782477728956654,0.0007911756805932286,0.06267118515637951,0.2533089743376146,0.5782597479850287,4088.919,31.3325,32.3,30.1,51.4825,54.0,48.8,FP3,1.0
623,FORMULA 1 PIRELLI GRAN PREMIO D’ITALIA 2026,2026,55,Williams,4051.263,27.309,28.492,28.074,SOFT,5.0,248.0761704741368,330.0,68.4315752715819,10812.949946251983,11918.0,683.9437237788115,80.41252085871274,6.017515923566879,-0.1228002578515874,0.00865872849508898,2.8862506525684806,0.4820431768116429,0.5686076326420303,4088.919,31.3325,32.3,30.1,51.4825,54.0,48.8,FP3,0.0
624,FORMULA 1 PIRELLI GRAN PREMIO D’ITALIA 2026,2026,63,Mercedes,4088.919,27.112,27.768,27.339,SOFT,6.0,251.74459313816902,335.0,68.34531775916301,10787.730743035552,11992.0,706.136227610842,80.26562317974559,6.246753246753247,-0.49899104892435814,0.0006602923536359985,0.019393059629944066,0.31938434907683955,0.6158043476798563,4088.919,31.3325,32.3,30.1,51.4825,54.0,48.8,FP3,1.0
625,FORMULA 1 PIRELLI GRAN PREMIO D’ITALIA 2026,2026,77,Cadillac,2775.143,27.608,28.648,28.748,SOFT,8.0,243.19375120730734,332.0,66.44183020024802,10880.340192187934,12297.0,807.9117706896492,79.55988708066427,6.004823151125402,-0.4102198240388365,0.0006773628954361425,0.041015018321371506,0.393319128162596,0.6010055966191775,4088.919,31.3325,32.3,30.1,51.4825,54.0,48.8,FP3,0.0
626,FORMULA 1 PIRELLI GRAN PREMIO D’ITALIA 2026,2026,81,McLaren,4450.814,26.981,27.883,27.909,SOFT,7.0,249.70518925311012,339.0,68.16711071618374,11125.965955992846,12359.0,707.8267495896973,76.65307942196083,6.4,-0.4967519606499927,0.0006092070714112263,0.022187525478544145,0.4842205747280704,0.63610563661676,4088.919,31.3325,32.3,30.1,51.4825,54.0,48.8,FP3,1.0
627,FORMULA 1 PIRELLI GRAN PREMIO D’ITALIA 2026,2026,87,Haas F1 Team,4436.907,27.498,28.41,27.677,SOFT,8.0,248.95866335828248,337.0,68.69653808689824,11049.187670894173,12351.0,659.4951958837037,80.51052406884295,6.055299539170507,-0.4261314344856521,0.0007068558834660262,0.0395851809408778,0.48980554415222594,0.6145462066182136,4088.919,31.3325,32.3,30.1,51.4825,54.0,48.8,FP3,0.0
628,FORMULA 1 TAG HEUER GRAN PREMIO DE ESPAÑA 2026,2026,1,McLaren,3725.362,29.419,34.086,31.442,SOFT,4.0,203.775765842854,324.0,63.45764584176115,10762.98675840386,12185.0,664.2345560469054,62.7627495097377,5.303244005641749,-0.3177234721134192,0.0012062893855068172,0.046367729731482905,0.36503659482523476,0.6587067648133348,3642.477,27.179069767441856,28.2,26.2,49.80930232558139,52.4,46.7,FP1,1.0
629,FORMULA 1 TAG HEUER GRAN PREMIO DE ESPAÑA 2026,2026,3,Red Bull Racing,3766.629,29.358,33.853,31.492,SOFT,2.0,203.64525427332632,322.0,63.055233282007805,10526.24626550263,12435.0,1068.7906569548695,61.736208127258905,5.098885793871866,-0.41187336409612596,0.0011561239234373591,0.02286817727240196,0.6068682343787348,0.6137081554392984,3642.477,27.179069767441856,28.2,26.2,49.80930232558139,52.4,46.7,FP1,1.0
630,FORMULA 1 TAG HEUER GRAN PREMIO DE ESPAÑA 2026,2026,5,Audi,3585.312,29.145,34.304,32.203,SOFT,2.0,201.4121225558254,337.0,64.71377043077459,10822.41532191818,12179.0,691.6520739453622,64.75949391001889,4.7496503496503495,-0.3236731470684374,0.0012991876531337544,0.03808647023514168,0.5224725491200444,0.5841713559640446,3642.477,27.179069767441856,28.2,26.2,49.80930232558139,52.4,46.7,FP1,0.0
631,FORMULA 1 TAG HEUER GRAN PREMIO DE ESPAÑA 2026,2026,10,Alpine,3838.768,29.707,34.181,32.356,SOFT,2.0,199.37291172767365,321.0,64.50556152709491,10640.878655996245,12500.0,844.5947963674115,65.23581874870209,4.607242339832869,-0.40844310166866826,0.0011724365659573595,0.01754593753448269,0.515797700607054,0.5464317336156918,3642.477,27.179069767441856,28.2,26.2,49.80930232558139,52.4,46.7,FP1,0.0
632,FORMULA 1 TAG HEUER GRAN PREMIO DE ESPAÑA 2026,2026,11,Cadillac,3833.801,30.209,35.023,32.918,SOFT,5.0,194.6383855201819,327.0,63.83695711209233,10931.582172065227,12399.0,865.6135689747471,66.13386411368728,4.438356164383562,-0.2679221469031424,0.0012278116185385109,0.09167316501129334,0.5227792534931979,0.5888034823156075,3642.477,27.179069767441856,28.2,26.2,49.80930232558139,52.4,46.7,FP1,0.0
633,FORMULA 1 TAG HEUER GRAN PREMIO DE ESPAÑA 2026,2026,12,Mercedes,3865.001,29.397,33.725,31.241,SOFT,10.0,204.88867856242376,317.0,62.14986059136876,10811.542334889647,12442.0,794.0638619367882,67.09091367398092,4.651063829787234,-0.3395538859791445,0.0011787234313127655,0.05112136947255206,0.413670335082245,0.5808644528636329,3642.477,27.179069767441856,28.2,26.2,49.80930232558139,52.4,46.7,FP1,1.0
634,FORMULA 1 TAG HEUER GRAN PREMIO DE ESPAÑA 2026,2026,14,Aston Martin,4096.098,30.058,34.555,31.86,SOFT,6.0,198.3751799958952,297.0,60.865183535587455,10626.15825783994,11929.0,686.8741548688309,69.9847790505907,4.434357541899441,-0.2070116015331978,0.0013794335648899204,0.06947707981754114,0.5010257046934555,0.6226799646771634,3642.477,27.179069767441856,28.2,26.2,49.80930232558139,52.4,46.7,FP1,0.0
635,FORMULA 1 TAG HEUER GRAN PREMIO DE ESPAÑA 2026,2026,16,Ferrari,4405.248,29.136,33.688,31.712,SOFT,10.0,203.38494848889613,331.0,64.67578361589446,10883.207987291033,12134.0,712.0992586333978,70.51627581373411,4.753191489361702,-0.20980552075496006,0.0014039985131400403,0.1048297787601304,0.538323656661404,0.5600401638491694,3642.477,27.179069767441856,28.2,26.2,49.80930232558139,52.4,46.7,FP1,1.0
636,FORMULA 1 TAG HEUER GRAN PREMIO DE ESPAÑA 2026,2026,18,Aston Martin,4195.559,30.323,34.71,32.221,SOFT,6.0,194.5930782935638,299.0,57.4863393324137,10469.655985005136,12836.0,786.9699902927941,67.70179761062467,4.43191196698762,0.04484577654981201,0.02436903655794864,10.226000831504669,0.4480817905227107,0.6006707411278254,3642.477,27.179069767441856,28.2,26.2,49.80930232558139,52.4,46.7,FP1,0.0
637,FORMULA 1 TAG HEUER GRAN PREMIO DE ESPAÑA 2026,2026,22,Racing Bulls,2385.853,30.021,34.423,32.495,MEDIUM,12.0,197.60781730757535,320.0,65.14973068509929,10630.567332027906,12320.0,1038.5577344682608,66.72297102832869,4.823848238482385,-0.1957631909626546,0.0014398709593365989,0.15016242283533301,0.5953341043020532,0.5632329219908824,3642.477,27.179069767441856,28.2,26.2,49.80930232558139,52.4,46.7,FP1,0.0
638,FORMULA 1 TAG HEUER GRAN PREMIO DE ESPAÑA 2026,2026,23,Williams,4545.86,30.021,34.816,32.754,SOFT,8.0,195.14664966823608,314.0,61.04393681647289,10657.675592800348,12551.0,765.7120122279698,64.48349675803229,4.4993160054719565,-0.3440104101239111,0.0012164248936170803,0.043989239807211186,0.3666218744234697,0.5957331094236636,3642.477,27.179069767441856,28.2,26.2,49.80930232558139,52.4,46.7,FP1,0.0
639,FORMULA 1 TAG HEUER GRAN PREMIO DE ESPAÑA 2026,2026,27,Audi,3947.808,29.374,34.392,31.763,SOFT,2.0,200.2599912869357,335.0,63.424078842512664,10708.270226578374,12573.0,767.5817801049286,66.48153628064773,4.775596072931276,-0.3577739247658524,0.0012447754339265232,0.03387195954750711,0.5029409584816302,0.5324932317465194,3642.477,27.179069767441856,28.2,26.2,49.80930232558139,52.4,46.7,FP1,1.0
640,FORMULA 1 TAG HEUER GRAN PREMIO DE ESPAÑA 2026,2026,30,Red Bull Racing,3019.498,29.753,33.697,32.089,SOFT,5.0,202.134347694725,313.0,64.63152869687312,10620.042215443782,12428.0,1035.476269337658,63.18787004911366,4.987288135593221,-0.3918615989375544,0.0010808247596616458,0.02123554913651789,0.546583326330195,0.5935413061133568,3642.477,27.179069767441856,28.2,26.2,49.80930232558139,52.4,46.7,FP1,1.0
641,FORMULA 1 TAG HEUER GRAN PREMIO DE ESPAÑA 2026,2026,31,Haas F1 Team,4158.1,29.648,34.286,31.9,SOFT,5.0,199.45237213872178,330.0,64.68361810591925,10620.070943987517,11892.0,781.1870516335588,69.0920963239267,4.864335664335664,-0.20253482977986403,0.0013883429444744527,0.09504414131749911,0.5350080228856072,0.5785571500452051,3642.477,27.179069767441856,28.2,26.2,49.80930232558139,52.4,46.7,FP1,0.0
642,FORMULA 1 TAG HEUER GRAN PREMIO DE ESPAÑA 2026,2026,41,Racing Bulls,3692.538,29.383,33.799,31.851,SOFT,8.0,204.13277621710108,321.0,64.35579799887203,10643.264662267266,12303.0,841.4167675970543,68.44924465670802,5.04,-0.388404507304619,0.0011697737610525498,0.028995941287518555,0.5017071674334719,0.575246167351982,3642.477,27.179069767441856,28.2,26.2,49.80930232558139,52.4,46.7,FP1,1.0
643,FORMULA 1 TAG HEUER GRAN PREMIO DE ESPAÑA 2026,2026,43,Alpine,4129.156,29.723,34.031,32.179,SOFT,4.0,201.67762791401637,318.0,63.20494502380502,10709.953666810741,12329.0,688.382815579258,66.86736085202297,4.653259361997226,-0.2615710999640545,0.0013055805684385484,0.05637818056559026,0.2726471251531476,0.5959648811204419,3642.477,27.179069767441856,28.2,26.2,49.80930232558139,52.4,46.7,FP1,1.0
644,FORMULA 1 TAG HEUER GRAN PREMIO DE ESPAÑA 2026,2026,44,Ferrari,2673.896,29.328,33.918,31.374,MEDIUM,14.0,204.01442157411248,330.0,63.190885655443566,10787.32189772724,12650.0,936.5194387531913,68.90091303764046,4.894134477825465,-0.3117045654821524,0.001159613277964456,0.0401623052923374,0.4148048057054359,0.5717139706892752,3642.477,27.179069767441856,28.2,26.2,49.80930232558139,52.4,46.7,FP1,0.0
645,FORMULA 1 TAG HEUER GRAN PREMIO DE ESPAÑA 2026,2026,55,Williams,3954.573,29.957,34.541,32.372,SOFT,6.0,197.3802068093866,315.0,62.44922638616509,10614.840852812253,12338.0,877.8051827888843,65.42945820436864,4.610803324099723,-0.18452748110597672,0.0014700797736946281,0.14062575812925251,0.4111558182187152,0.5998771173913948,3642.477,27.179069767441856,28.2,26.2,49.80930232558139,52.4,46.7,FP1,0.0
646,FORMULA 1 TAG HEUER GRAN PREMIO DE ESPAÑA 2026,2026,63,Mercedes,3642.477,29.187,33.715,31.175,SOFT,9.0,206.42481085064946,315.0,61.72863252351195,10684.38553069364,12184.0,716.3100257566824,66.82984585234846,4.900568181818182,-0.3724088065713581,0.0011554086873116097,0.039319974528673175,0.26306499656471244,0.5992910918007709,3642.477,27.179069767441856,28.2,26.2,49.80930232558139,52.4,46.7,FP1,1.0
647,FORMULA 1 TAG HEUER GRAN PREMIO DE ESPAÑA 2026,2026,77,Cadillac,4514.265,30.164,35.595,33.059,SOFT,10.0,195.62564934130904,331.0,64.09332449920004,10430.042564654304,11959.0,1005.8233207507537,62.765269859499995,4.85149863760218,-0.3792230979611138,0.0011023842850105576,0.02513286539514801,0.5096744243717527,0.59163598356148,3642.477,27.179069767441856,28.2,26.2,49.80930232558139,52.4,46.7,FP1,0.0
648,FORMULA 1 TAG HEUER GRAN PREMIO DE ESPAÑA 2026,2026,81,McLaren,3522.537,29.666,33.938,31.544,SOFT,5.0,201.44611326777488,314.0,63.28756553885807,10775.123006440308,12344.0,768.9173495999304,61.95104320214245,5.210599721059972,-0.17545489906938505,0.0014269055004274606,0.0805374223270336,0.42000020068641064,0.6432784048493541,3642.477,27.179069767441856,28.2,26.2,49.80930232558139,52.4,46.7,FP1,1.0
649,FORMULA 1 TAG HEUER GRAN PREMIO DE ESPAÑA 2026,2026,87,Haas F1 Team,4163.429,29.653,34.666,32.534,SOFT,6.0,199.6063585352683,331.0,64.63949513919218,10866.12815792875,12445.0,724.7527854534391,68.89289942257855,4.670344827586207,-0.28343035571811603,0.0012946545964260523,0.05492135226174768,0.45457632339200116,0.568527188298035,3642.477,27.179069767441856,28.2,26.2,49.80930232558139,52.4,46.7,FP1,0.0
650,FORMULA 1 TAG HEUER GRAN PREMIO DE ESPAÑA 2026,2026,3,Red Bull Racing,2565.677,29.061,33.324,31.678,SOFT,2.0,204.6346246527083,324.0,64.47769096145304,10529.778212396091,12571.0,1033.6197022668016,64.32514206751446,5.116883116883117,-0.1843801079006962,0.0015184544535213659,0.19023947820889303,0.6403423983336416,0.6490209751484897,2638.621,30.158823529411766,30.6,29.4,50.91764705882352,53.1,48.5,FP2,1.0
651,FORMULA 1 TAG HEUER GRAN PREMIO DE ESPAÑA 2026,2026,5,Audi,2961.58,29.113,33.892,32.165,SOFT,2.0,202.40680661457912,333.0,63.76687178470377,10843.707625617923,12573.0,646.8174994591529,67.36025412784358,4.7733711048158645,-0.2843301721326708,0.0012533238681659464,0.07113681372437422,0.38960873194766965,0.5750122154193473,2638.621,30.158823529411766,30.6,29.4,50.91764705882352,53.1,48.5,FP2,0.0
652,FORMULA 1 TAG HEUER GRAN PREMIO DE ESPAÑA 2026,2026,10,Alpine,2999.216,29.249,33.543,32.167,SOFT,2.0,203.08158293608057,323.0,64.7974552640537,10848.007618857631,12406.0,800.1009722958051,65.01965200391363,4.619115549215406,-0.34115170121161714,0.0012501178896404221,0.035142716711958705,0.46276616026136247,0.5293440236921995,2638.621,30.158823529411766,30.6,29.4,50.91764705882352,53.1,48.5,FP2,0.0
653,FORMULA 1 TAG HEUER GRAN PREMIO DE ESPAÑA 2026,2026,11,Cadillac,2583.365,29.832,34.626,32.737,SOFT,2.0,198.64501613899495,329.0,63.09413895749177,10792.406609220656,12339.0,747.6164286976082,66.54754199815072,4.667125171939477,-0.3029629146132331,0.0011778187748946979,0.029461352548782967,0.551487794051183,0.5350567082938698,2638.621,30.158823529411766,30.6,29.4,50.91764705882352,53.1,48.5,FP2,0.0
654,FORMULA 1 TAG HEUER GRAN PREMIO DE ESPAÑA 2026,2026,12,Mercedes,2638.621,28.986,33.545,31.131,SOFT,2.0,203.15016806370687,325.0,59.885714965180796,10889.133028530041,12319.0,760.2093086865381,66.61493007492041,4.554937413073714,0.040400157667876434,1.3183139421490397,748.877436916079,0.5570792333057099,0.6134060953543238,2638.621,30.158823529411766,30.6,29.4,50.91764705882352,53.1,48.5,FP2,1.0
655,FORMULA 1 TAG HEUER GRAN PREMIO DE ESPAÑA 2026,2026,14,Aston Martin,4158.304,29.909,35.128,31.743,SOFT,5.0,199.10290090152864,313.0,60.97680387119246,10472.770887583234,12156.0,629.3573834324282,70.48302428809724,4.569230769230769,-0.37216034737585335,0.0011567439177744827,0.035177990813804225,0.3209863419437852,0.6158111939772534,2638.621,30.158823529411766,30.6,29.4,50.91764705882352,53.1,48.5,FP2,0.0
656,FORMULA 1 TAG HEUER GRAN PREMIO DE ESPAÑA 2026,2026,16,Ferrari,2987.14,28.846,33.427,31.502,SOFT,5.0,204.35590969952136,330.0,63.475480725085475,10828.60954105953,12471.0,765.5191744189642,72.33134698621231,4.8431654676259,-0.15543607092449388,0.0015306485797481493,0.18667920034966626,0.48216385741533246,0.5781173587132119,2638.621,30.158823529411766,30.6,29.4,50.91764705882352,53.1,48.5,FP2,1.0
657,FORMULA 1 TAG HEUER GRAN PREMIO DE ESPAÑA 2026,2026,18,Aston Martin,2662.262,30.072,34.68,32.521,SOFT,2.0,197.47031433949138,312.0,61.46291079224797,10432.492456057154,12460.0,825.5181674821971,66.18400892611314,4.608811748998665,-0.37987507219566136,0.0011389204161111675,0.02818391282740162,0.41851332254333407,0.5903507689291572,2638.621,30.158823529411766,30.6,29.4,50.91764705882352,53.1,48.5,FP2,0.0
658,FORMULA 1 TAG HEUER GRAN PREMIO DE ESPAÑA 2026,2026,22,Racing Bulls,3943.254,28.887,34.063,31.808,SOFT,6.0,201.7906487736961,327.0,64.40047794165558,10628.308733017146,12271.0,1016.6105465024522,68.23103647871135,4.953846153846154,-0.28626290273138394,0.0012231583297704998,0.05557725974411533,0.640868661543357,0.5929899884696276,2638.621,30.158823529411766,30.6,29.4,50.91764705882352,53.1,48.5,FP2,0.0
659,FORMULA 1 TAG HEUER GRAN PREMIO DE ESPAÑA 2026,2026,23,Williams,2756.195,29.863,34.642,32.431,SOFT,2.0,199.4059686906948,321.0,62.44478375537789,10622.664352697086,12053.0,790.8770022401211,65.79712156110864,4.629781420765028,-0.3964931069628559,0.0011585610738869669,0.03157440944613667,0.3923849313413293,0.6015608474533541,2638.621,30.158823529411766,30.6,29.4,50.91764705882352,53.1,48.5,FP2,0.0
660,FORMULA 1 TAG HEUER GRAN PREMIO DE ESPAÑA 2026,2026,27,Audi,2807.14,29.091,34.231,31.738,SOFT,2.0,200.70352059701102,329.0,63.75472290462409,10848.809590134966,12289.0,678.0120040268499,67.75829003935272,4.787204450625869,-0.40521928137957647,0.0012075339007553143,0.030354536715316988,0.3519151425585092,0.5683999316167535,2638.621,30.158823529411766,30.6,29.4,50.91764705882352,53.1,48.5,FP2,1.0
661,FORMULA 1 TAG HEUER GRAN PREMIO DE ESPAÑA 2026,2026,30,Red Bull Racing,2556.819,29.565,33.604,31.769,SOFT,2.0,202.88591462135656,321.0,64.38217679436825,10709.60291908325,12513.0,944.6554881194535,63.205452728657214,4.959039548022599,-0.07354237774210585,0.002028021051506708,0.4376959266330259,0.5112473763303674,0.6211331630191801,2638.621,30.158823529411766,30.6,29.4,50.91764705882352,53.1,48.5,FP2,1.0
662,FORMULA 1 TAG HEUER GRAN PREMIO DE ESPAÑA 2026,2026,31,Haas F1 Team,2817.586,29.266,33.83,31.771,SOFT,2.0,202.80165381602535,332.0,64.30818550252377,10654.512782397785,12034.0,786.4094165068412,71.55118311209326,4.895397489539749,-0.29342087773240094,0.0013013664956881192,0.04946330533567555,0.5479068006328268,0.553616780569087,2638.621,30.158823529411766,30.6,29.4,50.91764705882352,53.1,48.5,FP2,0.0
663,FORMULA 1 TAG HEUER GRAN PREMIO DE ESPAÑA 2026,2026,41,Racing Bulls,2632.24,28.822,33.743,31.325,SOFT,2.0,204.61404842838135,324.0,63.90826221719567,10633.216290422362,12752.0,1006.1185763842818,71.07236023688884,5.087621696801112,-0.2805277389511159,0.0013365479614781,0.0561329803876838,0.6371337321774813,0.57086263609768,2638.621,30.158823529411766,30.6,29.4,50.91764705882352,53.1,48.5,FP2,1.0
664,FORMULA 1 TAG HEUER GRAN PREMIO DE ESPAÑA 2026,2026,43,Alpine,2683.816,29.113,34.482,32.291,SOFT,2.0,200.69180086381147,325.0,64.69738253472381,10693.766100232944,12062.0,673.5559927192606,65.27390594714295,4.642954856361149,-0.39779732533721257,0.00106387504190835,0.019174319654129083,0.36304580970509226,0.5571654718198565,2638.621,30.158823529411766,30.6,29.4,50.91764705882352,53.1,48.5,FP2,1.0
665,FORMULA 1 TAG HEUER GRAN PREMIO DE ESPAÑA 2026,2026,44,Ferrari,2670.583,28.886,33.755,31.17,SOFT,2.0,206.0300314899196,333.0,63.450475703460114,11006.219005960073,12570.0,955.202794858208,70.25850675051403,4.801664355062413,-0.38687426420420923,0.0010882146117217517,0.029738150644911667,0.4356877009351701,0.5858858780768286,2638.621,30.158823529411766,30.6,29.4,50.91764705882352,53.1,48.5,FP2,0.0
666,FORMULA 1 TAG HEUER GRAN PREMIO DE ESPAÑA 2026,2026,55,Williams,2742.329,29.617,34.435,32.239,SOFT,3.0,199.81506932263156,320.0,62.84108491673389,10637.63521284243,12251.0,839.7162320959477,66.9301600032099,4.646492434662998,-0.3242885494312716,0.0011979113248845464,0.055936127221474466,0.3908207724853103,0.5905363466986708,2638.621,30.158823529411766,30.6,29.4,50.91764705882352,53.1,48.5,FP2,0.0
667,FORMULA 1 TAG HEUER GRAN PREMIO DE ESPAÑA 2026,2026,63,Mercedes,2941.144,29.143,33.587,31.269,SOFT,4.0,202.14806094427266,322.0,60.40132663641102,10677.186174084509,12308.0,793.043961935576,67.49837118635715,4.75896700143472,0.04132789195295559,0.02709988315331301,12.813273560033757,0.3599937445873716,0.5896043497039285,2638.621,30.158823529411766,30.6,29.4,50.91764705882352,53.1,48.5,FP2,1.0
668,FORMULA 1 TAG HEUER GRAN PREMIO DE ESPAÑA 2026,2026,77,Cadillac,2801.039,29.796,35.075,32.856,SOFT,2.0,198.4661715147105,331.0,64.62873631651141,10503.39305455334,12211.0,925.618364334322,65.1481346234145,4.866396761133603,-0.3618548366160226,0.0012256154847727718,0.031377143001972564,0.5596918826131267,0.5598055481965147,2638.621,30.158823529411766,30.6,29.4,50.91764705882352,53.1,48.5,FP2,0.0
669,FORMULA 1 TAG HEUER GRAN PREMIO DE ESPAÑA 2026,2026,81,McLaren,2775.987,29.059,33.759,31.382,SOFT,4.0,203.1045833131985,324.0,59.714616071729466,10742.54112157171,12381.0,734.3652590606858,63.788838267169126,5.3342736248236955,-0.05329807218450725,0.0017135698548580611,0.15699219254654173,0.42577762015311066,0.626987690011047,2638.621,30.158823529411766,30.6,29.4,50.91764705882352,53.1,48.5,FP2,1.0
670,FORMULA 1 TAG HEUER GRAN PREMIO DE ESPAÑA 2026,2026,87,Haas F1 Team,2821.692,29.086,33.945,32.172,SOFT,2.0,202.41755889595785,333.0,64.76946167364899,10855.367747268025,12218.0,749.2585064419263,69.6061711991133,4.777158774373259,-0.24810935602513198,0.0012383028904042832,0.0840796977106678,0.5139223344273454,0.5483746703745667,2638.621,30.158823529411766,30.6,29.4,50.91764705882352,53.1,48.5,FP2,0.0
671,FORMULA 1 TAG HEUER GRAN PREMIO DE ESPAÑA 2026,2026,1,McLaren,4983.153,28.894,33.374,30.765,SOFT,3.0,203.8196028944224,330.0,63.818671894388366,10977.788823243905,12705.0,655.2407876341838,61.39102452433635,5.15606936416185,-0.3638554038392905,0.0011560961715624898,0.02656569166017562,0.2610777681281738,0.6037582348692152,5143.958,25.412631578947362,26.8,23.9,46.76526315789472,49.9,42.7,FP3,1.0
672,FORMULA 1 TAG HEUER GRAN PREMIO DE ESPAÑA 2026,2026,3,Red Bull Racing,5190.409,28.675,33.154,31.343,SOFT,2.0,205.5533910321156,325.0,64.35928373200619,10572.086954202496,12384.0,1064.874951919579,64.87372321446459,5.124463519313305,-0.1388442796515792,0.001492942124981395,0.15126192459047721,0.6305287829287539,0.6201441467571346,5143.958,25.412631578947362,26.8,23.9,46.76526315789472,49.9,42.7,FP3,1.0
673,FORMULA 1 TAG HEUER GRAN PREMIO DE ESPAÑA 2026,2026,5,Audi,5275.694,29.187,33.789,31.312,SOFT,5.0,204.60138952641287,328.0,64.70328838925117,10872.389948816997,12141.0,733.8113255431208,70.46109707419255,4.79606188466948,-0.14202709985684925,0.0016055351741324489,0.27201736300354173,0.5030912605363078,0.6324516002246755,5143.958,25.412631578947362,26.8,23.9,46.76526315789472,49.9,42.7,FP3,0.0
674,FORMULA 1 TAG HEUER GRAN PREMIO DE ESPAÑA 2026,2026,10,Alpine,4776.088,29.249,34.267,31.455,SOFT,7.0,202.92686291890294,323.0,65.87860426216007,10648.993866219482,12335.0,827.2538445575992,64.88143956189894,4.751412429378531,-0.25447194843327803,0.0013961776646209754,0.1035060081368952,0.36453086104304117,0.5797691454040612,5143.958,25.412631578947362,26.8,23.9,46.76526315789472,49.9,42.7,FP3,0.0
675,FORMULA 1 TAG HEUER GRAN PREMIO DE ESPAÑA 2026,2026,11,Cadillac,5198.056,29.389,34.68,32.372,SOFT,5.0,200.91800541939332,330.0,63.478488966321706,10799.01665352047,12384.0,727.0552576021039,66.17968792597391,4.720547945205479,-0.39222428911059715,0.0011456134869930702,0.021022953841695446,0.5295102877652008,0.5471582102413597,5143.958,25.412631578947362,26.8,23.9,46.76526315789472,49.9,42.7,FP3,0.0
676,FORMULA 1 TAG HEUER GRAN PREMIO DE ESPAÑA 2026,2026,12,Mercedes,5143.958,28.683,33.306,30.808,SOFT,4.0,207.59372038050194,330.0,64.07207040605572,10854.787286511622,12373.0,744.10029100631,69.10503093626156,4.728693181818182,-0.3936552143056736,0.0012305831821442814,0.022956662383427504,0.48404274013491466,0.6182244398029084,5143.958,25.412631578947362,26.8,23.9,46.76526315789472,49.9,42.7,FP3,1.0
677,FORMULA 1 TAG HEUER GRAN PREMIO DE ESPAÑA 2026,2026,14,Aston Martin,5184.343,29.645,33.978,31.397,SOFT,5.0,202.6835696224673,318.0,61.256041008587495,10573.649852984247,12053.0,602.1367912230997,69.97157269259527,4.64656381486676,-0.33842092308729127,0.0011821902976043017,0.04551001060971519,0.32191760101754585,0.5760141942338113,5143.958,25.412631578947362,26.8,23.9,46.76526315789472,49.9,42.7,FP3,0.0
678,FORMULA 1 TAG HEUER GRAN PREMIO DE ESPAÑA 2026,2026,16,Ferrari,4846.713,28.81,33.083,31.07,SOFT,2.0,204.8601786603517,333.0,62.836958765210625,10808.989496438486,12525.0,752.3740374676598,71.39001865388462,4.84692417739628,-0.3456569705034299,0.001199704729374571,0.03987500512495427,0.4718513797737909,0.6022293234358318,5143.958,25.412631578947362,26.8,23.9,46.76526315789472,49.9,42.7,FP3,1.0
679,FORMULA 1 TAG HEUER GRAN PREMIO DE ESPAÑA 2026,2026,18,Aston Martin,5123.574,29.721,34.061,31.788,SOFT,4.0,202.2128814076741,317.0,61.55260853943437,10450.57358781879,12288.0,679.8771511252319,73.61685599977518,4.683492496589359,-0.2382747349690876,0.0013813888378561635,0.12734482265721045,0.5001217753464877,0.6269666150435186,5143.958,25.412631578947362,26.8,23.9,46.76526315789472,49.9,42.7,FP3,0.0
680,FORMULA 1 TAG HEUER GRAN PREMIO DE ESPAÑA 2026,2026,22,Racing Bulls,5168.986,29.207,33.786,31.572,SOFT,2.0,203.41852835294918,326.0,64.77404291858608,10676.32694447215,12442.0,1057.7901230808295,69.22301429210951,4.945070422535212,-0.25946716615736776,0.0013079728403094946,0.05811811377803166,0.6390560074228286,0.6131419925134498,5143.958,25.412631578947362,26.8,23.9,46.76526315789472,49.9,42.7,FP3,0.0
681,FORMULA 1 TAG HEUER GRAN PREMIO DE ESPAÑA 2026,2026,27,Audi,5130.432,28.637,33.806,31.49,SOFT,2.0,204.14628826726747,335.0,64.95081516904155,10796.31419543771,12253.0,771.7794699792765,69.94796707596124,4.895833333333333,-0.38775808107189136,0.0011794121039729296,0.023208772418380846,0.4155679466611958,0.5602472957704215,5143.958,25.412631578947362,26.8,23.9,46.76526315789472,49.9,42.7,FP3,1.0
682,FORMULA 1 TAG HEUER GRAN PREMIO DE ESPAÑA 2026,2026,30,Red Bull Racing,5084.74,29.08,33.34,31.482,SOFT,4.0,205.06290720451622,324.0,64.19175527433151,10683.680571604105,12108.0,883.7934152742363,65.14574029597752,5.042936288088643,-0.3163614548367491,0.0012353108827551508,0.043385854544649084,0.5362983506575347,0.6440861199870234,5143.958,25.412631578947362,26.8,23.9,46.76526315789472,49.9,42.7,FP3,1.0
683,FORMULA 1 TAG HEUER GRAN PREMIO DE ESPAÑA 2026,2026,31,Haas F1 Team,5033.086,28.999,33.907,31.524,SOFT,2.0,203.74693898477489,329.0,63.047870127642206,10481.211003216713,12157.0,835.5789132195495,71.76182788067302,5.041322314049586,-0.3466545064084602,0.0012715758862471842,0.05227651463143437,0.4978425604803391,0.5926551561020053,5143.958,25.412631578947362,26.8,23.9,46.76526315789472,49.9,42.7,FP3,0.0
684,FORMULA 1 TAG HEUER GRAN PREMIO DE ESPAÑA 2026,2026,41,Racing Bulls,5059.524,29.182,33.759,31.564,SOFT,4.0,204.55863386576314,328.0,64.20563045413003,10618.679390698795,12459.0,945.8360711707383,69.79683735110933,5.074175824175824,-0.40043880733285087,0.0012458183209876406,0.026929832413327692,0.58334822528362,0.5690843338010093,5143.958,25.412631578947362,26.8,23.9,46.76526315789472,49.9,42.7,FP3,1.0
685,FORMULA 1 TAG HEUER GRAN PREMIO DE ESPAÑA 2026,2026,43,Alpine,5176.296,29.034,33.877,31.435,SOFT,5.0,204.16022030110437,325.0,63.96259113284354,10627.626862489062,12427.0,787.7725939811421,66.17576770273918,4.782978723404256,-0.33770664347948776,0.0012527474919391784,0.040613818229539904,0.3111521576333196,0.5908593308879228,5143.958,25.412631578947362,26.8,23.9,46.76526315789472,49.9,42.7,FP3,1.0
686,FORMULA 1 TAG HEUER GRAN PREMIO DE ESPAÑA 2026,2026,44,Ferrari,1820.864,29.598,33.387,31.299,SOFT,2.0,205.4208560405605,329.0,63.605019058305835,10808.826551584436,12263.0,812.5795339661457,68.88498853519364,4.878581173260573,-0.4075375479038889,0.0010833373416912434,0.027239354115510896,0.35505213748940156,0.5959349393787307,5143.958,25.412631578947362,26.8,23.9,46.76526315789472,49.9,42.7,FP3,0.0
687,FORMULA 1 TAG HEUER GRAN PREMIO DE ESPAÑA 2026,2026,55,Williams,5345.753,29.398,34.1,31.966,SOFT,5.0,202.01672671476538,320.0,64.38752132669971,10628.916371789976,12275.0,925.6752266275937,67.82395905652218,4.726896551724138,-0.34946744195327,0.001151215103559652,0.03694301700907242,0.4404007810318998,0.58631050091026,5143.958,25.412631578947362,26.8,23.9,46.76526315789472,49.9,42.7,FP3,0.0
688,FORMULA 1 TAG HEUER GRAN PREMIO DE ESPAÑA 2026,2026,63,Mercedes,4896.257,28.696,33.621,31.182,SOFT,2.0,205.3334264413063,331.0,64.62857132236402,10712.359476778645,12281.0,826.7143788983348,65.0080932572632,4.789250353606789,-0.21766370178608757,0.0015113233410450199,0.11781692559522884,0.42109876236423743,0.6197900766873344,5143.958,25.412631578947362,26.8,23.9,46.76526315789472,49.9,42.7,FP3,1.0
689,FORMULA 1 TAG HEUER GRAN PREMIO DE ESPAÑA 2026,2026,77,Cadillac,5164.156,29.441,34.654,32.575,SOFT,5.0,199.7901618303436,331.0,64.01326018179556,10573.256415361102,12396.0,952.6820491291672,66.5243006640741,4.9030054644808745,-0.334333611421769,0.0011782576892268508,0.047727301381933256,0.4824730204734473,0.6130866989111221,5143.958,25.412631578947362,26.8,23.9,46.76526315789472,49.9,42.7,FP3,0.0
690,FORMULA 1 TAG HEUER GRAN PREMIO DE ESPAÑA 2026,2026,81,McLaren,5251.453,28.698,33.324,30.964,SOFT,5.0,208.2125329628189,328.0,63.78448639118673,10838.334387757795,12265.0,726.5526772380038,62.971460413216285,5.384068278805121,-0.33330415872739927,0.0012759770349827742,0.043742349790382315,0.49788671425250275,0.6359331882121126,5143.958,25.412631578947362,26.8,23.9,46.76526315789472,49.9,42.7,FP3,1.0
691,FORMULA 1 TAG HEUER GRAN PREMIO DE ESPAÑA 2026,2026,87,Haas F1 Team,5046.228,29.017,33.872,31.592,SOFT,2.0,204.01247929803688,329.0,63.747748754399765,10826.127566435442,12210.0,818.7209986579076,71.23362145211287,4.86027397260274,-0.3436137340097761,0.0012693371072454533,0.0340323442917099,0.42689051203312894,0.5304165687290249,5143.958,25.412631578947362,26.8,23.9,46.76526315789472,49.9,42.7,FP3,0.0
692,FORMULA 1 QATAR AIRWAYS AZERBAIJAN GRAND PRIX 2026,2026,1,McLaren,4023.208,37.702,43.525,25.754,MEDIUM,10.0,258.0,258.0,0.0,10882.0,10882.0,0.0,104.0,7.0,,731794711673.4388,35184372088832.0,,,3143.431,29.10657894736842,30.0,28.0,50.35,51.3,49.0,FP1,0.0
693,FORMULA 1 QATAR AIRWAYS AZERBAIJAN GRAND PRIX 2026,2026,10,Alpine,3060.634,37.907,43.809,25.327,HARD,12.0,200.07500218101777,325.0,81.85908833642179,10704.787235471384,12590.0,748.2527141159441,65.42062087164285,4.562115621156211,-0.24166561792272562,0.0011380394650540079,0.11615011242451262,0.34664629088583804,0.6752130223434573,3143.431,29.10657894736842,30.0,28.0,50.35,51.3,49.0,FP1,0.0
694,FORMULA 1 QATAR AIRWAYS AZERBAIJAN GRAND PRIX 2026,2026,11,Cadillac,4056.026,37.93,43.985,25.338,MEDIUM,10.0,248.0,248.0,0.0,11188.0,11188.0,0.0,104.0,6.0,,201877639290.3565,10995116277760.0,,,3143.431,29.10657894736842,30.0,28.0,50.35,51.3,49.0,FP1,0.0
695,FORMULA 1 QATAR AIRWAYS AZERBAIJAN GRAND PRIX 2026,2026,12,Mercedes,1767.428,37.683,43.559,25.023,HARD,7.0,201.02964454096048,332.0,81.85560657552907,10583.514247138983,12333.0,1054.151596715086,64.02345921159824,4.636591478696742,-0.25884025196693766,0.0011458321852084615,0.10799666107413508,0.5667110730126736,0.6880033421660556,3143.431,29.10657894736842,30.0,28.0,50.35,51.3,49.0,FP1,1.0
696,FORMULA 1 QATAR AIRWAYS AZERBAIJAN GRAND PRIX 2026,2026,14,Aston Martin,3628.956,37.88,44.167,25.788,MEDIUM,7.0,199.74419100174208,319.0,77.45540767911554,10424.523161601492,12058.0,849.3017928523301,70.54866101790977,4.911220715166461,-0.29707871586988716,0.0011739616840409487,0.07373311766596793,0.522262579609484,0.6805252190289164,3143.431,29.10657894736842,30.0,28.0,50.35,51.3,49.0,FP1,0.0
697,FORMULA 1 QATAR AIRWAYS AZERBAIJAN GRAND PRIX 2026,2026,16,Ferrari,3367.942,37.151,43.429,25.211,MEDIUM,8.0,204.1506433575168,326.0,80.09791148586669,10607.510600707517,12410.0,963.4270052749237,70.60320463772287,4.847989949748744,-0.3337628634094833,0.0011691866500421857,0.04618385495965783,0.59724129160148,0.6324776079882881,3143.431,29.10657894736842,30.0,28.0,50.35,51.3,49.0,FP1,1.0
698,FORMULA 1 QATAR AIRWAYS AZERBAIJAN GRAND PRIX 2026,2026,18,Aston Martin,4446.246,38.339,44.239,25.969,MEDIUM,7.0,199.3025995589706,315.0,77.62850860684071,10490.635469808172,12212.0,926.4582956204733,69.4104642747483,4.90458488228005,-0.408699537184891,0.001053699780866143,0.025672414291927518,0.5807735926003945,0.6706898514323039,3143.431,29.10657894736842,30.0,28.0,50.35,51.3,49.0,FP1,0.0
699,FORMULA 1 QATAR AIRWAYS AZERBAIJAN GRAND PRIX 2026,2026,23,Williams,3838.324,38.011,43.723,25.205,SOFT,6.0,179.91024511750254,321.0,63.74604834594065,10787.887120185867,12399.0,947.2597855501483,69.34006782728781,3.945409429280397,0.01766374608277367,58821987430.45004,21990232555520.0,0.4244871246420878,0.5574556633888076,3143.431,29.10657894736842,30.0,28.0,50.35,51.3,49.0,FP1,0.0
700,FORMULA 1 QATAR AIRWAYS AZERBAIJAN GRAND PRIX 2026,2026,27,Audi,2917.189,38.043,43.624,25.204,SOFT,4.0,200.65444602357456,337.0,82.59437639252745,10572.805144218844,12926.0,948.5996786368459,65.91925444112724,4.784713375796178,-0.19703541531042082,0.0013579092137036555,0.18315904976295344,0.5194123387272979,0.6133722342936956,3143.431,29.10657894736842,30.0,28.0,50.35,51.3,49.0,FP1,0.0
701,FORMULA 1 QATAR AIRWAYS AZERBAIJAN GRAND PRIX 2026,2026,3,Red Bull Racing,2884.273,37.602,42.988,25.197,SOFT,4.0,202.10727323150923,325.0,78.59714525562705,10779.536432985811,12979.0,971.6317395674436,64.86157789946039,4.85971685971686,-0.3193733412491398,0.001123501489513192,0.06524522353515565,0.4773423144095295,0.6548777078630655,3143.431,29.10657894736842,30.0,28.0,50.35,51.3,49.0,FP1,1.0
702,FORMULA 1 QATAR AIRWAYS AZERBAIJAN GRAND PRIX 2026,2026,30,Racing Bulls,3645.238,37.704,43.58,25.156,MEDIUM,4.0,201.12535350952353,324.0,81.40642370863095,10762.221769979265,12637.0,1031.865339007548,66.9650667664827,4.833540372670807,-0.4221414502345052,0.0010808900390750428,0.028224303768488196,0.49958371795245154,0.6710143726254895,3143.431,29.10657894736842,30.0,28.0,50.35,51.3,49.0,FP1,0.0
703,FORMULA 1 QATAR AIRWAYS AZERBAIJAN GRAND PRIX 2026,2026,31,Haas F1 Team,3780.066,37.695,43.675,25.254,SOFT,4.0,199.92199444178357,326.0,80.73846512522488,10474.322038165023,11959.0,880.0583861465873,66.39411429159323,4.815326633165829,-0.26814964988743933,0.0011357955355838765,0.09142271248472678,0.6498341460191494,0.6497817234326652,3143.431,29.10657894736842,30.0,28.0,50.35,51.3,49.0,FP1,1.0
704,FORMULA 1 QATAR AIRWAYS AZERBAIJAN GRAND PRIX 2026,2026,41,Racing Bulls,4435.94,37.814,43.733,25.054,MEDIUM,7.0,200.65472053167179,327.0,81.71483253429525,10633.834446618364,12605.0,1072.6599384111837,66.35582879400785,4.930291508238276,-0.3152425072899757,0.0011595078771194415,0.07047716611563228,0.5762394026594807,0.616056910237171,3143.431,29.10657894736842,30.0,28.0,50.35,51.3,49.0,FP1,1.0
705,FORMULA 1 QATAR AIRWAYS AZERBAIJAN GRAND PRIX 2026,2026,43,Alpine,2528.369,38.086,44.167,25.27,SOFT,4.0,200.0894110016525,325.0,81.61461893985069,10685.536185695648,12590.0,779.2801451551559,66.42096162314755,4.576230492196879,-0.3281033626605025,0.0010662860097048446,0.0524185902928495,0.3707165845336195,0.6045190361292435,3143.431,29.10657894736842,30.0,28.0,50.35,51.3,49.0,FP1,0.0
706,FORMULA 1 QATAR AIRWAYS AZERBAIJAN GRAND PRIX 2026,2026,44,Ferrari,3566.868,37.279,43.358,25.187,MEDIUM,8.0,203.8554564364757,327.0,79.23985174807169,10734.67774425599,12639.0,941.9178968400249,70.7492780385467,4.930730478589421,-0.41551401714482245,0.0010123385451153337,0.02805129440121776,0.30743568328661114,0.6442974383019212,3143.431,29.10657894736842,30.0,28.0,50.35,51.3,49.0,FP1,1.0
707,FORMULA 1 QATAR AIRWAYS AZERBAIJAN GRAND PRIX 2026,2026,5,Audi,4427.788,38.03,43.353,25.305,SOFT,6.0,202.62816460445757,328.0,79.66326940615562,10677.336661261837,12485.0,863.5687992548056,68.89618950111775,4.791826309067688,-0.4090928874620907,0.001074774553228082,0.03856682873385291,0.5193586477524401,0.6485115981955292,3143.431,29.10657894736842,30.0,28.0,50.35,51.3,49.0,FP1,0.0
708,FORMULA 1 QATAR AIRWAYS AZERBAIJAN GRAND PRIX 2026,2026,55,Williams,4075.448,37.996,43.433,25.464,SOFT,12.0,184.0,184.0,0.0,11445.0,11445.0,0.0,104.0,4.0,,91989572086.70312,2748779069440.0,,,3143.431,29.10657894736842,30.0,28.0,50.35,51.3,49.0,FP1,1.0
709,FORMULA 1 QATAR AIRWAYS AZERBAIJAN GRAND PRIX 2026,2026,6,Red Bull Racing,1599.182,38.266,44.452,25.155,HARD,6.0,198.77645596568678,330.0,82.76551573027913,10445.730966018511,12222.0,1124.9453238250637,62.13010527597707,4.882205513784461,-0.35756132962496373,0.0011142019276918476,0.04310629231978346,0.6748520909129897,0.7020038022125774,3143.431,29.10657894736842,30.0,28.0,50.35,51.3,49.0,FP1,1.0
710,FORMULA 1 QATAR AIRWAYS AZERBAIJAN GRAND PRIX 2026,2026,63,Mercedes,3143.431,37.336,43.319,24.732,SOFT,6.0,201.55862120107903,335.0,83.15514276030775,10535.090460043479,12533.0,951.8792399421175,66.24210935661087,4.748762376237623,-0.46197850895113485,0.0010348314786704004,0.021097515734906702,0.46595591770106604,0.6453118541020981,3143.431,29.10657894736842,30.0,28.0,50.35,51.3,49.0,FP1,1.0
711,FORMULA 1 QATAR AIRWAYS AZERBAIJAN GRAND PRIX 2026,2026,77,Cadillac,3162.329,38.516,44.746,26.053,MEDIUM,10.0,196.51502247484373,320.0,79.4181970069692,10408.418601304793,12324.0,1009.1460155723819,64.673442194709,4.787515006002401,-0.3950187344316837,0.0010166181135821978,0.027346330082815437,0.4698692336907141,0.6590458662256093,3143.431,29.10657894736842,30.0,28.0,50.35,51.3,49.0,FP1,0.0
712,FORMULA 1 QATAR AIRWAYS AZERBAIJAN GRAND PRIX 2026,2026,81,McLaren,4475.042,37.756,43.311,25.331,SOFT,7.0,202.18199716662025,325.0,80.16427973310823,10872.819948324879,12315.0,776.3080653159423,62.542340521325876,5.025094102885822,-0.3823849505712678,0.0011322988618360872,0.036906879688520675,0.5662859408214145,0.6909761911626248,3143.431,29.10657894736842,30.0,28.0,50.35,51.3,49.0,FP1,0.0
713,FORMULA 1 QATAR AIRWAYS AZERBAIJAN GRAND PRIX 2026,2026,87,Haas F1 Team,3802.065,37.858,43.893,25.243,SOFT,6.0,200.2482478484125,328.0,81.36998996275665,10511.076730211127,12465.0,992.1098208737851,67.63030591744443,4.824257425742574,-0.34979282203627987,0.001069556983316874,0.05273336849975184,0.5883103362934368,0.6611967483595058,3143.431,29.10657894736842,30.0,28.0,50.35,51.3,49.0,FP1,1.0
714,FORMULA 1 QATAR AIRWAYS AZERBAIJAN GRAND PRIX 2026,2026,1,McLaren,2924.476,36.89,42.713,25.228,SOFT,2.0,205.71158125497342,321.0,79.01872239634775,10917.108728270125,12689.0,765.8422300820835,65.43895898467859,5.1841432225063935,-0.34246274622358325,0.0011229089118248217,0.04768487658093836,0.43911708298260915,0.7030185882887409,3423.735,29.30823529411764,29.6,29.0,44.879999999999995,49.1,40.7,FP2,0.0
715,FORMULA 1 QATAR AIRWAYS AZERBAIJAN GRAND PRIX 2026,2026,3,Red Bull Racing,3140.852,36.723,42.675,24.776,SOFT,4.0,206.3551843073813,330.0,80.4338708971148,10808.39579494871,12475.0,913.1880350687741,66.61392458822841,4.966494845360825,-0.44022725294059467,0.0009808542421786647,0.023603771985604715,0.549526114320084,0.6849012641173914,3423.735,29.30823529411764,29.6,29.0,44.879999999999995,49.1,40.7,FP2,1.0
716,FORMULA 1 QATAR AIRWAYS AZERBAIJAN GRAND PRIX 2026,2026,5,Audi,2992.582,37.391,43.017,25.386,SOFT,2.0,205.298660321484,322.0,79.22763389048983,10717.914910061154,12534.0,788.3344582759745,68.81480947726472,4.915617128463476,-0.39098445911511176,0.0009924170311486143,0.04589652282545716,0.41680992513056847,0.6516738124970692,3423.735,29.30823529411764,29.6,29.0,44.879999999999995,49.1,40.7,FP2,0.0
717,FORMULA 1 QATAR AIRWAYS AZERBAIJAN GRAND PRIX 2026,2026,6,Red Bull Racing,3021.569,36.99,43.096,24.782,SOFT,3.0,205.10094073219946,331.0,81.49303971866077,10651.509919575645,12288.0,979.7731892633286,66.14457416760787,5.023809523809524,-0.01132703283059331,0.05123560887481308,39.98654764919271,0.6229795415839825,0.6536301284198158,3423.735,29.30823529411764,29.6,29.0,44.879999999999995,49.1,40.7,FP2,1.0
718,FORMULA 1 QATAR AIRWAYS AZERBAIJAN GRAND PRIX 2026,2026,10,Alpine,3373.62,37.144,42.722,24.977,SOFT,6.0,203.08039625925693,327.0,80.41731664910436,10798.539144745273,12573.0,758.060732654132,67.78731054034265,4.603316326530612,-0.3297206777523546,0.0010654600485178584,0.05042529783295633,0.23206861781790053,0.6412425274350381,3423.735,29.30823529411764,29.6,29.0,44.879999999999995,49.1,40.7,FP2,0.0
719,FORMULA 1 QATAR AIRWAYS AZERBAIJAN GRAND PRIX 2026,2026,11,Cadillac,3190.28,37.376,43.441,24.943,SOFT,5.0,201.9259599388747,332.0,82.2135364935847,10657.03512247075,12554.0,936.7064867595766,65.46627366263995,4.757306226175349,-0.34357611000783383,0.0011425356350646338,0.04458538739258458,0.6009562242749616,0.674933104439209,3423.735,29.30823529411764,29.6,29.0,44.879999999999995,49.1,40.7,FP2,0.0
720,FORMULA 1 QATAR AIRWAYS AZERBAIJAN GRAND PRIX 2026,2026,12,Mercedes,3534.368,36.556,42.724,24.619,SOFT,7.0,204.94962512849546,334.0,81.80426435949249,10663.489845100163,12715.0,993.2270147902537,66.79193231556859,4.700621118012422,-0.3783905383346737,0.0010630464003252562,0.050241624333687715,0.5034323899436903,0.6461719984285677,3423.735,29.30823529411764,29.6,29.0,44.879999999999995,49.1,40.7,FP2,1.0
721,FORMULA 1 QATAR AIRWAYS AZERBAIJAN GRAND PRIX 2026,2026,14,Aston Martin,1512.867,37.767,44.086,26.036,SOFT,5.0,198.79130568862834,309.0,76.17602563419425,10329.376934182115,11889.0,899.8907589252186,69.9220605386186,4.949382716049382,0.012709992378073387,0.018285501345750833,13.281719185500046,0.5783726653395714,0.6511086073080384,3423.735,29.30823529411764,29.6,29.0,44.879999999999995,49.1,40.7,FP2,0.0
722,FORMULA 1 QATAR AIRWAYS AZERBAIJAN GRAND PRIX 2026,2026,16,Ferrari,3015.972,36.844,42.857,24.772,SOFT,3.0,204.22840238452963,336.0,82.65059904479224,10635.15727194003,12565.0,1038.673703418879,69.88302480882423,4.8103666245259165,-0.43576664903062484,0.001009073463316225,0.02236221824581568,0.6883539076920049,0.6403576305062817,3423.735,29.30823529411764,29.6,29.0,44.879999999999995,49.1,40.7,FP2,1.0
723,FORMULA 1 QATAR AIRWAYS AZERBAIJAN GRAND PRIX 2026,2026,18,Aston Martin,3285.624,37.765,43.9,25.738,SOFT,5.0,197.7100252948281,315.0,78.17435948964942,10453.722412038542,12123.0,936.7703416933579,68.34534217004844,4.8325,-0.39621209589537926,0.001092217848280501,0.040499103009830104,0.62955487377486,0.6849080633230001,3423.735,29.30823529411764,29.6,29.0,44.879999999999995,49.1,40.7,FP2,0.0
724,FORMULA 1 QATAR AIRWAYS AZERBAIJAN GRAND PRIX 2026,2026,23,Williams,2870.445,37.867,43.233,25.023,SOFT,2.0,200.55910340780173,329.0,82.53791956053672,10711.017054307691,12377.0,704.6720714370456,65.80255338099171,4.631319358816276,-0.3588007935316857,0.001088158556551665,0.0401310233859597,0.30252508197207734,0.6382108369610493,3423.735,29.30823529411764,29.6,29.0,44.879999999999995,49.1,40.7,FP2,0.0
725,FORMULA 1 QATAR AIRWAYS AZERBAIJAN GRAND PRIX 2026,2026,27,Audi,3774.433,37.671,43.01,25.173,SOFT,4.0,204.11217694339356,327.0,78.70675257386893,10624.021160858822,12473.0,845.488998512601,69.38228180382592,4.919053549190536,-0.3994275931597749,0.000973431310647754,0.03461867118256974,0.46422443628747095,0.6485361440492899,3423.735,29.30823529411764,29.6,29.0,44.879999999999995,49.1,40.7,FP2,0.0
726,FORMULA 1 QATAR AIRWAYS AZERBAIJAN GRAND PRIX 2026,2026,30,Racing Bulls,3122.378,37.343,43.414,24.924,SOFT,4.0,202.36586468339036,329.0,81.37343651767577,10733.934417665227,12644.0,1057.4914209092915,65.64683877844543,4.901140684410646,-0.3228096400681081,0.0010858923194598774,0.05964714599976192,0.5499032790755676,0.6167355798701416,3423.735,29.30823529411764,29.6,29.0,44.879999999999995,49.1,40.7,FP2,0.0
727,FORMULA 1 QATAR AIRWAYS AZERBAIJAN GRAND PRIX 2026,2026,31,Haas F1 Team,3113.764,37.086,43.045,25.159,SOFT,4.0,203.19959421831774,326.0,79.91448608915859,10539.039181372631,12247.0,889.2046427064031,69.09245995862551,4.939317319848294,-0.3867786752579487,0.0011288774568672946,0.031919100965926143,0.6163380951046332,0.6451567748718081,3423.735,29.30823529411764,29.6,29.0,44.879999999999995,49.1,40.7,FP2,1.0
728,FORMULA 1 QATAR AIRWAYS AZERBAIJAN GRAND PRIX 2026,2026,41,Racing Bulls,1766.067,37.952,43.601,24.838,MEDIUM,2.0,205.17977099268006,331.0,83.90329311240133,10640.486658891843,12661.0,1131.730055661853,67.7463973311732,4.984943538268507,-0.350081877847174,0.0010748389669755956,0.038425481580774475,0.5939001194502586,0.6421161168145513,3423.735,29.30823529411764,29.6,29.0,44.879999999999995,49.1,40.7,FP2,1.0
729,FORMULA 1 QATAR AIRWAYS AZERBAIJAN GRAND PRIX 2026,2026,43,Alpine,3363.096,37.516,42.867,25.096,SOFT,6.0,203.8189319929048,326.0,80.72385431576387,10754.639294299252,12407.0,698.189297703644,67.64607096886374,4.712101910828025,-0.3993447013320873,0.0010916436949291578,0.02493495008968279,0.21674042625668527,0.6422201361295234,3423.735,29.30823529411764,29.6,29.0,44.879999999999995,49.1,40.7,FP2,0.0
730,FORMULA 1 QATAR AIRWAYS AZERBAIJAN GRAND PRIX 2026,2026,44,Ferrari,3118.236,36.845,42.832,24.988,SOFT,3.0,204.16286990108435,332.0,80.92204612856152,10749.551014563936,12489.0,902.303307372865,70.65333754366392,4.870229007633588,-0.23464248337904187,0.0012532259222201585,0.1303892970570396,0.3588927548298679,0.6253618926756258,3423.735,29.30823529411764,29.6,29.0,44.879999999999995,49.1,40.7,FP2,1.0
731,FORMULA 1 QATAR AIRWAYS AZERBAIJAN GRAND PRIX 2026,2026,55,Williams,3003.931,37.626,43.279,25.316,SOFT,3.0,201.8655082810666,327.0,80.99878519530645,10952.91532373734,12611.0,731.8992659878184,66.43416781886404,4.4693366708385485,-0.3046278460975008,0.001155945761652293,0.0687144134874469,0.18934858058898432,0.636213407171888,3423.735,29.30823529411764,29.6,29.0,44.879999999999995,49.1,40.7,FP2,1.0
732,FORMULA 1 QATAR AIRWAYS AZERBAIJAN GRAND PRIX 2026,2026,63,Mercedes,3423.735,36.616,42.235,24.496,SOFT,7.0,207.06206428271864,339.0,82.31816471330124,10590.989141198024,12808.0,1002.93170574683,68.32761998011742,4.891276864728193,-0.4011988620167119,0.0010298835141349157,0.03168982004628601,0.43699791650378833,0.6526350425768565,3423.735,29.30823529411764,29.6,29.0,44.879999999999995,49.1,40.7,FP2,1.0
733,FORMULA 1 QATAR AIRWAYS AZERBAIJAN GRAND PRIX 2026,2026,77,Cadillac,3188.107,37.801,43.626,25.31,SOFT,5.0,200.8383308887735,329.0,80.97256248518471,10523.846828711836,12305.0,1021.2451673912655,67.52347734047571,4.886792452830188,-0.3260911663720026,0.0011040619865243233,0.06302357712399319,0.5153651635235899,0.6364348532652094,3423.735,29.30823529411764,29.6,29.0,44.879999999999995,49.1,40.7,FP2,0.0
734,FORMULA 1 QATAR AIRWAYS AZERBAIJAN GRAND PRIX 2026,2026,81,McLaren,3047.11,36.73,42.588,25.539,SOFT,3.0,203.7464523217961,325.0,80.68648428098513,10909.115150689355,12527.0,735.7345493430391,63.96535550729137,5.12531328320802,-0.4179523758168762,0.0010320582321277783,0.02522452807474964,0.5627884151062168,0.6950550244840981,3423.735,29.30823529411764,29.6,29.0,44.879999999999995,49.1,40.7,FP2,0.0
735,FORMULA 1 QATAR AIRWAYS AZERBAIJAN GRAND PRIX 2026,2026,87,Haas F1 Team,1885.123,37.764,43.61,25.427,UNKNOWN,8.0,196.8175075517576,323.0,79.67479172175565,10484.76002300079,12470.0,1000.2623169407907,66.88332942603286,4.752168525402726,-0.39350916742942166,0.0010806113052308482,0.0394847652768464,0.5612441952915612,0.6584610218783172,3423.735,29.30823529411764,29.6,29.0,44.879999999999995,49.1,40.7,FP2,1.0
736,FORMULA 1 QATAR AIRWAYS AZERBAIJAN GRAND PRIX 2026,2026,1,McLaren,3940.199,36.756,42.474,25.669,SOFT,4.0,204.91626760893098,318.0,77.67928439715644,10815.956548238955,12657.0,730.3255581386209,67.15096329697616,5.248101265822785,-0.266931507279597,0.001181337146707236,0.11544749572891465,0.41668544636776444,0.6976288589546801,4295.429,25.377777777777784,25.6,25.0,43.54197530864197,46.7,0.0,FP3,0.0
737,FORMULA 1 QATAR AIRWAYS AZERBAIJAN GRAND PRIX 2026,2026,10,Alpine,4479.309,37.261,42.722,24.654,SOFT,6.0,205.72869225615926,340.0,83.19752073753295,10709.666076545045,12318.0,851.1915392069387,67.18705968766608,4.70076726342711,-0.3482710199314813,0.0011916088372655289,0.051669676438614066,0.48648146461467223,0.6568117951623691,4295.429,25.377777777777784,25.6,25.0,43.54197530864197,46.7,0.0,FP3,0.0
738,FORMULA 1 QATAR AIRWAYS AZERBAIJAN GRAND PRIX 2026,2026,11,Cadillac,4492.584,37.164,43.004,25.836,SOFT,6.0,205.25738468003135,320.0,76.69841858928035,10589.186072797711,12407.0,891.5367620702955,68.49196373514337,4.974811083123425,-0.27965385592406955,0.0010064417055873616,0.08625812923780998,0.49210735202774264,0.6446589622455956,4295.429,25.377777777777784,25.6,25.0,43.54197530864197,46.7,0.0,FP3,0.0
739,FORMULA 1 QATAR AIRWAYS AZERBAIJAN GRAND PRIX 2026,2026,12,Mercedes,3659.001,36.821,42.259,25.193,SOFT,5.0,206.8676114909424,327.0,79.47650208774022,10684.985910546926,12300.0,869.5672372853528,68.45636045988745,4.7474358974358974,-0.4353567797590031,0.0009569510650239182,0.020921917757865772,0.4534375074706578,0.6781947051036487,4295.429,25.377777777777784,25.6,25.0,43.54197530864197,46.7,0.0,FP3,1.0
740,FORMULA 1 QATAR AIRWAYS AZERBAIJAN GRAND PRIX 2026,2026,14,Aston Martin,4489.282,37.252,43.172,26.088,SOFT,8.0,200.31447340659605,314.0,77.66230358508142,10454.953143215327,12099.0,844.2714459497724,69.42641122762906,4.940954773869347,-0.18831468885897792,0.0013771273246625058,0.21484070650303633,0.5000897197104996,0.6481361191276688,4295.429,25.377777777777784,25.6,25.0,43.54197530864197,46.7,0.0,FP3,0.0
741,FORMULA 1 QATAR AIRWAYS AZERBAIJAN GRAND PRIX 2026,2026,16,Ferrari,3909.962,36.483,42.628,25.433,SOFT,3.0,204.25709703331393,322.0,78.60710690154127,10708.957439125239,12442.0,867.0565850786768,71.10099682830791,4.819693094629156,-0.43290020140515384,0.0010112247980977856,0.02493696800381395,0.4421237546402373,0.6421358124727023,4295.429,25.377777777777784,25.6,25.0,43.54197530864197,46.7,0.0,FP3,1.0
742,FORMULA 1 QATAR AIRWAYS AZERBAIJAN GRAND PRIX 2026,2026,18,Aston Martin,2360.458,38.768,44.278,26.233,SOFT,7.0,195.55599617252994,309.0,76.77282585913835,10406.969259271693,12064.0,987.6534230868567,68.2325452286436,4.796226415094339,-0.2710431734936291,0.0010926571356806988,0.10152482411225797,0.5788075970520754,0.6442324696614964,4295.429,25.377777777777784,25.6,25.0,43.54197530864197,46.7,0.0,FP3,0.0
743,FORMULA 1 QATAR AIRWAYS AZERBAIJAN GRAND PRIX 2026,2026,23,Williams,4505.483,37.475,43.336,25.265,SOFT,7.0,198.93337098497338,328.0,81.77319753664008,10559.304421575738,12322.0,841.3635587594335,66.09619389321686,4.594147582697201,-0.29830651362949,0.0011415999571779314,0.08113215888222021,0.47157890595883123,0.657859735430718,4295.429,25.377777777777784,25.6,25.0,43.54197530864197,46.7,0.0,FP3,0.0
744,FORMULA 1 QATAR AIRWAYS AZERBAIJAN GRAND PRIX 2026,2026,27,Audi,3708.382,37.456,42.821,25.721,SOFT,3.0,202.8531635171192,322.0,77.74980621150594,10551.349293224153,12309.0,843.8566106726987,69.9494805213244,4.933168316831683,-0.42614754838673746,0.0010036469720590242,0.024577713235235905,0.4273505141130438,0.6515794523655565,4295.429,25.377777777777784,25.6,25.0,43.54197530864197,46.7,0.0,FP3,0.0
745,FORMULA 1 QATAR AIRWAYS AZERBAIJAN GRAND PRIX 2026,2026,3,Red Bull Racing,4295.429,36.536,42.053,25.333,SOFT,9.0,205.74992884091665,322.0,77.58266896762957,10772.027004798634,12730.0,898.9494278681876,65.13186571935877,5.030612244897959,-0.3009788999264625,0.0011234669673441462,0.0883453176250394,0.44622682153421134,0.6396679942880863,4295.429,25.377777777777784,25.6,25.0,43.54197530864197,46.7,0.0,FP3,1.0
746,FORMULA 1 QATAR AIRWAYS AZERBAIJAN GRAND PRIX 2026,2026,30,Racing Bulls,4306.239,37.457,42.992,25.773,SOFT,7.0,200.84061208859305,319.0,77.10167528450468,10619.995378620026,12514.0,942.246358559534,67.20306628705978,4.924623115577889,-0.220026970797468,0.0011181822483230632,0.0888675101191083,0.49127133155430874,0.6207019373569211,4295.429,25.377777777777784,25.6,25.0,43.54197530864197,46.7,0.0,FP3,0.0
747,FORMULA 1 QATAR AIRWAYS AZERBAIJAN GRAND PRIX 2026,2026,31,Haas F1 Team,4500.625,37.309,43.028,25.581,SOFT,8.0,203.43915185836013,321.0,77.4047669605693,10526.778741242468,11969.0,837.779034294917,68.68078868122518,4.917407878017789,-0.3251903153433829,0.0010613680415557394,0.05427158145314802,0.5955576576814503,0.6379324727957046,4295.429,25.377777777777784,25.6,25.0,43.54197530864197,46.7,0.0,FP3,1.0
748,FORMULA 1 QATAR AIRWAYS AZERBAIJAN GRAND PRIX 2026,2026,41,Racing Bulls,4231.753,37.576,43.296,25.399,SOFT,7.0,200.53179126880866,327.0,79.0745150349161,10576.544899737406,12554.0,1057.625495774285,67.85118070367066,4.914110429447852,-0.15801082417172313,0.0014671879235862257,0.2759369860290517,0.5504689395563989,0.6397285337596375,4295.429,25.377777777777784,25.6,25.0,43.54197530864197,46.7,0.0,FP3,1.0
749,FORMULA 1 QATAR AIRWAYS AZERBAIJAN GRAND PRIX 2026,2026,43,Alpine,4485.785,37.354,42.878,25.36,SOFT,6.0,204.02266445950875,325.0,80.17129246166773,10656.567788767801,12525.0,765.8020694052499,68.27375157430157,4.747155499367889,-0.43882817681876674,0.001006546937830183,0.021182147272527922,0.28601107015927596,0.6573042968381586,4295.429,25.377777777777784,25.6,25.0,43.54197530864197,46.7,0.0,FP3,0.0
750,FORMULA 1 QATAR AIRWAYS AZERBAIJAN GRAND PRIX 2026,2026,44,Ferrari,4511.017,36.592,42.506,24.935,SOFT,5.0,206.0918991265256,334.0,79.87909716292249,10930.329880316858,12608.0,950.7106746245955,72.09347090347428,4.852864583333333,-0.38476253611830763,0.0010189196533748497,0.04303337992601579,0.28731987527134983,0.6176545124876622,4295.429,25.377777777777784,25.6,25.0,43.54197530864197,46.7,0.0,FP3,1.0
751,FORMULA 1 QATAR AIRWAYS AZERBAIJAN GRAND PRIX 2026,2026,5,Audi,4062.636,37.358,42.974,25.522,SOFT,5.0,201.82815245342042,327.0,79.15914351801592,10628.966576828363,12252.0,818.5906746116713,69.43170015457571,4.825710754017305,-0.3281885183660742,0.0011177753666085566,0.05679377495097494,0.4942869030178049,0.6544434428277243,4295.429,25.377777777777784,25.6,25.0,43.54197530864197,46.7,0.0,FP3,0.0
752,FORMULA 1 QATAR AIRWAYS AZERBAIJAN GRAND PRIX 2026,2026,55,Williams,4242.789,37.167,43.153,25.285,SOFT,5.0,203.31844791510014,327.0,81.39312766670686,10766.135748759894,12592.0,930.7576162957615,68.88590224464815,4.6522277227722775,-0.39928590447227497,0.0011093465252291965,0.042322006626674825,0.37872131403970843,0.6612743013720737,4295.429,25.377777777777784,25.6,25.0,43.54197530864197,46.7,0.0,FP3,1.0
753,FORMULA 1 QATAR AIRWAYS AZERBAIJAN GRAND PRIX 2026,2026,6,Red Bull Racing,4468.851,37.06,42.578,25.538,SOFT,9.0,203.37533959245252,321.0,78.41528116039316,10579.277202625017,12109.0,950.4824542033039,68.26719399042955,5.032051282051282,-0.423893153352083,0.0010579564073979542,0.03152459204034821,0.5344439320282051,0.6811707467678453,4295.429,25.377777777777784,25.6,25.0,43.54197530864197,46.7,0.0,FP3,1.0
754,FORMULA 1 QATAR AIRWAYS AZERBAIJAN GRAND PRIX 2026,2026,63,Mercedes,3635.702,36.57,42.225,25.226,SOFT,5.0,206.6265755247611,329.0,80.0550179265136,10617.75667870716,12669.0,972.1713285027478,68.57806322991341,4.788311688311689,-0.4086930397475766,0.0010144422406095975,0.032248690795434125,0.44288844016160145,0.6577698207102046,4295.429,25.377777777777784,25.6,25.0,43.54197530864197,46.7,0.0,FP3,1.0
755,FORMULA 1 QATAR AIRWAYS AZERBAIJAN GRAND PRIX 2026,2026,77,Cadillac,4479.49,38.552,44.14,25.895,SOFT,6.0,196.3451496141464,323.0,79.96338849843015,10374.118194670835,12293.0,1042.85961591156,66.23158414801833,4.8012345679012345,-0.3401861088967966,0.001193552951733096,0.04736518536423681,0.5338379644157444,0.6824549991833924,4295.429,25.377777777777784,25.6,25.0,43.54197530864197,46.7,0.0,FP3,0.0
756,FORMULA 1 QATAR AIRWAYS AZERBAIJAN GRAND PRIX 2026,2026,81,McLaren,4430.447,36.667,42.686,25.393,SOFT,8.0,205.2125204779379,323.0,78.2818982480236,10882.08911280966,12541.0,766.0311736511985,65.74531398173515,5.200504413619168,-0.36931580863176966,0.0010682112594009201,0.03799667447872742,0.47253939108323445,0.6849812017005942,4295.429,25.377777777777784,25.6,25.0,43.54197530864197,46.7,0.0,FP3,0.0
757,FORMULA 1 QATAR AIRWAYS AZERBAIJAN GRAND PRIX 2026,2026,87,Haas F1 Team,4118.819,37.239,42.886,25.567,SOFT,6.0,204.5005152685329,320.0,77.94018088394418,10569.979138035538,12428.0,893.6221467765914,70.43047365690755,4.975369458128079,-0.25275404911222316,0.001221470038389207,0.12270313207156518,0.5140251615766107,0.6298373819808947,4295.429,25.377777777777784,25.6,25.0,43.54197530864197,46.7,0.0,FP3,1.0
758,FORMULA 1 GULF AIR BAHRAIN GRAND PRIX IN MALAYSIA 2026,2026,1,McLaren,3059.728,25.24,33.145,40.908,SOFT,2.0,195.97630522288193,311.0,70.93099872620557,10715.370766088496,12767.0,919.1189814750817,58.96116396796067,5.075898801597869,-0.04653718361618043,0.005449382567035985,1.6244290442882074,0.30199805357261345,0.6903939119739488,2856.374,32.555,33.8,31.8,54.05875000000001,58.1,0.0,FP1,1.0
759,FORMULA 1 GULF AIR BAHRAIN GRAND PRIX IN MALAYSIA 2026,2026,3,Red Bull Racing,2856.374,25.236,32.563,39.721,SOFT,2.0,201.85363363208137,311.0,73.53612353199317,10738.706559266968,12659.0,1010.9269276758498,60.82260407223573,4.861788617886178,-0.3661347184549229,0.0013339096722962294,0.05286166638699168,0.4785600165094269,0.6593429536196348,2856.374,32.555,33.8,31.8,54.05875000000001,58.1,0.0,FP1,1.0
760,FORMULA 1 GULF AIR BAHRAIN GRAND PRIX IN MALAYSIA 2026,2026,5,Audi,3235.164,25.674,33.331,40.543,SOFT,2.0,197.82033602169577,310.0,72.31646967517216,10707.584771802072,12540.0,622.0112550043139,63.931827569396106,4.72972972972973,-0.06555497135696099,0.014095423401506815,9.474907465621982,0.2436225950400141,0.662438291902049,2856.374,32.555,33.8,31.8,54.05875000000001,58.1,0.0,FP1,0.0
761,FORMULA 1 GULF AIR BAHRAIN GRAND PRIX IN MALAYSIA 2026,2026,6,Red Bull Racing,2578.245,25.423,32.547,40.333,SOFT,2.0,200.15850610482042,310.0,74.73201920988697,10369.593320955188,12398.0,1289.016255528727,60.76303016768504,5.021505376344086,-0.2293721344326428,0.001601643932919845,0.18314163327798239,0.6982019286199617,0.7005619412855589,2856.374,32.555,33.8,31.8,54.05875000000001,58.1,0.0,FP1,1.0
762,FORMULA 1 GULF AIR BAHRAIN GRAND PRIX IN MALAYSIA 2026,2026,10,Alpine,3050.416,25.132,33.068,40.515,SOFT,2.0,200.87200611051966,321.0,73.31855975136622,10720.119481666881,12226.0,719.3918869898172,64.3767915316778,4.615384615384615,-0.06228902839466746,0.0036419995865300966,1.7222226887695258,0.46831252328110407,0.6056144280077106,2856.374,32.555,33.8,31.8,54.05875000000001,58.1,0.0,FP1,0.0
763,FORMULA 1 GULF AIR BAHRAIN GRAND PRIX IN MALAYSIA 2026,2026,11,Cadillac,3024.428,25.795,33.945,41.08,SOFT,2.0,195.7782520942126,326.0,72.34784702906681,10633.56863811029,12474.0,1079.4566965051886,63.86984026414225,4.658823529411765,-0.438302239773447,0.0013575844026434683,0.026539052759524888,0.6377436048669076,0.6555249561040047,2856.374,32.555,33.8,31.8,54.05875000000001,58.1,0.0,FP1,0.0
764,FORMULA 1 GULF AIR BAHRAIN GRAND PRIX IN MALAYSIA 2026,2026,12,Mercedes,2992.467,25.636,32.656,40.288,SOFT,2.0,200.0094379676956,305.0,72.3289742879473,10694.830083438772,12396.0,867.4651812965187,64.5169624106166,4.583892617449664,-0.07650499355251496,0.013862744378208683,7.978871723212147,0.4166762088277762,0.6901109445754408,2856.374,32.555,33.8,31.8,54.05875000000001,58.1,0.0,FP1,1.0
765,FORMULA 1 GULF AIR BAHRAIN GRAND PRIX IN MALAYSIA 2026,2026,14,Aston Martin,3390.548,25.775,33.378,40.53,SOFT,2.0,198.44182367088044,302.0,70.50275442110117,10577.561978484586,12502.0,703.0749037452009,67.06982202675137,4.798709677419355,-0.5141023308885796,0.0012012082113616823,0.02723747528724643,0.3546054814253138,0.6609691239304296,2856.374,32.555,33.8,31.8,54.05875000000001,58.1,0.0,FP1,1.0
766,FORMULA 1 GULF AIR BAHRAIN GRAND PRIX IN MALAYSIA 2026,2026,16,Ferrari,2684.044,25.479,32.584,40.304,SOFT,2.0,200.2359532969363,319.0,72.02672787802821,10812.449770928588,12253.0,671.2694481379395,68.62720868418495,4.680592991913747,-0.4928734752464311,0.0012617887022903322,0.02374759712821816,0.3841304997229484,0.670941664859801,2856.374,32.555,33.8,31.8,54.05875000000001,58.1,0.0,FP1,1.0
767,FORMULA 1 GULF AIR BAHRAIN GRAND PRIX IN MALAYSIA 2026,2026,18,Aston Martin,3835.625,25.857,33.757,40.799,SOFT,2.0,195.86752302260666,301.0,69.1153019715464,10566.228916280628,12335.0,888.2288841367982,65.78356471470866,4.798684210526316,-0.2161917581691172,0.0014805329577084925,0.19665350326412182,0.4470783622535315,0.6852681366342002,2856.374,32.555,33.8,31.8,54.05875000000001,58.1,0.0,FP1,0.0
768,FORMULA 1 GULF AIR BAHRAIN GRAND PRIX IN MALAYSIA 2026,2026,23,Williams,3429.221,25.699,33.496,41.126,SOFT,2.0,198.00575935615973,317.0,73.10234541151004,10575.357485237828,12610.0,956.8866813068433,63.18318557580788,4.64889466840052,-0.20474021043109186,0.0018292871605087439,0.25093111802153356,0.4879397264923476,0.659207472264232,2856.374,32.555,33.8,31.8,54.05875000000001,58.1,0.0,FP1,0.0
769,FORMULA 1 GULF AIR BAHRAIN GRAND PRIX IN MALAYSIA 2026,2026,27,Audi,3247.747,25.615,33.128,40.468,SOFT,2.0,198.81264455127695,307.0,72.45851206198458,10693.682125149331,12371.0,672.7306372113811,67.22277337976575,4.72317880794702,-0.42581041280723375,0.0013324821621050781,0.028695044563223,0.39088328111371906,0.6456554096564223,2856.374,32.555,33.8,31.8,54.05875000000001,58.1,0.0,FP1,0.0
770,FORMULA 1 GULF AIR BAHRAIN GRAND PRIX IN MALAYSIA 2026,2026,30,Racing Bulls,2624.866,25.465,32.921,40.72,SOFT,2.0,198.92930738633513,325.0,73.43560240668018,10829.688121312805,12733.0,1121.8959790812305,63.04834372489962,4.741978609625669,-0.194713752324456,0.0014934526924841294,0.21162220872298554,0.5740632290388056,0.6318138782910454,2856.374,32.555,33.8,31.8,54.05875000000001,58.1,0.0,FP1,1.0
771,FORMULA 1 GULF AIR BAHRAIN GRAND PRIX IN MALAYSIA 2026,2026,31,Haas F1 Team,3640.771,25.479,33.569,41.11,SOFT,2.0,197.4333133791126,331.0,73.91187786194443,10343.327608607284,12151.0,1124.786357018045,64.51165555196032,4.850066934404284,-0.06402387244366718,0.05249497084827215,38.207323389769044,0.6585388313279649,0.6047036122185516,2856.374,32.555,33.8,31.8,54.05875000000001,58.1,0.0,FP1,0.0
772,FORMULA 1 GULF AIR BAHRAIN GRAND PRIX IN MALAYSIA 2026,2026,41,Racing Bulls,2168.925,25.513,33.067,40.617,SOFT,2.0,197.19752146458993,320.0,73.80462548959143,10611.555881256332,12513.0,875.3663192840584,64.59677792117992,4.8385345997286295,-0.4122299206733123,0.0013093521829493113,0.05118319080203893,0.41425615371736846,0.6206539610480746,2856.374,32.555,33.8,31.8,54.05875000000001,58.1,0.0,FP1,1.0
773,FORMULA 1 GULF AIR BAHRAIN GRAND PRIX IN MALAYSIA 2026,2026,43,Alpine,2495.352,25.562,33.838,41.131,SOFT,5.0,193.23861289744332,322.0,74.62380179884876,10482.316780738878,12923.0,824.9351008760955,60.639396066520156,4.460927152317881,-0.17267570547046043,0.00179617699122307,0.2945927825947339,0.4173658907441873,0.6453286483299366,2856.374,32.555,33.8,31.8,54.05875000000001,58.1,0.0,FP1,0.0
774,FORMULA 1 GULF AIR BAHRAIN GRAND PRIX IN MALAYSIA 2026,2026,44,Ferrari,2671.837,25.391,32.667,40.532,SOFT,2.0,200.8615541620751,322.0,72.34724389546282,10777.24681623573,12757.0,995.4652569063882,67.61326340985308,4.78,-0.3841728586141584,0.0013400269899275,0.05225911722279764,0.43969985166704034,0.6508517245693133,2856.374,32.555,33.8,31.8,54.05875000000001,58.1,0.0,FP1,1.0
775,FORMULA 1 GULF AIR BAHRAIN GRAND PRIX IN MALAYSIA 2026,2026,55,Williams,3343.883,25.58,33.893,41.132,SOFT,2.0,198.28125040124152,315.0,73.3723230054132,10446.614958789696,12128.0,828.5386766289499,63.62926268461408,4.731770833333333,-0.06335982933570068,0.02184622631142114,15.299715530991728,0.4624137184581503,0.67551639283271,2856.374,32.555,33.8,31.8,54.05875000000001,58.1,0.0,FP1,0.0
776,FORMULA 1 GULF AIR BAHRAIN GRAND PRIX IN MALAYSIA 2026,2026,63,Mercedes,2752.799,25.419,32.496,39.988,SOFT,3.0,200.57388403676129,312.0,71.23744219045712,10503.43840565554,12696.0,925.9037554583666,64.55796860777595,4.816216216216216,-0.013430576869127504,0.0033605687134307385,1.5278606793305118,0.34598484342995045,0.6499279174485533,2856.374,32.555,33.8,31.8,54.05875000000001,58.1,0.0,FP1,0.0
777,FORMULA 1 GULF AIR BAHRAIN GRAND PRIX IN MALAYSIA 2026,2026,77,Cadillac,3239.554,25.728,33.879,41.193,SOFT,2.0,195.71163567933064,335.0,71.82877104740564,10587.722103593105,12268.0,882.8917193030875,60.50203623761139,4.73936170212766,-0.3060905485057009,0.001440256597017029,0.09298701678213629,0.4862901130326915,0.6491643259716631,2856.374,32.555,33.8,31.8,54.05875000000001,58.1,0.0,FP1,0.0
778,FORMULA 1 GULF AIR BAHRAIN GRAND PRIX IN MALAYSIA 2026,2026,81,McLaren,2801.264,25.455,33.014,40.807,SOFT,2.0,197.81805787507946,311.0,72.89787817870643,10815.055212467674,12492.0,783.5569975677244,58.92519348618235,5.021476510067114,-0.07611139678380528,0.0018193088602468045,0.36309938558205773,0.40062289924377875,0.6634924321338334,2856.374,32.555,33.8,31.8,54.05875000000001,58.1,0.0,FP1,1.0
779,FORMULA 1 GULF AIR BAHRAIN GRAND PRIX IN MALAYSIA 2026,2026,87,Haas F1 Team,3644.467,25.751,33.553,41.007,SOFT,2.0,196.80035104550726,328.0,73.41101242545672,10509.266752370399,12307.0,1050.6969259240495,64.23783957954579,4.760695187165775,-0.04584982644009543,0.852837930997733,636.7158242054569,0.5590901567097608,0.6704626955675231,2856.374,32.555,33.8,31.8,54.05875000000001,58.1,0.0,FP1,0.0
780,FORMULA 1 GULF AIR BAHRAIN GRAND PRIX IN MALAYSIA 2026,2026,1,McLaren,2285.64,25.208,32.47,39.987,SOFT,2.0,200.4751845513908,319.0,73.05438131525128,10869.623879225768,12572.0,709.1033380232014,62.97925461029574,5.166666666666667,-0.16105078311669474,0.0014375300473620488,0.16248745810622647,0.08410559934243259,0.6991079988602062,2250.375,33.279761904761905,34.0,32.9,54.81190476190477,62.7,0.0,FP2,1.0
781,FORMULA 1 GULF AIR BAHRAIN GRAND PRIX IN MALAYSIA 2026,2026,10,Alpine,1969.221,25.377,32.911,40.3,MEDIUM,2.0,198.3050886292278,319.0,72.16956667431732,10682.560407301176,12599.0,705.8246482561912,65.55755031404648,4.558904109589041,-0.10476387356153521,0.0027019744088035203,0.8558604280902009,0.2822326441349878,0.6610481909712699,2250.375,33.279761904761905,34.0,32.9,54.81190476190477,62.7,0.0,FP2,0.0
782,FORMULA 1 GULF AIR BAHRAIN GRAND PRIX IN MALAYSIA 2026,2026,11,Cadillac,1927.461,25.805,33.999,41.134,SOFT,2.0,194.80996077190218,324.0,72.51557646858619,10318.9946803263,12111.0,1171.580131929467,62.36836637348321,4.787798408488063,-0.2524537193479474,0.001575643528005671,0.10776725616247719,0.6776322724139066,0.6502354611638722,2250.375,33.279761904761905,34.0,32.9,54.81190476190477,62.7,0.0,FP2,0.0
783,FORMULA 1 GULF AIR BAHRAIN GRAND PRIX IN MALAYSIA 2026,2026,12,Mercedes,1144.678,25.413,32.451,40.196,MEDIUM,2.0,201.43764829521453,322.0,73.24814791609654,10670.789280306426,12395.0,917.7916935484491,65.23141336257399,4.635262449528937,-0.15809323273372672,0.0015356892046072639,0.17099664806452602,0.4397795678324039,0.6892806654451659,2250.375,33.279761904761905,34.0,32.9,54.81190476190477,62.7,0.0,FP2,1.0
784,FORMULA 1 GULF AIR BAHRAIN GRAND PRIX IN MALAYSIA 2026,2026,14,Aston Martin,2108.253,25.669,33.252,40.557,SOFT,2.0,197.52026042810851,309.0,70.06109623026869,10551.189132134874,12065.0,699.4075092271027,67.6849999208472,4.758855585831062,-0.25649860985401124,0.0014942523380905184,0.127362002029462,0.4325204846372181,0.6536364344938427,2250.375,33.279761904761905,34.0,32.9,54.81190476190477,62.7,0.0,FP2,1.0
785,FORMULA 1 GULF AIR BAHRAIN GRAND PRIX IN MALAYSIA 2026,2026,16,Ferrari,2250.375,25.371,32.266,39.891,SOFT,3.0,204.40437560376685,311.0,72.89174350613645,10796.52461998384,12327.0,785.724483012689,71.81262655048253,4.800277392510402,-0.11961436125280633,0.001963811429348028,0.47748295270859553,0.5215629308961712,0.7021937135031675,2250.375,33.279761904761905,34.0,32.9,54.81190476190477,62.7,0.0,FP2,1.0
786,FORMULA 1 GULF AIR BAHRAIN GRAND PRIX IN MALAYSIA 2026,2026,18,Aston Martin,2126.066,25.919,33.559,40.672,SOFT,2.0,198.3959946193186,305.0,68.78443410813986,10431.234802906063,12546.0,943.5127892822904,67.23845849086565,4.995956873315364,-0.11788490953431568,0.003562410488771017,0.8242054335052006,0.48889585714245826,0.6711386413254176,2250.375,33.279761904761905,34.0,32.9,54.81190476190477,62.7,0.0,FP2,0.0
787,FORMULA 1 GULF AIR BAHRAIN GRAND PRIX IN MALAYSIA 2026,2026,23,Williams,2012.183,25.582,33.633,41.006,SOFT,3.0,199.42167764796486,317.0,74.10547850374395,10404.369174163967,12318.0,872.722259992129,62.563328229865775,4.790387182910547,-0.40000335804422116,0.001320562345919651,0.05290585878505696,0.4599032976853562,0.6517160151690616,2250.375,33.279761904761905,34.0,32.9,54.81190476190477,62.7,0.0,FP2,0.0
788,FORMULA 1 GULF AIR BAHRAIN GRAND PRIX IN MALAYSIA 2026,2026,27,Audi,2079.43,25.759,32.857,40.493,SOFT,2.0,199.247205447756,309.0,73.70609216038237,10638.532271139029,12762.0,763.6151740147299,66.53929825676627,4.771857923497268,-0.3498357251393956,0.0015457187921679718,0.06128792806641239,0.4160609724134044,0.6610289629889121,2250.375,33.279761904761905,34.0,32.9,54.81190476190477,62.7,0.0,FP2,0.0
789,FORMULA 1 GULF AIR BAHRAIN GRAND PRIX IN MALAYSIA 2026,2026,3,Red Bull Racing,1156.857,25.186,32.433,40.166,MEDIUM,2.0,201.05649462348663,317.0,74.43721941860268,10621.172303014824,12539.0,990.0530315249737,58.64156033015903,4.904569892473118,-0.4300242646557469,0.0012958485147843998,0.04365124016679998,0.5635231330785052,0.6886487828822979,2250.375,33.279761904761905,34.0,32.9,54.81190476190477,62.7,0.0,FP2,1.0
790,FORMULA 1 GULF AIR BAHRAIN GRAND PRIX IN MALAYSIA 2026,2026,30,Racing Bulls,1891.634,25.352,33.02,40.124,SOFT,2.0,200.84871046797602,323.0,74.91868933330976,10557.324837370803,12281.0,1242.3623187111866,64.76488589039378,4.937158469945355,-0.5063302554959402,0.0012000006780213978,0.022091212740148407,0.6260428454391399,0.6531653284095089,2250.375,33.279761904761905,34.0,32.9,54.81190476190477,62.7,0.0,FP2,1.0
791,FORMULA 1 GULF AIR BAHRAIN GRAND PRIX IN MALAYSIA 2026,2026,31,Haas F1 Team,1039.3,25.656,33.134,40.571,MEDIUM,2.0,200.39427908013386,319.0,71.82049642751826,10396.755823283787,11890.0,1119.6425954980195,65.30967244028867,4.948818897637795,-0.11739131567339887,0.0020610252334715856,0.5186110469234004,0.646516004654358,0.6327483455297425,2250.375,33.279761904761905,34.0,32.9,54.81190476190477,62.7,0.0,FP2,0.0
792,FORMULA 1 GULF AIR BAHRAIN GRAND PRIX IN MALAYSIA 2026,2026,41,Racing Bulls,1056.578,25.431,33.006,40.443,MEDIUM,2.0,198.29092524425923,319.0,74.76227543979752,10302.07495121652,12590.0,1321.7059974066522,64.2730348709575,5.027704485488127,-0.2380926915753844,0.0014083876708360107,0.129303597699394,0.591359488474218,0.6265129533805832,2250.375,33.279761904761905,34.0,32.9,54.81190476190477,62.7,0.0,FP2,1.0
793,FORMULA 1 GULF AIR BAHRAIN GRAND PRIX IN MALAYSIA 2026,2026,43,Alpine,1106.475,26.27,35.315,41.806,MEDIUM,2.0,188.9404713234595,323.0,71.1716351085949,10535.752419382863,12419.0,899.4608075638154,60.11477541949431,4.290281329923274,-0.2822426435883315,0.0014929247258223366,0.12062899408273164,0.576461133113354,0.6400024207860412,2250.375,33.279761904761905,34.0,32.9,54.81190476190477,62.7,0.0,FP2,0.0
794,FORMULA 1 GULF AIR BAHRAIN GRAND PRIX IN MALAYSIA 2026,2026,44,Ferrari,2139.044,25.36,32.333,40.14,SOFT,2.0,201.47124224674434,312.0,71.67816318059113,10838.66646227242,12548.0,842.5001707112986,68.081779699162,4.775204359673024,-0.07905334588208182,0.0018590153010616802,0.39412997141264366,0.25381643171680063,0.6638622593112714,2250.375,33.279761904761905,34.0,32.9,54.81190476190477,62.7,0.0,FP2,1.0
795,FORMULA 1 GULF AIR BAHRAIN GRAND PRIX IN MALAYSIA 2026,2026,5,Audi,2416.543,25.612,32.991,40.448,SOFT,2.0,199.73620356126798,313.0,73.26290295318861,10660.461334899586,12226.0,644.6324195265428,66.7431811458257,4.769433465085639,-0.46201312236893205,0.001278204593692676,0.03655605636051461,0.4375256072603445,0.6598923336175012,2250.375,33.279761904761905,34.0,32.9,54.81190476190477,62.7,0.0,FP2,0.0
796,FORMULA 1 GULF AIR BAHRAIN GRAND PRIX IN MALAYSIA 2026,2026,55,Williams,1848.093,25.718,33.562,40.65,SOFT,2.0,197.64927036431942,319.0,74.85631740109457,10381.441136293286,12181.0,858.0337883983492,63.90788052516068,4.757936507936508,-0.28127595860413596,0.0015010358327327885,0.13305002121121054,0.41809679122339793,0.6630094456809575,2250.375,33.279761904761905,34.0,32.9,54.81190476190477,62.7,0.0,FP2,0.0
797,FORMULA 1 GULF AIR BAHRAIN GRAND PRIX IN MALAYSIA 2026,2026,6,Red Bull Racing,2630.322,25.189,32.229,40.209,SOFT,2.0,201.94970646020624,308.0,74.94472858606106,10546.975917991691,12759.0,1129.9526932886172,62.698217885480254,5.0,-0.4159636255075324,0.0013148314148110662,0.04660286952930863,0.614647617194565,0.7306912501074921,2250.375,33.279761904761905,34.0,32.9,54.81190476190477,62.7,0.0,FP2,1.0
798,FORMULA 1 GULF AIR BAHRAIN GRAND PRIX IN MALAYSIA 2026,2026,63,Mercedes,1134.379,25.351,32.62,40.049,MEDIUM,2.0,201.74125799899141,326.0,73.95183880276937,10659.364009428544,12510.0,808.2338989533894,64.50939482444934,4.690026954177897,-0.08806601783557608,0.0028859921338751774,1.1567170691748918,0.4184102571693034,0.6606315506390046,2250.375,33.279761904761905,34.0,32.9,54.81190476190477,62.7,0.0,FP2,0.0
799,FORMULA 1 GULF AIR BAHRAIN GRAND PRIX IN MALAYSIA 2026,2026,77,Cadillac,2561.161,25.71,33.698,40.778,SOFT,4.0,194.9332484633623,333.0,73.96560323586183,10719.083562203408,12234.0,842.6204888997581,63.9269531111968,4.657103825136612,-0.10323590455304188,0.009912906533877653,2.9667928007466124,0.49074756753931764,0.683582293073998,2250.375,33.279761904761905,34.0,32.9,54.81190476190477,62.7,0.0,FP2,0.0
800,FORMULA 1 GULF AIR BAHRAIN GRAND PRIX IN MALAYSIA 2026,2026,81,McLaren,2130.259,25.255,32.542,40.102,SOFT,2.0,199.60167344203708,323.0,73.9455800320111,11024.5131177392,12518.0,694.3344392107708,61.626824879596995,4.967168262653899,-0.42180076339567785,0.0013273905674463316,0.04154191679642813,0.4422010911111749,0.7246767039626147,2250.375,33.279761904761905,34.0,32.9,54.81190476190477,62.7,0.0,FP2,1.0
801,FORMULA 1 GULF AIR BAHRAIN GRAND PRIX IN MALAYSIA 2026,2026,87,Haas F1 Team,1887.473,25.65,33.351,40.705,SOFT,2.0,195.85651936478902,323.0,72.96488393890303,10542.981498189527,12253.0,1107.0664999324326,65.2892217642231,4.717362045760431,-0.4607499357480436,0.0013225828052541543,0.030675453380594925,0.563300345874825,0.6750394586081032,2250.375,33.279761904761905,34.0,32.9,54.81190476190477,62.7,0.0,FP2,0.0
802,FORMULA 1 GULF AIR BAHRAIN GRAND PRIX IN MALAYSIA 2026,2026,1,McLaren,1864.538,25.369,32.225,39.567,MEDIUM,2.0,204.47014817726517,312.0,73.40214690304524,10923.521380164178,12768.0,656.4798933135794,65.1850769809011,5.216551724137931,-0.2259920651039034,0.0015582931280457815,0.09503658733572017,0.10725793142625213,0.6783483918967069,4051.785,32.59382716049383,33.3,32.0,54.81111111111111,59.1,0.0,FP3,1.0
803,FORMULA 1 GULF AIR BAHRAIN GRAND PRIX IN MALAYSIA 2026,2026,3,Red Bull Racing,4061.891,25.034,31.853,39.693,SOFT,2.0,205.481722108236,319.0,74.01247696327205,10652.688586900036,12529.0,1043.6623165548954,63.189043268404355,5.045643153526971,-0.45331923806203944,0.0012088184395669598,0.027378039752226923,0.5946396207424824,0.7054154725839187,4051.785,32.59382716049383,33.3,32.0,54.81111111111111,59.1,0.0,FP3,1.0
804,FORMULA 1 GULF AIR BAHRAIN GRAND PRIX IN MALAYSIA 2026,2026,5,Audi,3959.098,25.529,32.614,40.061,SOFT,2.0,198.36685550720645,314.0,73.05304548134457,10740.072458334445,12311.0,660.5158565366457,66.8487469067481,4.680536912751678,-0.1348752066737382,0.0021374413280458387,0.5253492283746131,0.3694409635229689,0.6326017452787281,4051.785,32.59382716049383,33.3,32.0,54.81111111111111,59.1,0.0,FP3,0.0
805,FORMULA 1 GULF AIR BAHRAIN GRAND PRIX IN MALAYSIA 2026,2026,6,Red Bull Racing,4030.629,25.002,32.113,39.745,SOFT,2.0,204.54128511714413,320.0,75.62530791428364,10703.881520910216,12322.0,1029.395033412403,62.81591110894909,4.9523809523809526,-0.21477680600396848,0.0015139878044522904,0.185945504191657,0.5761744766325542,0.7184242094755048,4051.785,32.59382716049383,33.3,32.0,54.81111111111111,59.1,0.0,FP3,1.0
806,FORMULA 1 GULF AIR BAHRAIN GRAND PRIX IN MALAYSIA 2026,2026,10,Alpine,1404.322,25.162,32.948,40.131,SOFT,2.0,199.69666352136426,317.0,74.24598396429101,10697.888257402545,12774.0,787.0712177662459,64.70399107075048,4.629333333333333,-0.018107562169752334,0.004160367544641166,2.0343286510292593,0.356227617418132,0.6253261475597716,4051.785,32.59382716049383,33.3,32.0,54.81111111111111,59.1,0.0,FP3,0.0
807,FORMULA 1 GULF AIR BAHRAIN GRAND PRIX IN MALAYSIA 2026,2026,11,Cadillac,4105.942,25.869,33.612,40.742,SOFT,2.0,196.6861300962225,325.0,72.99624455994409,10741.237213476348,12385.0,1065.913732058013,64.60475368781786,4.605087014725569,-0.006698471681645784,0.011971353115627805,5.115172258854194,0.5494194556303639,0.6609282562893698,4051.785,32.59382716049383,33.3,32.0,54.81111111111111,59.1,0.0,FP3,0.0
808,FORMULA 1 GULF AIR BAHRAIN GRAND PRIX IN MALAYSIA 2026,2026,12,Mercedes,4051.785,24.979,31.661,39.662,SOFT,2.0,203.89752831966697,325.0,74.67107895961304,10842.82868475235,12401.0,755.7064042589286,65.94961088499458,4.597241379310345,-0.32955125397313767,0.0014293611408834716,0.09052899830071744,0.5063335730460102,0.7088386922977371,4051.785,32.59382716049383,33.3,32.0,54.81111111111111,59.1,0.0,FP3,1.0
809,FORMULA 1 GULF AIR BAHRAIN GRAND PRIX IN MALAYSIA 2026,2026,14,Aston Martin,3968.244,25.365,32.823,40.035,SOFT,2.0,202.38803157233912,312.0,71.60871296311129,10604.449714933418,12347.0,766.8668130115055,69.02977620824866,4.9400798934753665,0.020998357904955557,0.06285670611506235,46.245764468179,0.4879215572160728,0.6313203021454931,4051.785,32.59382716049383,33.3,32.0,54.81111111111111,59.1,0.0,FP3,1.0
810,FORMULA 1 GULF AIR BAHRAIN GRAND PRIX IN MALAYSIA 2026,2026,16,Ferrari,3976.359,25.093,32.121,39.802,SOFT,2.0,203.66446212665437,314.0,72.33808171062495,10680.095233988644,12568.0,751.7350341365583,70.40572642973406,4.854838709677419,-0.5038334637665215,0.0012968327558906944,0.021788417226172273,0.506699961232266,0.6728340560195941,4051.785,32.59382716049383,33.3,32.0,54.81111111111111,59.1,0.0,FP3,1.0
811,FORMULA 1 GULF AIR BAHRAIN GRAND PRIX IN MALAYSIA 2026,2026,18,Aston Martin,3778.331,25.488,32.892,40.431,SOFT,2.0,202.30360646114002,308.0,70.18895278390589,10347.529359929866,11875.0,1041.6586755678366,68.94081766644067,5.132332878581173,-0.21511690072777498,0.001535951324782143,0.1376179535153307,0.6255686351623102,0.6766517044625006,4051.785,32.59382716049383,33.3,32.0,54.81111111111111,59.1,0.0,FP3,0.0
812,FORMULA 1 GULF AIR BAHRAIN GRAND PRIX IN MALAYSIA 2026,2026,23,Williams,4004.344,25.346,33.216,40.487,SOFT,2.0,199.49113952539395,320.0,73.48060536090969,10606.652831382384,12298.0,843.6614574291316,64.40475159423913,4.670619235836627,-0.4408798713747744,0.0013475707630940033,0.029822082867729246,0.4074641226015713,0.6597125240016801,4051.785,32.59382716049383,33.3,32.0,54.81111111111111,59.1,0.0,FP3,0.0
813,FORMULA 1 GULF AIR BAHRAIN GRAND PRIX IN MALAYSIA 2026,2026,27,Audi,3928.852,25.42,32.716,40.22,SOFT,2.0,199.57000373870656,314.0,73.97445155835749,10689.5311391111,12704.0,696.5046394513864,68.3554270294702,4.759784075573549,-0.5023791690104944,0.0012940277182137356,0.027259280604974092,0.2713958537762922,0.6445456922146114,4051.785,32.59382716049383,33.3,32.0,54.81111111111111,59.1,0.0,FP3,0.0
814,FORMULA 1 GULF AIR BAHRAIN GRAND PRIX IN MALAYSIA 2026,2026,30,Racing Bulls,4447.114,25.64,32.742,39.884,SOFT,5.0,201.43959511942035,316.0,73.32661405897537,10619.90021355262,12587.0,1218.54700487468,65.82441070896078,4.940217391304348,-0.05219851775344874,0.0033911416673648724,0.9807915018104144,0.5770800235137272,0.6792686569527188,4051.785,32.59382716049383,33.3,32.0,54.81111111111111,59.1,0.0,FP3,1.0
815,FORMULA 1 GULF AIR BAHRAIN GRAND PRIX IN MALAYSIA 2026,2026,31,Haas F1 Team,3989.221,25.343,32.705,40.204,SOFT,2.0,201.7816553347902,321.0,72.38812681793235,10431.49201669556,11948.0,1192.3374888612411,66.6838602427789,4.891534391534392,-0.4749345263100692,0.0012588956349564992,0.03180995674173207,0.7248536591779053,0.6535835581431396,4051.785,32.59382716049383,33.3,32.0,54.81111111111111,59.1,0.0,FP3,0.0
816,FORMULA 1 GULF AIR BAHRAIN GRAND PRIX IN MALAYSIA 2026,2026,41,Racing Bulls,4017.161,25.303,32.764,40.017,SOFT,2.0,202.15147528430438,316.0,74.10560816334977,10518.044361161526,12870.0,1246.6238386970242,66.773091206991,5.021419009370817,-0.4272168021427076,0.0012265921163365824,0.03422264494034114,0.6149809928211305,0.6406672803454853,4051.785,32.59382716049383,33.3,32.0,54.81111111111111,59.1,0.0,FP3,1.0
817,FORMULA 1 GULF AIR BAHRAIN GRAND PRIX IN MALAYSIA 2026,2026,43,Alpine,2802.568,25.167,32.711,40.042,SOFT,2.0,199.8779755862964,321.0,74.19693113751869,10645.058305664359,12879.0,869.7860471760831,64.79343805952887,4.605226960110041,-0.33286450260313766,0.00141940141285415,0.08637348744293635,0.4421033777138012,0.6166092446169363,4051.785,32.59382716049383,33.3,32.0,54.81111111111111,59.1,0.0,FP3,0.0
818,FORMULA 1 GULF AIR BAHRAIN GRAND PRIX IN MALAYSIA 2026,2026,44,Ferrari,4089.174,25.142,32.034,39.865,SOFT,2.0,206.66550048734103,319.0,72.80276470816841,10755.71911669238,12320.0,813.3586922393129,68.60533870810977,4.9302649930264995,-0.06747983075340717,0.06385135764912726,24.594771513115194,0.3944261810586559,0.6494476386734835,4051.785,32.59382716049383,33.3,32.0,54.81111111111111,59.1,0.0,FP3,1.0
819,FORMULA 1 GULF AIR BAHRAIN GRAND PRIX IN MALAYSIA 2026,2026,55,Williams,4024.195,25.146,33.25,40.32,SOFT,2.0,200.26336140883657,320.0,73.39156164812874,10573.19823441059,12038.0,785.2005847723659,63.50885205282481,4.71313672922252,-0.371228902260295,0.0014775692479287955,0.05026562953703411,0.4396994762441448,0.647534661080751,4051.785,32.59382716049383,33.3,32.0,54.81111111111111,59.1,0.0,FP3,0.0
820,FORMULA 1 GULF AIR BAHRAIN GRAND PRIX IN MALAYSIA 2026,2026,63,Mercedes,4046.048,25.27,31.925,39.717,SOFT,2.0,204.4447905506301,319.0,73.70686910286003,10573.193393485437,12798.0,1015.9180293777531,64.72447482041142,4.809782608695652,-0.06746929931045091,18.832721944840095,10937.21092718938,0.5204736313872469,0.6559622535508999,4051.785,32.59382716049383,33.3,32.0,54.81111111111111,59.1,0.0,FP3,0.0
821,FORMULA 1 GULF AIR BAHRAIN GRAND PRIX IN MALAYSIA 2026,2026,77,Cadillac,1901.382,25.59,33.632,40.709,SOFT,2.0,198.18800206826566,333.0,72.63548955373125,10766.209243221741,12390.0,839.7408756756861,62.695006033023695,4.708994708994709,-0.2538979267271538,0.0014482975074615683,0.1174144394647299,0.38845583817722096,0.6637664913933139,4051.785,32.59382716049383,33.3,32.0,54.81111111111111,59.1,0.0,FP3,0.0
822,FORMULA 1 GULF AIR BAHRAIN GRAND PRIX IN MALAYSIA 2026,2026,81,McLaren,3655.654,25.266,32.333,39.767,SOFT,3.0,203.3213276475439,313.0,74.45840244253428,10844.704680344224,12433.0,625.028126815172,62.46610303496995,5.2645074224021595,-0.4078903563548078,0.0013482676292269754,0.042037714444844644,0.2734667762321131,0.7059732832151974,4051.785,32.59382716049383,33.3,32.0,54.81111111111111,59.1,0.0,FP3,1.0
823,FORMULA 1 GULF AIR BAHRAIN GRAND PRIX IN MALAYSIA 2026,2026,87,Haas F1 Team,3995.502,25.452,32.794,40.446,SOFT,2.0,200.33132228098793,316.0,71.66467682126563,10516.185510352283,12213.0,1109.3111578652044,65.54599579280409,4.892715231788079,-0.11472136463012973,0.0026285300877500173,0.4423397637264215,0.5723738656314584,0.6450728405580717,4051.785,32.59382716049383,33.3,32.0,54.81111111111111,59.1,0.0,FP3,0.0
